
-- INSERT TABLA PAIS

  INSERT INTO pais (idPais, nombre, nombreCorto) VALUES (1,'Honduras','HND');
  INSERT INTO pais (idPais, nombre, nombreCorto) VALUES (2,'Mexico','MEX');
  INSERT INTO pais (idPais, nombre, nombreCorto) VALUES (3,'Costa Rica','CRI');
  INSERT INTO pais(idpais, nombre, nombrecorto) VALUES (4, 'Estados Unidos de América','USA');
  INSERT INTO pais(idpais, nombre, nombrecorto) VALUES (5, 'España', 'ESP');
  INSERT INTO pais(idpais, nombre, nombrecorto) VALUES (6, 'El Salvador', 'SLV');
  INSERT INTO pais(idpais, nombre, nombrecorto) VALUES (7, 'Francia', 'FRA');
  INSERT INTO pais(idpais, nombre, nombrecorto) VALUES (8, 'Guatemala', 'GTM');
  INSERT INTO pais(idpais, nombre, nombrecorto) VALUES (9, 'Israel', 'ISR');
  INSERT INTO pais(idpais, nombre, nombrecorto) VALUES (10, 'Italia', 'ITA');
  INSERT INTO pais(idpais, nombre, nombrecorto) VALUES (11, 'Japón', 'JPN');
  INSERT INTO pais(idpais, nombre, nombrecorto) VALUES (12, 'Nicaragua', 'NIC');
  INSERT INTO pais(idpais, nombre, nombrecorto) VALUES (13, 'Panamá', 'PAN');
  INSERT INTO pais(idpais, nombre, nombrecorto) VALUES (14, 'Venezuela', 'VEN');
  INSERT INTO pais(idpais, nombre, nombrecorto) VALUES (15, 'Cuba', 'CUB');
  -- NUEVOS 
  INSERT INTO pais(idpais, nombre, nombrecorto) VALUES (16, 'Brasil', 'BRA');
  INSERT INTO pais(idpais, nombre, nombrecorto) VALUES (17, 'Belice', 'CUB');
  INSERT INTO pais(idpais, nombre, nombrecorto) VALUES (18, 'Bolivia', 'BOL');
  INSERT INTO pais(idpais, nombre, nombrecorto) VALUES (19, 'Suiza', 'SUI');
  INSERT INTO pais(idpais, nombre, nombrecorto) VALUES (20, 'Egipto', 'EGY');
  INSERT INTO pais(idpais, nombre, nombrecorto) VALUES (21, 'Turkey', 'TKY');
  INSERT INTO pais(idpais, nombre, nombrecorto) VALUES (22, 'Cook Islands', 'COI');
  INSERT INTO pais(idpais, nombre, nombrecorto) VALUES (23, 'Mozambique', 'MOZ');
  INSERT INTO pais(idpais, nombre, nombrecorto) VALUES (24, 'Libya', 'LIB');
  INSERT INTO pais(idpais, nombre, nombrecorto) VALUES (25, 'Mongolia', 'MGL');
  INSERT INTO pais(idpais, nombre, nombrecorto) VALUES (26, 'Chile', 'CHI');
  INSERT INTO pais(idpais, nombre, nombrecorto) VALUES (27, 'Seychelles', 'SEY');
  INSERT INTO pais(idpais, nombre, nombrecorto) VALUES (28, 'Gambia', 'GAM');
  INSERT INTO pais(idpais, nombre, nombrecorto) VALUES (29, 'United Kingdom', 'UKI');
  INSERT INTO pais(idpais, nombre, nombrecorto) VALUES (30, 'Kenya', 'KEN');
  INSERT INTO pais(idpais, nombre, nombrecorto) VALUES (31, 'Madagascar', 'MAD');
  INSERT INTO pais(idpais, nombre, nombrecorto) VALUES (32, 'South Africa', 'SOA');
  INSERT INTO pais(idpais, nombre, nombrecorto) VALUES (33, 'British Indian', 'BIN');
  INSERT INTO pais(idpais, nombre, nombrecorto) VALUES (34, 'Algeria', 'ALG');
  INSERT INTO pais(idpais, nombre, nombrecorto) VALUES (35, 'Congo', 'CON');
  INSERT INTO pais(idpais, nombre, nombrecorto) VALUES (36, 'Mayotte', 'MAY');
  INSERT INTO pais(idpais, nombre, nombrecorto) VALUES (37, 'Fiji', 'FIJ');
  INSERT INTO pais(idpais, nombre, nombrecorto) VALUES (38, 'Anguilla', 'ANG');
  INSERT INTO pais(idpais, nombre, nombrecorto) VALUES (39, 'Benin', 'BEN');
  INSERT INTO pais(idpais, nombre, nombrecorto) VALUES (40, 'Brunei', 'BRU');
  INSERT INTO pais(idpais, nombre, nombrecorto) VALUES (41, 'Monaco', 'MON');
  INSERT INTO pais(idpais, nombre, nombrecorto) VALUES (42, 'Tanzania', 'TAN');
  INSERT INTO pais(idpais, nombre, nombrecorto) VALUES (43, 'Macau', 'MAC');
  INSERT INTO pais(idpais, nombre, nombrecorto) VALUES (44, 'South Georgia', 'SOG');
  INSERT INTO pais(idpais, nombre, nombrecorto) VALUES (45, 'Cape Verde', 'CVE');
  INSERT INTO pais(idpais, nombre, nombrecorto) VALUES (46, 'Saint Barthelemy', 'SBA');
  INSERT INTO pais(idpais, nombre, nombrecorto) VALUES (47, 'Gibraltar', 'GIB');
  INSERT INTO pais(idpais, nombre, nombrecorto) VALUES (48, 'Faroe Islands', 'ISF');
  INSERT INTO pais(idpais, nombre, nombrecorto) VALUES (49, 'Western Sahara', 'SAH');
  INSERT INTO pais(idpais, nombre, nombrecorto) VALUES (50, 'Luxembourg', 'LUX');
  

  



  -- INSERT TABLA PERSONA

insert into persona (idPersona, pNombre, sNombre, pApellido, sApellido, correoElectronico, direccion, numeroIdentidad, Pais_idPais) values (1, 'Son', 'Kakaroto', 'Goku', 'Saiyajin', 'lkleingrub0@irs.gov', '998 Canary Park', '4648972988', 1);
insert into persona (idPersona, pNombre, sNombre, pApellido, sApellido, correoElectronico, direccion, numeroIdentidad, Pais_idPais) values (2, 'Bili', 'Ethelin', 'Josovich', 'Olyet', 'eolyet1@wordpress.org', '59 Moose Center', '7375404658', 2);
insert into persona (idPersona, pNombre, sNombre, pApellido, sApellido, correoElectronico, direccion, numeroIdentidad, Pais_idPais) values (3, 'Elyn', 'Ode', 'Cherry Holme', 'Wasling', 'owasling2@washington.edu', '696 Texas Parkway', '0429119232', 3);
insert into persona (idPersona, pNombre, sNombre, pApellido, sApellido, correoElectronico, direccion, numeroIdentidad, Pais_idPais) values (4, 'Alice', 'Carson', 'Windeatt', 'Durrant', 'cdurrant3@privacy.gov.au', '65 Bunker Hill Lane', '4875559895', 4);
insert into persona (idPersona, pNombre, sNombre, pApellido, sApellido, correoElectronico, direccion, numeroIdentidad, Pais_idPais) values (5, 'Ruthanne', 'Raimundo', 'Letford', 'Gaitley', 'rgaitley4@angelfire.com', '4308 Hazelcrest Hill', '1217104232', 5);
insert into persona (idPersona, pNombre, sNombre, pApellido, sApellido, correoElectronico, direccion, numeroIdentidad, Pais_idPais) values (6, 'Giuditta', 'Rickert', 'O''Corrin', 'Pepineaux', 'rpepineaux5@about.com', '271 Nova Terrace', '7930962482', 6);
insert into persona (idPersona, pNombre, sNombre, pApellido, sApellido, correoElectronico, direccion, numeroIdentidad, Pais_idPais) values (7, 'Dennie', 'Ad', 'Feighry', 'Sivil', 'asivil6@canalblog.com', '4428 Scott Way', '4391325969', 7);
insert into persona (idPersona, pNombre, sNombre, pApellido, sApellido, correoElectronico, direccion, numeroIdentidad, Pais_idPais) values (8, 'Kim', 'Tiffani', 'Jost', 'Bowry', 'tbowry7@bing.com', '56 Judy Terrace', '4229129904', 8);
insert into persona (idPersona, pNombre, sNombre, pApellido, sApellido, correoElectronico, direccion, numeroIdentidad, Pais_idPais) values (9, 'Yevette', 'Philippe', 'Roft', 'Villiers', 'pvilliers8@quantcast.com', '3687 Almo Circle', '8364007815', 9);
insert into persona (idPersona, pNombre, sNombre, pApellido, sApellido, correoElectronico, direccion, numeroIdentidad, Pais_idPais) values (10, 'Margaux', 'Bel', 'Gittins', 'Guitton', 'bguitton9@who.int', '60082 Bartelt Point', '2730624058', 10);
insert into persona (idPersona, pNombre, sNombre, pApellido, sApellido, correoElectronico, direccion, numeroIdentidad, Pais_idPais) values (11, 'Ellswerth', 'Marcy', 'Dowty', 'Arends', 'marendsa@hhs.gov', '0 Annamark Circle', '5486899629', 11);
insert into persona (idPersona, pNombre, sNombre, pApellido, sApellido, correoElectronico, direccion, numeroIdentidad, Pais_idPais) values (12, 'Gusta', 'Lesya', 'Giacomuzzo', 'Bunney', 'lbunneyb@wordpress.org', '52 Schlimgen Street', '9351794660', 12);
insert into persona (idPersona, pNombre, sNombre, pApellido, sApellido, correoElectronico, direccion, numeroIdentidad, Pais_idPais) values (13, 'Alwyn', 'Molly', 'Flecknoe', 'Gerb', 'mgerbc@cdc.gov', '33 Buena Vista Circle', '0417313691', 13);
insert into persona (idPersona, pNombre, sNombre, pApellido, sApellido, correoElectronico, direccion, numeroIdentidad, Pais_idPais) values (14, 'Pier', 'Ermengarde', 'Screen', 'Buey', 'ebueyd@google.com.hk', '56 Burning Wood Hill', '3286723258', 14);
insert into persona (idPersona, pNombre, sNombre, pApellido, sApellido, correoElectronico, direccion, numeroIdentidad, Pais_idPais) values (15, 'Obediah', 'Decca', 'Abramovitch', 'Mouat', 'dmouate@amazonaws.com', '6 Fallview Parkway', '7224722979', 15);
insert into persona (idPersona, pNombre, sNombre, pApellido, sApellido, correoElectronico, direccion, numeroIdentidad, Pais_idPais) values (16, 'Christopher', 'Daniel', 'Portillo', 'Reyes', 'christhoper98_4@hotmail.com', 'Talanga F.M.', '0803199800264', 1);
insert into persona (idPersona, pNombre, sNombre, pApellido, sApellido, correoElectronico, direccion, numeroIdentidad, Pais_idPais) values (17, 'Hesler', 'Fernando', 'Gámez', 'Perez', 'hesler@email.com', 'Tegucigalpa', '0801-1999-17771', 1);
insert into persona (idPersona, pNombre, sNombre, pApellido, sApellido, correoElectronico, direccion, numeroIdentidad, Pais_idPais) values (18, 'Oriana', 'Georas', 'Gedney', 'Gosland', 'ggoslandh@github.io', '9075 Novick Court', '2154126146', 3);
insert into persona (idPersona, pNombre, sNombre, pApellido, sApellido, correoElectronico, direccion, numeroIdentidad, Pais_idPais) values (19, 'Anna-diana', 'Timofei', 'Barron', 'Reichelt', 'treichelti@geocities.com', '842 Comanche Alley', '7648554534', 4);
insert into persona (idPersona, pNombre, sNombre, pApellido, sApellido, correoElectronico, direccion, numeroIdentidad, Pais_idPais) values (20, 'Mikey', 'Megan', 'Harwick', 'Mix', 'mmixj@360.cn', '9249 Park Meadow Street', '3455706673', 5);
insert into persona (idPersona, pNombre, sNombre, pApellido, sApellido, correoElectronico, direccion, numeroIdentidad, Pais_idPais) values (21, 'Irwin', 'Bette-ann', 'Philippe', 'Sich', 'bsichk@google.co.jp', '71 Jenna Parkway', '6959320569', 6);
insert into persona (idPersona, pNombre, sNombre, pApellido, sApellido, correoElectronico, direccion, numeroIdentidad, Pais_idPais) values (22, 'Stefano', 'Livia', 'Delion', 'Seton', 'lsetonl@purevolume.com', '0740 Lawn Court', '7335998247', 7);
insert into persona (idPersona, pNombre, sNombre, pApellido, sApellido, correoElectronico, direccion, numeroIdentidad, Pais_idPais) values (23, 'Aland', 'Mellisa', 'Spanton', 'Blinder', 'mblinderm@jigsy.com', '4 Shoshone Parkway', '7819265140', 8);
insert into persona (idPersona, pNombre, sNombre, pApellido, sApellido, correoElectronico, direccion, numeroIdentidad, Pais_idPais) values (24, 'Krishna', 'Constantina', 'Bednall', 'Izhak', 'cizhakn@ocn.ne.jp', '9648 Comanche Drive', '6715554501', 9);
insert into persona (idPersona, pNombre, sNombre, pApellido, sApellido, correoElectronico, direccion, numeroIdentidad, Pais_idPais) values (25, 'Vasilis', 'Hildagard', 'Livick', 'Toler', 'htolero@newsvine.com', '5 Northridge Trail', '4628013837', 10);
insert into persona (idPersona, pNombre, sNombre, pApellido, sApellido, correoElectronico, direccion, numeroIdentidad, Pais_idPais) values (26, 'Madelena', 'Lebbie', 'Neillans', 'Winsley', 'lwinsleyp@usnews.com', '1501 Claremont Pass', '9180152090', 11);
insert into persona (idPersona, pNombre, sNombre, pApellido, sApellido, correoElectronico, direccion, numeroIdentidad, Pais_idPais) values (27, 'Joete', 'Gustie', 'Epdell', 'Waeland', 'gwaelandq@squidoo.com', '5101 Oak Circle', '1364552590', 12);
insert into persona (idPersona, pNombre, sNombre, pApellido, sApellido, correoElectronico, direccion, numeroIdentidad, Pais_idPais) values (28, 'Petronille', 'Sloan', 'Traske', 'Khristyukhin', 'skhristyukhinr@youtube.com', '1 Mosinee Lane', '8254583889', 13);
insert into persona (idPersona, pNombre, sNombre, pApellido, sApellido, correoElectronico, direccion, numeroIdentidad, Pais_idPais) values (29, 'Kristien', 'Morgan', 'Rashleigh', 'Renish', 'mrenishs@skyrock.com', '16480 Coleman Lane', '8503229870', 14);
insert into persona (idPersona, pNombre, sNombre, pApellido, sApellido, correoElectronico, direccion, numeroIdentidad, Pais_idPais) values (30, 'Pamela', 'Cecilio', 'Victoria', 'Lorrimer', 'clorrimert@nih.gov', '2639 Mariners Cove Street', '4314327758', 15);
--NUEVOS
insert into persona (idPersona, pNombre, sNombre, pApellido, sApellido, correoElectronico, direccion, numeroIdentidad, Pais_idPais) values (31, 'Melani', 'Monika', 'Tomasa', 'Warner', 'davon93@conroy.com', '2639 Mariners Cove Street', '4388921418', 43);
insert into persona (idPersona, pNombre, sNombre, pApellido, sApellido, correoElectronico, direccion, numeroIdentidad, Pais_idPais) values (32, 'Tiffani', 'Donny', 'Mauro', 'Heidi', 'fbauch@hotmail.com', '2639 Mariners Cove Street', '4935873564', 23);
insert into persona (idPersona, pNombre, sNombre, pApellido, sApellido, correoElectronico, direccion, numeroIdentidad, Pais_idPais) values (33, 'Tamica', 'Colene', 'Cicely', 'Alysha', 'darwin.reinger@gmail.com', '2639 Mariners Cove Street', '4606115549', 34);
insert into persona (idPersona, pNombre, sNombre, pApellido, sApellido, correoElectronico, direccion, numeroIdentidad, Pais_idPais) values (34, 'Iliana', 'Deeanna', 'Robby', 'Jonie', 'mollie36@hotmail.com', '2639 Mariners Cove Street', '3002724172', 31);
insert into persona (idPersona, pNombre, sNombre, pApellido, sApellido, correoElectronico, direccion, numeroIdentidad, Pais_idPais) values (35, 'Nieves', 'Nichole', 'Ann', 'Renae', 'sharvey@gmail.com', '2639 Mariners Cove Street', '2923899891', 18);
insert into persona (idPersona, pNombre, sNombre, pApellido, sApellido, correoElectronico, direccion, numeroIdentidad, Pais_idPais) values (36, 'Barb', 'Kristopher', 'Lionel', 'Verlie', 'tania.considine@dach.net', '2639 Mariners Cove Street', '3166748500', 28);
insert into persona (idPersona, pNombre, sNombre, pApellido, sApellido, correoElectronico, direccion, numeroIdentidad, Pais_idPais) values (37, 'Zachariah', 'Kevin', 'Mariko', 'Devora', 'pbarton@yahoo.com', '2639 Mariners Cove Street', '9122417211', 41);
insert into persona (idPersona, pNombre, sNombre, pApellido, sApellido, correoElectronico, direccion, numeroIdentidad, Pais_idPais) values (38, 'Andree', 'Devon', 'Marin', 'Elois', 'tmitchell@ortiz.com', '2639 Mariners Cove Street', '9858547294', 42);
insert into persona (idPersona, pNombre, sNombre, pApellido, sApellido, correoElectronico, direccion, numeroIdentidad, Pais_idPais) values (39, 'Kip', 'Effie', 'Mi', 'Gilma', 'lottie.rempel@schultz.info', '2639 Mariners Cove Street', '5568996931', 43);
insert into persona (idPersona, pNombre, sNombre, pApellido, sApellido, correoElectronico, direccion, numeroIdentidad, Pais_idPais) values (40, 'Nicholas', 'Julie', 'Corrie', 'Klara', 'colton41@yahoo.com', '2639 Mariners Cove Street', '2432422263', 31);
insert into persona (idPersona, pNombre, sNombre, pApellido, sApellido, correoElectronico, direccion, numeroIdentidad, Pais_idPais) values (41, 'Tana', 'Dillon', 'Eveline', 'Elvin', 'schowalter.marian@hotmail.com', '2639 Mariners Cove Street', '7457512525', 32);
insert into persona (idPersona, pNombre, sNombre, pApellido, sApellido, correoElectronico, direccion, numeroIdentidad, Pais_idPais) values (42, 'Moira', 'Paola', 'Chandra', 'Tatum', 'bjakubowski@mante.com', '2639 Mariners Cove Street', '5564865955', 33);
insert into persona (idPersona, pNombre, sNombre, pApellido, sApellido, correoElectronico, direccion, numeroIdentidad, Pais_idPais) values (43, 'Armandina', 'Arlinda', 'Dusty', 'Cathie', 'streich.kiel@rohan.com', '2639 Mariners Cove Street', '9436397811', 34);
insert into persona (idPersona, pNombre, sNombre, pApellido, sApellido, correoElectronico, direccion, numeroIdentidad, Pais_idPais) values (44, 'Charita', 'Letty', 'Raina', 'Francine', 'karianne.roberts@lesch.info', '2639 Mariners Cove Street', '3269870165', 35);
insert into persona (idPersona, pNombre, sNombre, pApellido, sApellido, correoElectronico, direccion, numeroIdentidad, Pais_idPais) values (45, 'Derek', 'Evelin', 'Travis', 'Thomasine', 'mcclure.aylin@corwin.org', '2639 Mariners Cove Street', '9914853205', 36);
insert into persona (idPersona, pNombre, sNombre, pApellido, sApellido, correoElectronico, direccion, numeroIdentidad, Pais_idPais) values (46, 'Keenan', 'Mi', 'Freddie', 'Rolanda', 'marina.mcclure@gmail.com', '2639 Mariners Cove Street', '4769266635', 22);
insert into persona (idPersona, pNombre, sNombre, pApellido, sApellido, correoElectronico, direccion, numeroIdentidad, Pais_idPais) values (47, 'Joette', 'Lowell', 'Dino', 'Shane', 'bell.legros@reichel.net', '2639 Mariners Cove Street', '4078752370', 23);
insert into persona (idPersona, pNombre, sNombre, pApellido, sApellido, correoElectronico, direccion, numeroIdentidad, Pais_idPais) values (48, 'Leonard', 'Sherley', 'Shawn', 'Danial', 'htorp@gmail.com', '2639 Mariners Cove Street', '5103776943', 24);
insert into persona (idPersona, pNombre, sNombre, pApellido, sApellido, correoElectronico, direccion, numeroIdentidad, Pais_idPais) values (49, 'Providencia', 'Alina', 'Phung', 'Joeann', 'kulas.mortimer@runolfsdottir.com', '2639 Mariners Cove Street', '9197283730', 25);
insert into persona (idPersona, pNombre, sNombre, pApellido, sApellido, correoElectronico, direccion, numeroIdentidad, Pais_idPais) values (50, 'Blythe', 'Rosaria', 'Angelika', 'Eliz', 'borer.britney@reichert.com', '2639 Mariners Cove Street', '8176133170', 26);
insert into persona (idPersona, pNombre, sNombre, pApellido, sApellido, correoElectronico, direccion, numeroIdentidad, Pais_idPais) values (51, 'Ariane', 'Maureen', 'Maurice', 'Sharell', 'lfranecki@prosacco.com', '2639 Mariners Cove Street', '9292790448', 27);
insert into persona (idPersona, pNombre, sNombre, pApellido, sApellido, correoElectronico, direccion, numeroIdentidad, Pais_idPais) values (52, 'Herminia', 'Brenton', 'Noreen', 'Melissia', 'emerald.crooks@gmail.com', '2639 Mariners Cove Street', '5393103749', 28);
insert into persona (idPersona, pNombre, sNombre, pApellido, sApellido, correoElectronico, direccion, numeroIdentidad, Pais_idPais) values (53, 'Antionette', 'Clair', 'Bailey', 'Francina', 'rogelio65@hotmail.com', '2639 Mariners Cove Street', '5894712923', 11);
insert into persona (idPersona, pNombre, sNombre, pApellido, sApellido, correoElectronico, direccion, numeroIdentidad, Pais_idPais) values (54, 'Mirella', 'Deana', 'Lissa', 'Dominic', 'randy42@renner.com', '2639 Mariners Cove Street', '7796105333', 12);
insert into persona (idPersona, pNombre, sNombre, pApellido, sApellido, correoElectronico, direccion, numeroIdentidad, Pais_idPais) values (55, 'Loise', 'Gavin', 'Tabitha', 'Dominick', 'kris.ressie@quigley.com', '2639 Mariners Cove Street', '2292735467', 13);
insert into persona (idPersona, pNombre, sNombre, pApellido, sApellido, correoElectronico, direccion, numeroIdentidad, Pais_idPais) values (56, 'Angelo', 'Nicky', 'Mittie', 'Leigh', 'liliana59@yahoo.com', '2639 Mariners Cove Street', '2697704830', 24);
insert into persona (idPersona, pNombre, sNombre, pApellido, sApellido, correoElectronico, direccion, numeroIdentidad, Pais_idPais) values (57, 'Maryalice', 'Noble', 'Almeda', 'Felicitas', 'beahan.charlene@yahoo.com', '2639 Mariners Cove Street', '7095666225', 26);
insert into persona (idPersona, pNombre, sNombre, pApellido, sApellido, correoElectronico, direccion, numeroIdentidad, Pais_idPais) values (58, 'Gaye', 'Micha', 'Samella', 'Trista', 'anderson.eli@abbott.net', '2639 Mariners Cove Street', '2798346900', 29);
insert into persona (idPersona, pNombre, sNombre, pApellido, sApellido, correoElectronico, direccion, numeroIdentidad, Pais_idPais) values (59, 'August', 'Tia', 'Barbra', 'Willetta', 'bruce26@larson.net', '2639 Mariners Cove Street', '3196302905', 31);
insert into persona (idPersona, pNombre, sNombre, pApellido, sApellido, correoElectronico, direccion, numeroIdentidad, Pais_idPais) values (60, 'Breann', 'Joellen', 'Ayesha', 'Jadwiga', 'kayleigh10@bogan.biz', '2639 Mariners Cove Street', '9292505917', 32);
insert into persona (idPersona, pNombre, sNombre, pApellido, sApellido, correoElectronico, direccion, numeroIdentidad, Pais_idPais) values (61, 'Linda', 'Marcene', 'Elane', 'Evelia', 'eugene.block@gmail.com', '2639 Mariners Cove Street', '4793636544', 34);
insert into persona (idPersona, pNombre, sNombre, pApellido, sApellido, correoElectronico, direccion, numeroIdentidad, Pais_idPais) values (62, 'Alethia', 'Bryanna', 'Mason', 'Renee', 'ricardo44@leffler.org', '2639 Mariners Cove Street', '7894491206', 45);
insert into persona (idPersona, pNombre, sNombre, pApellido, sApellido, correoElectronico, direccion, numeroIdentidad, Pais_idPais) values (63, 'Jess', 'Krista', 'Socorro', 'Elinor', 'freddy.jenkins@toy.com', '2639 Mariners Cove Street', '7796740329', 29);
insert into persona (idPersona, pNombre, sNombre, pApellido, sApellido, correoElectronico, direccion, numeroIdentidad, Pais_idPais) values (64, 'Sebastian', 'Sanda', 'Jamee', 'Dulcie', 'leonie.smitham@jakubowski.org', '2639 Mariners Cove Street', '5393024919', 50);
insert into persona (idPersona, pNombre, sNombre, pApellido, sApellido, correoElectronico, direccion, numeroIdentidad, Pais_idPais) values (65, 'Lydia', 'Latarsha', 'Kasha', 'Brynn', 'caroline.fritsch@goldner.info', '2639 Mariners Cove Street', '9494694116', 45);
insert into persona (idPersona, pNombre, sNombre, pApellido, sApellido, correoElectronico, direccion, numeroIdentidad, Pais_idPais) values (66, 'Leeanne', 'Christeen', 'Daina', 'Robbie', 'mgottlieb@steuber.com', '2639 Mariners Cove Street', '2295987602', 44);
insert into persona (idPersona, pNombre, sNombre, pApellido, sApellido, correoElectronico, direccion, numeroIdentidad, Pais_idPais) values (67, 'Randa', 'Nelly', 'Orval', 'Eugenie', 'krystina38@blanda.biz', '2639 Mariners Cove Street', '7193824409', 43);
insert into persona (idPersona, pNombre, sNombre, pApellido, sApellido, correoElectronico, direccion, numeroIdentidad, Pais_idPais) values (68, 'Keturah', 'Jimmie', 'Felisha', 'Kirk', 'plebsack@bins.net', '2639 Mariners Cove Street', '7095542044', 42);
insert into persona (idPersona, pNombre, sNombre, pApellido, sApellido, correoElectronico, direccion, numeroIdentidad, Pais_idPais) values (69, 'Agripina', 'Kattie', 'Penney', 'Elva', 'qkunze@medhurst.com', '2639 Mariners Cove Street', '9894916822', 21);
insert into persona (idPersona, pNombre, sNombre, pApellido, sApellido, correoElectronico, direccion, numeroIdentidad, Pais_idPais) values (70, 'Melia', 'Thaddeus', 'Lecia', 'Rosalva', 'deion75@schulist.net', '2639 Mariners Cove Street', '6394993049', 2);
insert into persona (idPersona, pNombre, sNombre, pApellido, sApellido, correoElectronico, direccion, numeroIdentidad, Pais_idPais) values (71, 'Setsuko', 'Stepanie', 'Mignon', 'Ludivina', 'stokes.josiane@dicki.com', '2639 Mariners Cove Street', '8192923729', 5);
insert into persona (idPersona, pNombre, sNombre, pApellido, sApellido, correoElectronico, direccion, numeroIdentidad, Pais_idPais) values (72, 'Willodean', 'Elisa', 'Salena', 'Scarlet', 'gaylord.elfrieda@yahoo.com', '2639 Mariners Cove Street', '8699492011', 26);
insert into persona (idPersona, pNombre, sNombre, pApellido, sApellido, correoElectronico, direccion, numeroIdentidad, Pais_idPais) values (73, 'Preston', 'Alida', 'Carter', 'Sunny', 'myah.hettinger@hotmail.com', '2639 Mariners Cove Street', '5293861237', 21);
insert into persona (idPersona, pNombre, sNombre, pApellido, sApellido, correoElectronico, direccion, numeroIdentidad, Pais_idPais) values (74, 'Lonny', 'Andreas', 'Sid', 'Latina', 'xschowalter@hotmail.com', '2639 Mariners Cove Street', '8299051166', 34);
insert into persona (idPersona, pNombre, sNombre, pApellido, sApellido, correoElectronico, direccion, numeroIdentidad, Pais_idPais) values (75, 'Floretta', 'Myrl', 'Brigette', 'Chanda', 'gpredovic@witting.com', '2639 Mariners Cove Street', '2295280536', 16);
insert into persona (idPersona, pNombre, sNombre, pApellido, sApellido, correoElectronico, direccion, numeroIdentidad, Pais_idPais) values (76, 'Emogene', 'Alonso', 'Adela', 'Karol', 'geovanny.schneider@nienow.com', '2639 Mariners Cove Street', '2796275726', 24);
insert into persona (idPersona, pNombre, sNombre, pApellido, sApellido, correoElectronico, direccion, numeroIdentidad, Pais_idPais) values (77, 'Liz', 'Thersa', 'Maragaret', 'Lianne', 'quinten49@donnelly.com', '2639 Mariners Cove Street', '2192744655', 22);
insert into persona (idPersona, pNombre, sNombre, pApellido, sApellido, correoElectronico, direccion, numeroIdentidad, Pais_idPais) values (78, 'Roberto', 'Cleo', 'Diedre', 'Gigi', 'lrippin@kozey.com', '2639 Mariners Cove Street', '6196144134', 26);
insert into persona (idPersona, pNombre, sNombre, pApellido, sApellido, correoElectronico, direccion, numeroIdentidad, Pais_idPais) values (79, 'Chelsie', 'Doyle', 'Kera', 'Penney', 'keaton.cassin@hotmail.com', '2639 Mariners Cove Street', '3799615463', 27);
insert into persona (idPersona, pNombre, sNombre, pApellido, sApellido, correoElectronico, direccion, numeroIdentidad, Pais_idPais) values (80, 'Izola', 'Clarinda', 'Lincoln', 'Latashia', 'arlo.gleichner@cummings.com', '2639 Mariners Cove Street', '8796548166', 29);
insert into persona (idPersona, pNombre, sNombre, pApellido, sApellido, correoElectronico, direccion, numeroIdentidad, Pais_idPais) values (81, 'Camila', 'Joanie', 'Ilse', 'Susan', 'luna23@oberbrunner.info', '2639 Mariners Cove Street', '2692734857', 21);
insert into persona (idPersona, pNombre, sNombre, pApellido, sApellido, correoElectronico, direccion, numeroIdentidad, Pais_idPais) values (82, 'Elisabet', 'Porsha', 'Kesha', 'Christeen', 'ppfeffer@gmail.com', '2639 Mariners Cove Street', '8398618576', 22);
insert into persona (idPersona, pNombre, sNombre, pApellido, sApellido, correoElectronico, direccion, numeroIdentidad, Pais_idPais) values (83, 'Nena', 'Shela', 'Tanisha', 'Josefa', 'river.pfannerstill@beatty.com', '2639 Mariners Cove Street', '4692859610', 12);
insert into persona (idPersona, pNombre, sNombre, pApellido, sApellido, correoElectronico, direccion, numeroIdentidad, Pais_idPais) values (84, 'Lucy', 'Kylie', 'Jeanene', 'Tanna', 'konopelski.nichole@macejkovic.com', '2639 Mariners Cove Street', '4395350387', 13);
insert into persona (idPersona, pNombre, sNombre, pApellido, sApellido, correoElectronico, direccion, numeroIdentidad, Pais_idPais) values (85, 'Danuta', 'Shanae', 'Noella', 'Kaye', 'ksmitham@daugherty.com', '2639 Mariners Cove Street', '7496566109', 50);
insert into persona (idPersona, pNombre, sNombre, pApellido, sApellido, correoElectronico, direccion, numeroIdentidad, Pais_idPais) values (86, 'Nicholas', 'Joie', 'Kori', 'Deb', 'halvorson.whitney@yahoo.com', '2639 Mariners Cove Street', '4492713188', 35);
insert into persona (idPersona, pNombre, sNombre, pApellido, sApellido, correoElectronico, direccion, numeroIdentidad, Pais_idPais) values (87, 'Carolyne', 'Chasidy', 'Eva', 'Evita', 'qdietrich@yahoo.com', '2639 Mariners Cove Street', '9296185519',36);
insert into persona (idPersona, pNombre, sNombre, pApellido, sApellido, correoElectronico, direccion, numeroIdentidad, Pais_idPais) values (88, 'Tina', 'Delmer', 'Kristina', 'Shanae', 'raina.murray@frami.com', '2639 Mariners Cove Street', '8998948857', 23);
insert into persona (idPersona, pNombre, sNombre, pApellido, sApellido, correoElectronico, direccion, numeroIdentidad, Pais_idPais) values (89, 'Eliana', 'Launa', 'Ebony', 'Erik', 'brown.dwight@hammes.com', '2639 Mariners Cove Street', '2396347849', 21);
insert into persona (idPersona, pNombre, sNombre, pApellido, sApellido, correoElectronico, direccion, numeroIdentidad, Pais_idPais) values (90, 'Jamee', 'Demetrice', 'Samuel', 'Mignon', 'fbailey@hotmail.com', '2639 Mariners Cove Street', '5795868977', 23);
insert into persona (idPersona, pNombre, sNombre, pApellido, sApellido, correoElectronico, direccion, numeroIdentidad, Pais_idPais) values (91, 'Duane', 'Taunya', 'Jamika', 'Francesca', 'schuyler59@will.info', '2639 Mariners Cove Street', '4398192653', 23);
insert into persona (idPersona, pNombre, sNombre, pApellido, sApellido, correoElectronico, direccion, numeroIdentidad, Pais_idPais) values (92, 'Kera', 'Daria', 'Garry', 'Federico', 'nitzsche.delilah@lynch.com', '2639 Mariners Cove Street', '9295582771', 6);
insert into persona (idPersona, pNombre, sNombre, pApellido, sApellido, correoElectronico, direccion, numeroIdentidad, Pais_idPais) values (93, 'Hilde', 'Larissa', 'Shenna', 'Miyoko', 'clarissa60@anderson.com', '2639 Mariners Cove Street', '9393404375', 39);
insert into persona (idPersona, pNombre, sNombre, pApellido, sApellido, correoElectronico, direccion, numeroIdentidad, Pais_idPais) values (94, 'Tatiana', 'Janeen', 'Kerry', 'Micah', 'ostreich@kuhic.com', '2639 Mariners Cove Street', '5398967932', 38);
insert into persona (idPersona, pNombre, sNombre, pApellido, sApellido, correoElectronico, direccion, numeroIdentidad, Pais_idPais) values (95, 'Chantel', 'Kathie', 'Latrisha', 'Mitchel', 'waylon53@yahoo.com', '2639 Mariners Cove Street', '4299871767', 26);
insert into persona (idPersona, pNombre, sNombre, pApellido, sApellido, correoElectronico, direccion, numeroIdentidad, Pais_idPais) values (96, 'Claire', 'Joslyn', 'Reena', 'Vera', 'garett93@hotmail.com', '2639 Mariners Cove Street', '8394329487', 20);
insert into persona (idPersona, pNombre, sNombre, pApellido, sApellido, correoElectronico, direccion, numeroIdentidad, Pais_idPais) values (97, 'Jackelyn', 'Catarina', 'Shantell', 'Jacinto', 'jerald61@gmail.com', '2639 Mariners Cove Street', '5992180346', 30);
insert into persona (idPersona, pNombre, sNombre, pApellido, sApellido, correoElectronico, direccion, numeroIdentidad, Pais_idPais) values (98, 'Somer', 'Evelina', 'Valentine', 'Eartha', 'skemmer@wunsch.net', '2639 Mariners Cove Street', '7598400382', 40);
insert into persona (idPersona, pNombre, sNombre, pApellido, sApellido, correoElectronico, direccion, numeroIdentidad, Pais_idPais) values (99, 'Benton', 'Bess', 'Trista', 'Kirby', 'margaret15@yahoo.com', '2639 Mariners Cove Street', '4593379505', 41);
insert into persona (idPersona, pNombre, sNombre, pApellido, sApellido, correoElectronico, direccion, numeroIdentidad, Pais_idPais) values (100, 'Amber', 'Renna', 'Magali', 'Joette', 'katlyn.zulauf@gmail.com', '2639 Mariners Cove Street', '9292009920', 26);




  -- INSERT TABLA PASAJERO

INSERT INTO pasajero(idpasajero, fecharegistro, persona_idpersona) VALUES (1,'2019-03-05', 16);
INSERT INTO pasajero(idpasajero, fecharegistro, persona_idpersona) VALUES (2,'2019-03-05', 17);
INSERT INTO pasajero(idpasajero, fecharegistro, persona_idpersona) VALUES (3,'2018-05-05', 18);
INSERT INTO pasajero(idpasajero, fecharegistro, persona_idpersona) VALUES (4,'2017-02-03', 19);
INSERT INTO pasajero(idpasajero, fecharegistro, persona_idpersona) VALUES (5,'2019-03-04', 20);
INSERT INTO pasajero(idpasajero, fecharegistro, persona_idpersona) VALUES (6,'2019-03-05', 21);
INSERT INTO pasajero(idpasajero, fecharegistro, persona_idpersona) VALUES (7,'2018-05-05', 22);
INSERT INTO pasajero(idpasajero, fecharegistro, persona_idpersona) VALUES (8,'2017-05-22', 23);
INSERT INTO pasajero(idpasajero, fecharegistro, persona_idpersona) VALUES (9,'2016-05-05', 24);
INSERT INTO pasajero(idpasajero, fecharegistro, persona_idpersona) VALUES (10,'2019-03-30', 25);
INSERT INTO pasajero(idpasajero, fecharegistro, persona_idpersona) VALUES (11,'2016-05-05', 26);
INSERT INTO pasajero(idpasajero, fecharegistro, persona_idpersona) VALUES (12,'2017-05-05', 27);
INSERT INTO pasajero(idpasajero, fecharegistro, persona_idpersona) VALUES (13,'2018-05-05', 28);
INSERT INTO pasajero(idpasajero, fecharegistro, persona_idpersona) VALUES (14,'2019-02-05', 29);
INSERT INTO pasajero(idpasajero, fecharegistro, persona_idpersona) VALUES (15,'2015-07-09', 30);
--NUEVOS
INSERT INTO pasajero(idpasajero, fecharegistro, persona_idpersona) VALUES (16,'2019-03-05', 31);
INSERT INTO pasajero(idpasajero, fecharegistro, persona_idpersona) VALUES (17,'2019-03-05', 32);
INSERT INTO pasajero(idpasajero, fecharegistro, persona_idpersona) VALUES (18,'2018-05-05', 33);
INSERT INTO pasajero(idpasajero, fecharegistro, persona_idpersona) VALUES (19,'2017-02-03', 34);
INSERT INTO pasajero(idpasajero, fecharegistro, persona_idpersona) VALUES (20,'2019-03-04', 35);
INSERT INTO pasajero(idpasajero, fecharegistro, persona_idpersona) VALUES (21,'2019-03-05', 36);
INSERT INTO pasajero(idpasajero, fecharegistro, persona_idpersona) VALUES (22,'2018-05-05', 37);
INSERT INTO pasajero(idpasajero, fecharegistro, persona_idpersona) VALUES (23,'2017-05-22', 38);
INSERT INTO pasajero(idpasajero, fecharegistro, persona_idpersona) VALUES (24,'2016-05-05', 39);
INSERT INTO pasajero(idpasajero, fecharegistro, persona_idpersona) VALUES (25,'2019-03-30', 40);


 -- INSERT TABLA AVION

 insert into Avion (idAvion, capacidad, descripcion, tiempoVuelo) values (1, 45, 'A320', 3707);
insert into Avion (idAvion, capacidad, descripcion, tiempoVuelo) values (2, 52, 'Boeing 747', 2130);
insert into Avion (idAvion, capacidad, descripcion, tiempoVuelo) values (3, 59, 'Boeing 777', 241);
insert into Avion (idAvion, capacidad, descripcion, tiempoVuelo) values (4, 66, 'Boeing 737', 4358);
insert into Avion (idAvion, capacidad, descripcion, tiempoVuelo) values (5, 73, 'MAX 737', 2248);
insert into Avion (idAvion, capacidad, descripcion, tiempoVuelo) values (6, 49, 'Boeing 787 Dreamliner', 4232);
insert into Avion (idAvion, capacidad, descripcion, tiempoVuelo) values (7, 56, 'Boeing 757', 3301);
insert into Avion (idAvion, capacidad, descripcion, tiempoVuelo) values (8, 63, 'A320', 781);
insert into Avion (idAvion, capacidad, descripcion, tiempoVuelo) values (9, 70, 'Boeing 707', 4790);
insert into Avion (idAvion, capacidad, descripcion, tiempoVuelo) values (10, 46, 'A380', 3139);

 -- INSERT TABLA ASIENTO

 -- -----------------------------------------------------
INSERT INTO asiento(idasiento, numeroasiento, ubicacion, fechaultimomantenimiento, avion_idavion) VALUES (1, 1,'Ventana derecha', '2013-06-01', 1);
INSERT INTO asiento(idasiento, numeroasiento, ubicacion, fechaultimomantenimiento, avion_idavion) VALUES (2, 2,'Ventana izquierda', '2013-06-01', 1);
INSERT INTO asiento(idasiento, numeroasiento, ubicacion, fechaultimomantenimiento, avion_idavion) VALUES (3, 3,'Ventana derecha', '2013-06-01', 1);
INSERT INTO asiento(idasiento, numeroasiento, ubicacion, fechaultimomantenimiento, avion_idavion) VALUES (4, 4,'Ventana izquierda', '2013-06-01', 1);
INSERT INTO asiento(idasiento, numeroasiento, ubicacion, fechaultimomantenimiento, avion_idavion) VALUES (5, 5,'Ventana derecha', '2013-06-01', 1);
INSERT INTO asiento(idasiento, numeroasiento, ubicacion, fechaultimomantenimiento, avion_idavion) VALUES (6, 6,'Ventana izquierda', '2013-06-01', 1);
INSERT INTO asiento(idasiento, numeroasiento, ubicacion, fechaultimomantenimiento, avion_idavion) VALUES (7, 7,'Ventana derecha', '2013-06-01', 1);
INSERT INTO asiento(idasiento, numeroasiento, ubicacion, fechaultimomantenimiento, avion_idavion) VALUES (8, 8,'Ventana izquierda', '2013-06-01', 1);
INSERT INTO asiento(idasiento, numeroasiento, ubicacion, fechaultimomantenimiento, avion_idavion) VALUES (9, 9,'Ventana derecha', '2013-06-01', 1);
INSERT INTO asiento(idasiento, numeroasiento, ubicacion, fechaultimomantenimiento, avion_idavion) VALUES (10, 10,'Ventana izquierda', '2013-06-01', 1);
INSERT INTO asiento(idasiento, numeroasiento, ubicacion, fechaultimomantenimiento, avion_idavion) VALUES (11, 11,'Ventana derecha', '2013-06-01', 1);
INSERT INTO asiento(idasiento, numeroasiento, ubicacion, fechaultimomantenimiento, avion_idavion) VALUES (12, 12,'Ventana izquierda', '2013-06-01', 1);
INSERT INTO asiento(idasiento, numeroasiento, ubicacion, fechaultimomantenimiento, avion_idavion) VALUES (13, 13,'Ventana derecha', '2013-06-01', 1);
INSERT INTO asiento(idasiento, numeroasiento, ubicacion, fechaultimomantenimiento, avion_idavion) VALUES (14, 14,'Ventana Izquierda', '2013-06-01', 1);
INSERT INTO asiento(idasiento, numeroasiento, ubicacion, fechaultimomantenimiento, avion_idavion) VALUES (15, 15,'Ventana derecha', '2013-06-01', 1);

INSERT INTO asiento(idasiento, numeroasiento, ubicacion, fechaultimomantenimiento, avion_idavion) VALUES (16, 16,'Ventana derecha', '2013-06-01', 1);
INSERT INTO asiento(idasiento, numeroasiento, ubicacion, fechaultimomantenimiento, avion_idavion) VALUES (17, 17,'Ventana izquierda', '2013-06-01', 1);
INSERT INTO asiento(idasiento, numeroasiento, ubicacion, fechaultimomantenimiento, avion_idavion) VALUES (18, 18,'Ventana derecha', '2013-06-01', 1);
INSERT INTO asiento(idasiento, numeroasiento, ubicacion, fechaultimomantenimiento, avion_idavion) VALUES (19, 19,'Ventana izquierda', '2013-06-01', 1);
INSERT INTO asiento(idasiento, numeroasiento, ubicacion, fechaultimomantenimiento, avion_idavion) VALUES (20, 20,'Ventana derecha', '2013-06-01', 1);
INSERT INTO asiento(idasiento, numeroasiento, ubicacion, fechaultimomantenimiento, avion_idavion) VALUES (21, 21,'Ventana izquierda', '2013-06-01', 1);
INSERT INTO asiento(idasiento, numeroasiento, ubicacion, fechaultimomantenimiento, avion_idavion) VALUES (22, 22,'Ventana derecha', '2013-06-01', 1);
INSERT INTO asiento(idasiento, numeroasiento, ubicacion, fechaultimomantenimiento, avion_idavion) VALUES (23, 23,'Ventana izquierda', '2013-06-01', 1);
INSERT INTO asiento(idasiento, numeroasiento, ubicacion, fechaultimomantenimiento, avion_idavion) VALUES (24, 24,'Ventana derecha', '2013-06-01', 1);
INSERT INTO asiento(idasiento, numeroasiento, ubicacion, fechaultimomantenimiento, avion_idavion) VALUES (25, 25,'Ventana izquierda', '2013-06-01', 1);
INSERT INTO asiento(idasiento, numeroasiento, ubicacion, fechaultimomantenimiento, avion_idavion) VALUES (26, 26,'Ventana derecha', '2013-06-01', 1);
INSERT INTO asiento(idasiento, numeroasiento, ubicacion, fechaultimomantenimiento, avion_idavion) VALUES (27, 27,'Ventana izquierda', '2013-06-01', 1);
INSERT INTO asiento(idasiento, numeroasiento, ubicacion, fechaultimomantenimiento, avion_idavion) VALUES (28, 28,'Ventana derecha', '2013-06-01', 1);
INSERT INTO asiento(idasiento, numeroasiento, ubicacion, fechaultimomantenimiento, avion_idavion) VALUES (29, 29,'Ventana Izquierda', '2013-06-01', 1);
INSERT INTO asiento(idasiento, numeroasiento, ubicacion, fechaultimomantenimiento, avion_idavion) VALUES (30, 30,'Ventana derecha', '2013-06-01', 1);
    	

INSERT INTO asiento(idasiento, numeroasiento, ubicacion, fechaultimomantenimiento, avion_idavion) VALUES (31, 31,'Ventana derecha', '2013-06-01', 1);
INSERT INTO asiento(idasiento, numeroasiento, ubicacion, fechaultimomantenimiento, avion_idavion) VALUES (32, 32,'Ventana izquierda', '2013-06-01', 1);
INSERT INTO asiento(idasiento, numeroasiento, ubicacion, fechaultimomantenimiento, avion_idavion) VALUES (33, 33,'Ventana derecha', '2013-06-01', 1);
INSERT INTO asiento(idasiento, numeroasiento, ubicacion, fechaultimomantenimiento, avion_idavion) VALUES (34, 34,'Ventana izquierda', '2013-06-01', 1);
INSERT INTO asiento(idasiento, numeroasiento, ubicacion, fechaultimomantenimiento, avion_idavion) VALUES (35, 35,'Ventana derecha', '2013-06-01', 1);
INSERT INTO asiento(idasiento, numeroasiento, ubicacion, fechaultimomantenimiento, avion_idavion) VALUES (36, 36,'Ventana izquierda', '2013-06-01', 1);
INSERT INTO asiento(idasiento, numeroasiento, ubicacion, fechaultimomantenimiento, avion_idavion) VALUES (37, 37,'Ventana derecha', '2013-06-01', 1);
INSERT INTO asiento(idasiento, numeroasiento, ubicacion, fechaultimomantenimiento, avion_idavion) VALUES (38, 38,'Ventana izquierda', '2013-06-01', 1);
INSERT INTO asiento(idasiento, numeroasiento, ubicacion, fechaultimomantenimiento, avion_idavion) VALUES (39, 39,'Ventana derecha', '2013-06-01', 1);
INSERT INTO asiento(idasiento, numeroasiento, ubicacion, fechaultimomantenimiento, avion_idavion) VALUES (40, 40,'Ventana izquierda', '2013-06-01', 1);
INSERT INTO asiento(idasiento, numeroasiento, ubicacion, fechaultimomantenimiento, avion_idavion) VALUES (41, 41,'Ventana derecha', '2013-06-01', 1);
INSERT INTO asiento(idasiento, numeroasiento, ubicacion, fechaultimomantenimiento, avion_idavion) VALUES (42, 42,'Ventana izquierda', '2013-06-01', 1);
INSERT INTO asiento(idasiento, numeroasiento, ubicacion, fechaultimomantenimiento, avion_idavion) VALUES (43, 43,'Ventana derecha', '2013-06-01', 1);
INSERT INTO asiento(idasiento, numeroasiento, ubicacion, fechaultimomantenimiento, avion_idavion) VALUES (44, 44,'Ventana Izquierda', '2013-06-01', 1);
INSERT INTO asiento(idasiento, numeroasiento, ubicacion, fechaultimomantenimiento, avion_idavion) VALUES (45, 45,'Ventana derecha', '2013-06-01', 1);    

/* AVION 02 */

INSERT INTO asiento(idasiento, numeroasiento, ubicacion, fechaultimomantenimiento, avion_idavion) VALUES (46, 1,'Ventana derecha', '2013-06-01', 2);
INSERT INTO asiento(idasiento, numeroasiento, ubicacion, fechaultimomantenimiento, avion_idavion) VALUES (47, 2,'Ventana izquierda', '2013-06-01', 2);
INSERT INTO asiento(idasiento, numeroasiento, ubicacion, fechaultimomantenimiento, avion_idavion) VALUES (48, 3,'Ventana derecha', '2013-06-01', 2);
INSERT INTO asiento(idasiento, numeroasiento, ubicacion, fechaultimomantenimiento, avion_idavion) VALUES (49, 4,'Ventana izquierda', '2013-06-01', 2);
INSERT INTO asiento(idasiento, numeroasiento, ubicacion, fechaultimomantenimiento, avion_idavion) VALUES (50, 5,'Ventana derecha', '2013-06-01', 2);
INSERT INTO asiento(idasiento, numeroasiento, ubicacion, fechaultimomantenimiento, avion_idavion) VALUES (51, 6,'Ventana izquierda', '2013-06-01', 2);
INSERT INTO asiento(idasiento, numeroasiento, ubicacion, fechaultimomantenimiento, avion_idavion) VALUES (52, 7,'Ventana derecha', '2013-06-01', 2);
INSERT INTO asiento(idasiento, numeroasiento, ubicacion, fechaultimomantenimiento, avion_idavion) VALUES (53, 8,'Ventana izquierda', '2013-06-01', 2);
INSERT INTO asiento(idasiento, numeroasiento, ubicacion, fechaultimomantenimiento, avion_idavion) VALUES (54, 9,'Ventana derecha', '2013-06-01', 2);
INSERT INTO asiento(idasiento, numeroasiento, ubicacion, fechaultimomantenimiento, avion_idavion) VALUES (55, 10,'Ventana izquierda', '2013-06-01', 2);
INSERT INTO asiento(idasiento, numeroasiento, ubicacion, fechaultimomantenimiento, avion_idavion) VALUES (56, 11,'Ventana derecha', '2013-06-01', 2);
INSERT INTO asiento(idasiento, numeroasiento, ubicacion, fechaultimomantenimiento, avion_idavion) VALUES (57, 12,'Ventana izquierda', '2013-06-01', 2);
INSERT INTO asiento(idasiento, numeroasiento, ubicacion, fechaultimomantenimiento, avion_idavion) VALUES (58, 13,'Ventana derecha', '2013-06-01', 2);
INSERT INTO asiento(idasiento, numeroasiento, ubicacion, fechaultimomantenimiento, avion_idavion) VALUES (59, 14,'Ventana Izquierda', '2013-06-01', 2);
INSERT INTO asiento(idasiento, numeroasiento, ubicacion, fechaultimomantenimiento, avion_idavion) VALUES (60, 15,'Ventana derecha', '2013-06-01', 2);

INSERT INTO asiento(idasiento, numeroasiento, ubicacion, fechaultimomantenimiento, avion_idavion) VALUES (61, 16,'Ventana derecha', '2013-06-01', 2);
INSERT INTO asiento(idasiento, numeroasiento, ubicacion, fechaultimomantenimiento, avion_idavion) VALUES (62, 17,'Ventana izquierda', '2013-06-01', 2);
INSERT INTO asiento(idasiento, numeroasiento, ubicacion, fechaultimomantenimiento, avion_idavion) VALUES (63, 18,'Ventana derecha', '2013-06-01', 2);
INSERT INTO asiento(idasiento, numeroasiento, ubicacion, fechaultimomantenimiento, avion_idavion) VALUES (64, 19,'Ventana izquierda', '2013-06-01', 2);
INSERT INTO asiento(idasiento, numeroasiento, ubicacion, fechaultimomantenimiento, avion_idavion) VALUES (65, 20,'Ventana derecha', '2013-06-01', 2);
INSERT INTO asiento(idasiento, numeroasiento, ubicacion, fechaultimomantenimiento, avion_idavion) VALUES (66, 21,'Ventana izquierda', '2013-06-01', 2);
INSERT INTO asiento(idasiento, numeroasiento, ubicacion, fechaultimomantenimiento, avion_idavion) VALUES (67, 22,'Ventana derecha', '2013-06-01', 2);
INSERT INTO asiento(idasiento, numeroasiento, ubicacion, fechaultimomantenimiento, avion_idavion) VALUES (68, 23,'Ventana izquierda', '2013-06-01', 2);
INSERT INTO asiento(idasiento, numeroasiento, ubicacion, fechaultimomantenimiento, avion_idavion) VALUES (69, 24,'Ventana derecha', '2013-06-01', 2);
INSERT INTO asiento(idasiento, numeroasiento, ubicacion, fechaultimomantenimiento, avion_idavion) VALUES (70, 25,'Ventana izquierda', '2013-06-01', 2);
INSERT INTO asiento(idasiento, numeroasiento, ubicacion, fechaultimomantenimiento, avion_idavion) VALUES (71, 26,'Ventana derecha', '2013-06-01', 2);
INSERT INTO asiento(idasiento, numeroasiento, ubicacion, fechaultimomantenimiento, avion_idavion) VALUES (72, 27,'Ventana izquierda', '2013-06-01', 2);
INSERT INTO asiento(idasiento, numeroasiento, ubicacion, fechaultimomantenimiento, avion_idavion) VALUES (73, 28,'Ventana derecha', '2013-06-01', 2);
INSERT INTO asiento(idasiento, numeroasiento, ubicacion, fechaultimomantenimiento, avion_idavion) VALUES (74, 29,'Ventana Izquierda', '2013-06-01', 2);
INSERT INTO asiento(idasiento, numeroasiento, ubicacion, fechaultimomantenimiento, avion_idavion) VALUES (75, 30,'Ventana derecha', '2013-06-01', 2);
    	

INSERT INTO asiento(idasiento, numeroasiento, ubicacion, fechaultimomantenimiento, avion_idavion) VALUES (76, 31,'Ventana derecha', '2013-06-01', 2);
INSERT INTO asiento(idasiento, numeroasiento, ubicacion, fechaultimomantenimiento, avion_idavion) VALUES (77, 32,'Ventana izquierda', '2013-06-01', 2);
INSERT INTO asiento(idasiento, numeroasiento, ubicacion, fechaultimomantenimiento, avion_idavion) VALUES (78, 33,'Ventana derecha', '2013-06-01', 2);
INSERT INTO asiento(idasiento, numeroasiento, ubicacion, fechaultimomantenimiento, avion_idavion) VALUES (79, 34,'Ventana izquierda', '2013-06-01', 2);
INSERT INTO asiento(idasiento, numeroasiento, ubicacion, fechaultimomantenimiento, avion_idavion) VALUES (80, 35,'Ventana derecha', '2013-06-01', 2);
INSERT INTO asiento(idasiento, numeroasiento, ubicacion, fechaultimomantenimiento, avion_idavion) VALUES (81, 36,'Ventana izquierda', '2013-06-01', 2);
INSERT INTO asiento(idasiento, numeroasiento, ubicacion, fechaultimomantenimiento, avion_idavion) VALUES (82, 37,'Ventana derecha', '2013-06-01', 2);
INSERT INTO asiento(idasiento, numeroasiento, ubicacion, fechaultimomantenimiento, avion_idavion) VALUES (83, 38,'Ventana izquierda', '2013-06-01', 2);
INSERT INTO asiento(idasiento, numeroasiento, ubicacion, fechaultimomantenimiento, avion_idavion) VALUES (84, 39,'Ventana derecha', '2013-06-01', 2);
INSERT INTO asiento(idasiento, numeroasiento, ubicacion, fechaultimomantenimiento, avion_idavion) VALUES (85, 40,'Ventana izquierda', '2013-06-01', 2);
INSERT INTO asiento(idasiento, numeroasiento, ubicacion, fechaultimomantenimiento, avion_idavion) VALUES (86, 41,'Ventana derecha', '2013-06-01', 2);
INSERT INTO asiento(idasiento, numeroasiento, ubicacion, fechaultimomantenimiento, avion_idavion) VALUES (87, 42,'Ventana izquierda', '2013-06-01', 2);
INSERT INTO asiento(idasiento, numeroasiento, ubicacion, fechaultimomantenimiento, avion_idavion) VALUES (88, 43,'Ventana derecha', '2013-06-01', 2);
INSERT INTO asiento(idasiento, numeroasiento, ubicacion, fechaultimomantenimiento, avion_idavion) VALUES (89, 44,'Ventana Izquierda', '2013-06-01', 2);
INSERT INTO asiento(idasiento, numeroasiento, ubicacion, fechaultimomantenimiento, avion_idavion) VALUES (90, 45,'Ventana derecha', '2013-06-01', 2);    
INSERT INTO asiento(idasiento, numeroasiento, ubicacion, fechaultimomantenimiento, avion_idavion) VALUES (91, 46,'Ventana Izquierda', '2013-06-01', 2);
INSERT INTO asiento(idasiento, numeroasiento, ubicacion, fechaultimomantenimiento, avion_idavion) VALUES (92, 47,'Ventana derecha', '2013-06-01', 2);    
INSERT INTO asiento(idasiento, numeroasiento, ubicacion, fechaultimomantenimiento, avion_idavion) VALUES (93, 48,'Ventana Izquierda', '2013-06-01', 2);
INSERT INTO asiento(idasiento, numeroasiento, ubicacion, fechaultimomantenimiento, avion_idavion) VALUES (94, 49,'Ventana derecha', '2013-06-01', 2);    
INSERT INTO asiento(idasiento, numeroasiento, ubicacion, fechaultimomantenimiento, avion_idavion) VALUES (95, 50,'Ventana Izquierda', '2013-06-01', 2);
INSERT INTO asiento(idasiento, numeroasiento, ubicacion, fechaultimomantenimiento, avion_idavion) VALUES (96, 51,'Ventana derecha', '2013-06-01', 2);    
INSERT INTO asiento(idasiento, numeroasiento, ubicacion, fechaultimomantenimiento, avion_idavion) VALUES (97, 52,'Ventana Izquierda', '2013-06-01', 2);

INSERT INTO asiento(idasiento, numeroasiento, ubicacion, fechaultimomantenimiento, avion_idavion) VALUES (98, 1,'Ventana derecha', '2013-06-01', 3);
INSERT INTO asiento(idasiento, numeroasiento, ubicacion, fechaultimomantenimiento, avion_idavion) VALUES (99, 2,'Ventana izquierda', '2013-06-01', 3);
INSERT INTO asiento(idasiento, numeroasiento, ubicacion, fechaultimomantenimiento, avion_idavion) VALUES (100, 3,'Ventana derecha', '2013-06-01', 3);
INSERT INTO asiento(idasiento, numeroasiento, ubicacion, fechaultimomantenimiento, avion_idavion) VALUES (101, 4,'Ventana izquierda', '2013-06-01', 3);
INSERT INTO asiento(idasiento, numeroasiento, ubicacion, fechaultimomantenimiento, avion_idavion) VALUES (102, 5,'Ventana derecha', '2013-06-01', 3);
INSERT INTO asiento(idasiento, numeroasiento, ubicacion, fechaultimomantenimiento, avion_idavion) VALUES (103, 6,'Ventana izquierda', '2013-06-01', 3);
INSERT INTO asiento(idasiento, numeroasiento, ubicacion, fechaultimomantenimiento, avion_idavion) VALUES (104, 7,'Ventana derecha', '2013-06-01', 3);
INSERT INTO asiento(idasiento, numeroasiento, ubicacion, fechaultimomantenimiento, avion_idavion) VALUES (105, 8,'Ventana izquierda', '2013-06-01', 3);
INSERT INTO asiento(idasiento, numeroasiento, ubicacion, fechaultimomantenimiento, avion_idavion) VALUES (106, 9,'Ventana derecha', '2013-06-01', 3);
INSERT INTO asiento(idasiento, numeroasiento, ubicacion, fechaultimomantenimiento, avion_idavion) VALUES (107, 10,'Ventana izquierda', '2013-06-01', 3);
INSERT INTO asiento(idasiento, numeroasiento, ubicacion, fechaultimomantenimiento, avion_idavion) VALUES (108, 11,'Ventana derecha', '2013-06-01', 3);
INSERT INTO asiento(idasiento, numeroasiento, ubicacion, fechaultimomantenimiento, avion_idavion) VALUES (109, 12,'Ventana izquierda', '2013-06-01', 3);
INSERT INTO asiento(idasiento, numeroasiento, ubicacion, fechaultimomantenimiento, avion_idavion) VALUES (110, 13,'Ventana derecha', '2013-06-01', 3);
INSERT INTO asiento(idasiento, numeroasiento, ubicacion, fechaultimomantenimiento, avion_idavion) VALUES (111, 14,'Ventana Izquierda', '2013-06-01', 3);
INSERT INTO asiento(idasiento, numeroasiento, ubicacion, fechaultimomantenimiento, avion_idavion) VALUES (112, 15,'Ventana derecha', '2013-06-01', 3);

INSERT INTO asiento(idasiento, numeroasiento, ubicacion, fechaultimomantenimiento, avion_idavion) VALUES (113, 16,'Ventana derecha', '2013-06-01', 3);
INSERT INTO asiento(idasiento, numeroasiento, ubicacion, fechaultimomantenimiento, avion_idavion) VALUES (114, 17,'Ventana izquierda', '2013-06-01', 3);
INSERT INTO asiento(idasiento, numeroasiento, ubicacion, fechaultimomantenimiento, avion_idavion) VALUES (115, 18,'Ventana derecha', '2013-06-01', 3);
INSERT INTO asiento(idasiento, numeroasiento, ubicacion, fechaultimomantenimiento, avion_idavion) VALUES (116, 19,'Ventana izquierda', '2013-06-01', 3);
INSERT INTO asiento(idasiento, numeroasiento, ubicacion, fechaultimomantenimiento, avion_idavion) VALUES (117, 20,'Ventana derecha', '2013-06-01', 3);
INSERT INTO asiento(idasiento, numeroasiento, ubicacion, fechaultimomantenimiento, avion_idavion) VALUES (118, 21,'Ventana izquierda', '2013-06-01', 3);
INSERT INTO asiento(idasiento, numeroasiento, ubicacion, fechaultimomantenimiento, avion_idavion) VALUES (119, 22,'Ventana derecha', '2013-06-01', 3);
INSERT INTO asiento(idasiento, numeroasiento, ubicacion, fechaultimomantenimiento, avion_idavion) VALUES (120, 23,'Ventana izquierda', '2013-06-01', 3);
INSERT INTO asiento(idasiento, numeroasiento, ubicacion, fechaultimomantenimiento, avion_idavion) VALUES (121, 24,'Ventana derecha', '2013-06-01', 3);
INSERT INTO asiento(idasiento, numeroasiento, ubicacion, fechaultimomantenimiento, avion_idavion) VALUES (122, 25,'Ventana izquierda', '2013-06-01', 3);
INSERT INTO asiento(idasiento, numeroasiento, ubicacion, fechaultimomantenimiento, avion_idavion) VALUES (123, 26,'Ventana derecha', '2013-06-01', 3);
INSERT INTO asiento(idasiento, numeroasiento, ubicacion, fechaultimomantenimiento, avion_idavion) VALUES (124, 27,'Ventana izquierda', '2013-06-01', 3);
INSERT INTO asiento(idasiento, numeroasiento, ubicacion, fechaultimomantenimiento, avion_idavion) VALUES (125, 28,'Ventana derecha', '2013-06-01', 3);
INSERT INTO asiento(idasiento, numeroasiento, ubicacion, fechaultimomantenimiento, avion_idavion) VALUES (126, 29,'Ventana Izquierda', '2013-06-01', 3);
INSERT INTO asiento(idasiento, numeroasiento, ubicacion, fechaultimomantenimiento, avion_idavion) VALUES (127, 30,'Ventana derecha', '2013-06-01', 3);

INSERT INTO asiento(idasiento, numeroasiento, ubicacion, fechaultimomantenimiento, avion_idavion) VALUES (128, 31,'Ventana derecha', '2013-06-01', 3);
INSERT INTO asiento(idasiento, numeroasiento, ubicacion, fechaultimomantenimiento, avion_idavion) VALUES (129, 32,'Ventana izquierda', '2013-06-01', 3);
INSERT INTO asiento(idasiento, numeroasiento, ubicacion, fechaultimomantenimiento, avion_idavion) VALUES (130, 33,'Ventana derecha', '2013-06-01', 3);
INSERT INTO asiento(idasiento, numeroasiento, ubicacion, fechaultimomantenimiento, avion_idavion) VALUES (131, 34,'Ventana izquierda', '2013-06-01', 3);
INSERT INTO asiento(idasiento, numeroasiento, ubicacion, fechaultimomantenimiento, avion_idavion) VALUES (132, 35,'Ventana derecha', '2013-06-01', 3);
INSERT INTO asiento(idasiento, numeroasiento, ubicacion, fechaultimomantenimiento, avion_idavion) VALUES (133, 36,'Ventana izquierda', '2013-06-01', 3);
INSERT INTO asiento(idasiento, numeroasiento, ubicacion, fechaultimomantenimiento, avion_idavion) VALUES (134, 37,'Ventana derecha', '2013-06-01', 3);
INSERT INTO asiento(idasiento, numeroasiento, ubicacion, fechaultimomantenimiento, avion_idavion) VALUES (135, 38,'Ventana izquierda', '2013-06-01', 3);
INSERT INTO asiento(idasiento, numeroasiento, ubicacion, fechaultimomantenimiento, avion_idavion) VALUES (136, 39,'Ventana derecha', '2013-06-01', 3);
INSERT INTO asiento(idasiento, numeroasiento, ubicacion, fechaultimomantenimiento, avion_idavion) VALUES (137, 40,'Ventana izquierda', '2013-06-01', 3);
INSERT INTO asiento(idasiento, numeroasiento, ubicacion, fechaultimomantenimiento, avion_idavion) VALUES (138, 41,'Ventana derecha', '2013-06-01', 3);
INSERT INTO asiento(idasiento, numeroasiento, ubicacion, fechaultimomantenimiento, avion_idavion) VALUES (139, 42,'Ventana izquierda', '2013-06-01', 3);
INSERT INTO asiento(idasiento, numeroasiento, ubicacion, fechaultimomantenimiento, avion_idavion) VALUES (140, 43,'Ventana derecha', '2013-06-01', 3);
INSERT INTO asiento(idasiento, numeroasiento, ubicacion, fechaultimomantenimiento, avion_idavion) VALUES (141, 44,'Ventana Izquierda', '2013-06-01', 3);
INSERT INTO asiento(idasiento, numeroasiento, ubicacion, fechaultimomantenimiento, avion_idavion) VALUES (142, 45,'Ventana derecha', '2013-06-01', 3);    
INSERT INTO asiento(idasiento, numeroasiento, ubicacion, fechaultimomantenimiento, avion_idavion) VALUES (143, 46,'Ventana Izquierda', '2013-06-01', 3);
INSERT INTO asiento(idasiento, numeroasiento, ubicacion, fechaultimomantenimiento, avion_idavion) VALUES (144, 47,'Ventana derecha', '2013-06-01', 3);    
INSERT INTO asiento(idasiento, numeroasiento, ubicacion, fechaultimomantenimiento, avion_idavion) VALUES (145, 48,'Ventana Izquierda', '2013-06-01', 3);
INSERT INTO asiento(idasiento, numeroasiento, ubicacion, fechaultimomantenimiento, avion_idavion) VALUES (146, 49,'Ventana derecha', '2013-06-01', 3);    
INSERT INTO asiento(idasiento, numeroasiento, ubicacion, fechaultimomantenimiento, avion_idavion) VALUES (147, 50,'Ventana Izquierda', '2013-06-01', 3);
INSERT INTO asiento(idasiento, numeroasiento, ubicacion, fechaultimomantenimiento, avion_idavion) VALUES (148, 51,'Ventana derecha', '2013-06-01', 3);    
INSERT INTO asiento(idasiento, numeroasiento, ubicacion, fechaultimomantenimiento, avion_idavion) VALUES (149, 52,'Ventana Izquierda', '2013-06-01', 3);
INSERT INTO asiento(idasiento, numeroasiento, ubicacion, fechaultimomantenimiento, avion_idavion) VALUES (150, 53,'Ventana derecha', '2013-06-01', 3);    
INSERT INTO asiento(idasiento, numeroasiento, ubicacion, fechaultimomantenimiento, avion_idavion) VALUES (151, 54,'Ventana Izquierda', '2013-06-01', 3);
INSERT INTO asiento(idasiento, numeroasiento, ubicacion, fechaultimomantenimiento, avion_idavion) VALUES (152, 55,'Ventana derecha', '2013-06-01', 3);    
INSERT INTO asiento(idasiento, numeroasiento, ubicacion, fechaultimomantenimiento, avion_idavion) VALUES (153, 56,'Ventana Izquierda', '2013-06-01', 3);
INSERT INTO asiento(idasiento, numeroasiento, ubicacion, fechaultimomantenimiento, avion_idavion) VALUES (154, 57,'Ventana derecha', '2013-06-01', 3);    
INSERT INTO asiento(idasiento, numeroasiento, ubicacion, fechaultimomantenimiento, avion_idavion) VALUES (155, 58,'Ventana Izquierda', '2013-06-01', 3);
INSERT INTO asiento(idasiento, numeroasiento, ubicacion, fechaultimomantenimiento, avion_idavion) VALUES (156, 59,'Ventana derecha', '2013-06-01', 3); 

INSERT INTO asiento(idasiento, numeroasiento, ubicacion, fechaultimomantenimiento, avion_idavion) VALUES (157, 1,'Ventana derecha', '2013-06-01', 4);
INSERT INTO asiento(idasiento, numeroasiento, ubicacion, fechaultimomantenimiento, avion_idavion) VALUES (158, 2,'Ventana izquierda', '2013-06-01', 4);
INSERT INTO asiento(idasiento, numeroasiento, ubicacion, fechaultimomantenimiento, avion_idavion) VALUES (159, 3,'Ventana derecha', '2013-06-01', 4);
INSERT INTO asiento(idasiento, numeroasiento, ubicacion, fechaultimomantenimiento, avion_idavion) VALUES (160, 4,'Ventana izquierda', '2013-06-01', 4);
INSERT INTO asiento(idasiento, numeroasiento, ubicacion, fechaultimomantenimiento, avion_idavion) VALUES (161, 5,'Ventana derecha', '2013-06-01', 4);
INSERT INTO asiento(idasiento, numeroasiento, ubicacion, fechaultimomantenimiento, avion_idavion) VALUES (162, 6,'Ventana izquierda', '2013-06-01', 4);
INSERT INTO asiento(idasiento, numeroasiento, ubicacion, fechaultimomantenimiento, avion_idavion) VALUES (163, 7,'Ventana derecha', '2013-06-01', 4);
INSERT INTO asiento(idasiento, numeroasiento, ubicacion, fechaultimomantenimiento, avion_idavion) VALUES (164, 8,'Ventana izquierda', '2013-06-01', 4);
INSERT INTO asiento(idasiento, numeroasiento, ubicacion, fechaultimomantenimiento, avion_idavion) VALUES (165, 9,'Ventana derecha', '2013-06-01', 4);
INSERT INTO asiento(idasiento, numeroasiento, ubicacion, fechaultimomantenimiento, avion_idavion) VALUES (166, 10,'Ventana izquierda', '2013-06-01', 4);
INSERT INTO asiento(idasiento, numeroasiento, ubicacion, fechaultimomantenimiento, avion_idavion) VALUES (167, 11,'Ventana derecha', '2013-06-01', 4);
INSERT INTO asiento(idasiento, numeroasiento, ubicacion, fechaultimomantenimiento, avion_idavion) VALUES (168, 12,'Ventana izquierda', '2013-06-01', 4);
INSERT INTO asiento(idasiento, numeroasiento, ubicacion, fechaultimomantenimiento, avion_idavion) VALUES (169, 13,'Ventana derecha', '2013-06-01', 4);
INSERT INTO asiento(idasiento, numeroasiento, ubicacion, fechaultimomantenimiento, avion_idavion) VALUES (170, 14,'Ventana Izquierda', '2013-06-01', 4);
INSERT INTO asiento(idasiento, numeroasiento, ubicacion, fechaultimomantenimiento, avion_idavion) VALUES (171, 15,'Ventana derecha', '2013-06-01', 4);

INSERT INTO asiento(idasiento, numeroasiento, ubicacion, fechaultimomantenimiento, avion_idavion) VALUES (172, 16,'Ventana derecha', '2013-06-01', 4);
INSERT INTO asiento(idasiento, numeroasiento, ubicacion, fechaultimomantenimiento, avion_idavion) VALUES (173, 17,'Ventana izquierda', '2013-06-01', 4);
INSERT INTO asiento(idasiento, numeroasiento, ubicacion, fechaultimomantenimiento, avion_idavion) VALUES (174, 18,'Ventana derecha', '2013-06-01', 4);
INSERT INTO asiento(idasiento, numeroasiento, ubicacion, fechaultimomantenimiento, avion_idavion) VALUES (175, 19,'Ventana izquierda', '2013-06-01', 4);
INSERT INTO asiento(idasiento, numeroasiento, ubicacion, fechaultimomantenimiento, avion_idavion) VALUES (176, 20,'Ventana derecha', '2013-06-01', 4);
INSERT INTO asiento(idasiento, numeroasiento, ubicacion, fechaultimomantenimiento, avion_idavion) VALUES (177, 21,'Ventana izquierda', '2013-06-01', 4);
INSERT INTO asiento(idasiento, numeroasiento, ubicacion, fechaultimomantenimiento, avion_idavion) VALUES (178, 22,'Ventana derecha', '2013-06-01', 4);
INSERT INTO asiento(idasiento, numeroasiento, ubicacion, fechaultimomantenimiento, avion_idavion) VALUES (179, 23,'Ventana izquierda', '2013-06-01', 4);
INSERT INTO asiento(idasiento, numeroasiento, ubicacion, fechaultimomantenimiento, avion_idavion) VALUES (180, 24,'Ventana derecha', '2013-06-01', 4);
INSERT INTO asiento(idasiento, numeroasiento, ubicacion, fechaultimomantenimiento, avion_idavion) VALUES (181, 25,'Ventana izquierda', '2013-06-01', 4);
INSERT INTO asiento(idasiento, numeroasiento, ubicacion, fechaultimomantenimiento, avion_idavion) VALUES (182, 26,'Ventana derecha', '2013-06-01', 4);
INSERT INTO asiento(idasiento, numeroasiento, ubicacion, fechaultimomantenimiento, avion_idavion) VALUES (183, 27,'Ventana izquierda', '2013-06-01', 4);
INSERT INTO asiento(idasiento, numeroasiento, ubicacion, fechaultimomantenimiento, avion_idavion) VALUES (184, 28,'Ventana derecha', '2013-06-01', 4);
INSERT INTO asiento(idasiento, numeroasiento, ubicacion, fechaultimomantenimiento, avion_idavion) VALUES (185, 29,'Ventana Izquierda', '2013-06-01', 4);
INSERT INTO asiento(idasiento, numeroasiento, ubicacion, fechaultimomantenimiento, avion_idavion) VALUES (186, 30,'Ventana derecha', '2013-06-01', 4);
    	
INSERT INTO asiento(idasiento, numeroasiento, ubicacion, fechaultimomantenimiento, avion_idavion) VALUES (187, 31,'Ventana derecha', '2013-06-01', 4);
INSERT INTO asiento(idasiento, numeroasiento, ubicacion, fechaultimomantenimiento, avion_idavion) VALUES (188, 32,'Ventana izquierda', '2013-06-01', 4);
INSERT INTO asiento(idasiento, numeroasiento, ubicacion, fechaultimomantenimiento, avion_idavion) VALUES (189, 33,'Ventana derecha', '2013-06-01', 4);
INSERT INTO asiento(idasiento, numeroasiento, ubicacion, fechaultimomantenimiento, avion_idavion) VALUES (190, 34,'Ventana izquierda', '2013-06-01', 4);
INSERT INTO asiento(idasiento, numeroasiento, ubicacion, fechaultimomantenimiento, avion_idavion) VALUES (191, 35,'Ventana derecha', '2013-06-01', 4);
INSERT INTO asiento(idasiento, numeroasiento, ubicacion, fechaultimomantenimiento, avion_idavion) VALUES (192, 36,'Ventana izquierda', '2013-06-01', 4);
INSERT INTO asiento(idasiento, numeroasiento, ubicacion, fechaultimomantenimiento, avion_idavion) VALUES (193, 37,'Ventana derecha', '2013-06-01', 4);
INSERT INTO asiento(idasiento, numeroasiento, ubicacion, fechaultimomantenimiento, avion_idavion) VALUES (194, 38,'Ventana izquierda', '2013-06-01', 4);
INSERT INTO asiento(idasiento, numeroasiento, ubicacion, fechaultimomantenimiento, avion_idavion) VALUES (195, 39,'Ventana derecha', '2013-06-01', 4);
INSERT INTO asiento(idasiento, numeroasiento, ubicacion, fechaultimomantenimiento, avion_idavion) VALUES (196, 40,'Ventana izquierda', '2013-06-01', 4);
INSERT INTO asiento(idasiento, numeroasiento, ubicacion, fechaultimomantenimiento, avion_idavion) VALUES (197, 41,'Ventana derecha', '2013-06-01', 4);
INSERT INTO asiento(idasiento, numeroasiento, ubicacion, fechaultimomantenimiento, avion_idavion) VALUES (198, 42,'Ventana izquierda', '2013-06-01', 4);
INSERT INTO asiento(idasiento, numeroasiento, ubicacion, fechaultimomantenimiento, avion_idavion) VALUES (199, 43,'Ventana derecha', '2013-06-01', 4);
INSERT INTO asiento(idasiento, numeroasiento, ubicacion, fechaultimomantenimiento, avion_idavion) VALUES (200, 44,'Ventana Izquierda', '2013-06-01', 4);
INSERT INTO asiento(idasiento, numeroasiento, ubicacion, fechaultimomantenimiento, avion_idavion) VALUES (201, 45,'Ventana derecha', '2013-06-01', 4);    
INSERT INTO asiento(idasiento, numeroasiento, ubicacion, fechaultimomantenimiento, avion_idavion) VALUES (202, 46,'Ventana Izquierda', '2013-06-01', 4);
INSERT INTO asiento(idasiento, numeroasiento, ubicacion, fechaultimomantenimiento, avion_idavion) VALUES (203, 47,'Ventana derecha', '2013-06-01', 4);    
INSERT INTO asiento(idasiento, numeroasiento, ubicacion, fechaultimomantenimiento, avion_idavion) VALUES (204, 48,'Ventana Izquierda', '2013-06-01', 4);
INSERT INTO asiento(idasiento, numeroasiento, ubicacion, fechaultimomantenimiento, avion_idavion) VALUES (205, 49,'Ventana derecha', '2013-06-01', 4);    
INSERT INTO asiento(idasiento, numeroasiento, ubicacion, fechaultimomantenimiento, avion_idavion) VALUES (206, 50,'Ventana Izquierda', '2013-06-01', 4);
INSERT INTO asiento(idasiento, numeroasiento, ubicacion, fechaultimomantenimiento, avion_idavion) VALUES (207, 51,'Ventana derecha', '2013-06-01', 4);    
INSERT INTO asiento(idasiento, numeroasiento, ubicacion, fechaultimomantenimiento, avion_idavion) VALUES (208, 52,'Ventana Izquierda', '2013-06-01', 4);
INSERT INTO asiento(idasiento, numeroasiento, ubicacion, fechaultimomantenimiento, avion_idavion) VALUES (209, 53,'Ventana derecha', '2013-06-01', 4);    
INSERT INTO asiento(idasiento, numeroasiento, ubicacion, fechaultimomantenimiento, avion_idavion) VALUES (210, 54,'Ventana Izquierda', '2013-06-01', 4);
INSERT INTO asiento(idasiento, numeroasiento, ubicacion, fechaultimomantenimiento, avion_idavion) VALUES (211, 55,'Ventana derecha', '2013-06-01', 4);    
INSERT INTO asiento(idasiento, numeroasiento, ubicacion, fechaultimomantenimiento, avion_idavion) VALUES (212, 56,'Ventana Izquierda', '2013-06-01', 4);
INSERT INTO asiento(idasiento, numeroasiento, ubicacion, fechaultimomantenimiento, avion_idavion) VALUES (213, 57,'Ventana derecha', '2013-06-01', 4);    
INSERT INTO asiento(idasiento, numeroasiento, ubicacion, fechaultimomantenimiento, avion_idavion) VALUES (214, 58,'Ventana Izquierda', '2013-06-01', 4);
INSERT INTO asiento(idasiento, numeroasiento, ubicacion, fechaultimomantenimiento, avion_idavion) VALUES (215, 59,'Ventana derecha', '2013-06-01', 4);    
INSERT INTO asiento(idasiento, numeroasiento, ubicacion, fechaultimomantenimiento, avion_idavion) VALUES (216, 60,'Ventana Izquierda', '2013-06-01', 4);
INSERT INTO asiento(idasiento, numeroasiento, ubicacion, fechaultimomantenimiento, avion_idavion) VALUES (217, 61,'Ventana derecha', '2013-06-01', 4);    
INSERT INTO asiento(idasiento, numeroasiento, ubicacion, fechaultimomantenimiento, avion_idavion) VALUES (218, 62,'Ventana Izquierda', '2013-06-01', 4);
INSERT INTO asiento(idasiento, numeroasiento, ubicacion, fechaultimomantenimiento, avion_idavion) VALUES (219, 63,'Ventana derecha', '2013-06-01', 4);    
INSERT INTO asiento(idasiento, numeroasiento, ubicacion, fechaultimomantenimiento, avion_idavion) VALUES (220, 64,'Ventana Izquierda', '2013-06-01', 4);
INSERT INTO asiento(idasiento, numeroasiento, ubicacion, fechaultimomantenimiento, avion_idavion) VALUES (221, 65,'Ventana derecha', '2013-06-01', 4);    
INSERT INTO asiento(idasiento, numeroasiento, ubicacion, fechaultimomantenimiento, avion_idavion) VALUES (222, 66,'Ventana Izquierda', '2013-06-01', 4);

INSERT INTO asiento(idasiento, numeroasiento, ubicacion, fechaultimomantenimiento, avion_idavion) VALUES (223, 1,'Ventana derecha', '2013-06-01', 5);
INSERT INTO asiento(idasiento, numeroasiento, ubicacion, fechaultimomantenimiento, avion_idavion) VALUES (224, 2,'Ventana izquierda', '2013-06-01', 5);
INSERT INTO asiento(idasiento, numeroasiento, ubicacion, fechaultimomantenimiento, avion_idavion) VALUES (225, 3,'Ventana derecha', '2013-06-01', 5);
INSERT INTO asiento(idasiento, numeroasiento, ubicacion, fechaultimomantenimiento, avion_idavion) VALUES (226, 4,'Ventana izquierda', '2013-06-01', 5);
INSERT INTO asiento(idasiento, numeroasiento, ubicacion, fechaultimomantenimiento, avion_idavion) VALUES (227, 5,'Ventana derecha', '2013-06-01', 5);
INSERT INTO asiento(idasiento, numeroasiento, ubicacion, fechaultimomantenimiento, avion_idavion) VALUES (228, 6,'Ventana izquierda', '2013-06-01', 5);
INSERT INTO asiento(idasiento, numeroasiento, ubicacion, fechaultimomantenimiento, avion_idavion) VALUES (229, 7,'Ventana derecha', '2013-06-01', 5);
INSERT INTO asiento(idasiento, numeroasiento, ubicacion, fechaultimomantenimiento, avion_idavion) VALUES (230, 8,'Ventana izquierda', '2013-06-01', 5);
INSERT INTO asiento(idasiento, numeroasiento, ubicacion, fechaultimomantenimiento, avion_idavion) VALUES (231, 9,'Ventana derecha', '2013-06-01', 5);
INSERT INTO asiento(idasiento, numeroasiento, ubicacion, fechaultimomantenimiento, avion_idavion) VALUES (232, 10,'Ventana izquierda', '2013-06-01', 5);
INSERT INTO asiento(idasiento, numeroasiento, ubicacion, fechaultimomantenimiento, avion_idavion) VALUES (233, 11,'Ventana derecha', '2013-06-01', 5);
INSERT INTO asiento(idasiento, numeroasiento, ubicacion, fechaultimomantenimiento, avion_idavion) VALUES (234, 12,'Ventana izquierda', '2013-06-01', 5);
INSERT INTO asiento(idasiento, numeroasiento, ubicacion, fechaultimomantenimiento, avion_idavion) VALUES (235, 13,'Ventana derecha', '2013-06-01', 5);
INSERT INTO asiento(idasiento, numeroasiento, ubicacion, fechaultimomantenimiento, avion_idavion) VALUES (236, 14,'Ventana Izquierda', '2013-06-01', 5);
INSERT INTO asiento(idasiento, numeroasiento, ubicacion, fechaultimomantenimiento, avion_idavion) VALUES (237, 15,'Ventana derecha', '2013-06-01', 5);

INSERT INTO asiento(idasiento, numeroasiento, ubicacion, fechaultimomantenimiento, avion_idavion) VALUES (238, 16,'Ventana derecha', '2013-06-01', 5);
INSERT INTO asiento(idasiento, numeroasiento, ubicacion, fechaultimomantenimiento, avion_idavion) VALUES (239, 17,'Ventana izquierda', '2013-06-01', 5);
INSERT INTO asiento(idasiento, numeroasiento, ubicacion, fechaultimomantenimiento, avion_idavion) VALUES (240, 18,'Ventana derecha', '2013-06-01', 5);
INSERT INTO asiento(idasiento, numeroasiento, ubicacion, fechaultimomantenimiento, avion_idavion) VALUES (241, 19,'Ventana izquierda', '2013-06-01', 5);
INSERT INTO asiento(idasiento, numeroasiento, ubicacion, fechaultimomantenimiento, avion_idavion) VALUES (242, 20,'Ventana derecha', '2013-06-01', 5);
INSERT INTO asiento(idasiento, numeroasiento, ubicacion, fechaultimomantenimiento, avion_idavion) VALUES (243, 21,'Ventana izquierda', '2013-06-01', 5);
INSERT INTO asiento(idasiento, numeroasiento, ubicacion, fechaultimomantenimiento, avion_idavion) VALUES (244, 22,'Ventana derecha', '2013-06-01', 5);
INSERT INTO asiento(idasiento, numeroasiento, ubicacion, fechaultimomantenimiento, avion_idavion) VALUES (245, 23,'Ventana izquierda', '2013-06-01', 5);
INSERT INTO asiento(idasiento, numeroasiento, ubicacion, fechaultimomantenimiento, avion_idavion) VALUES (246, 24,'Ventana derecha', '2013-06-01', 5);
INSERT INTO asiento(idasiento, numeroasiento, ubicacion, fechaultimomantenimiento, avion_idavion) VALUES (247, 25,'Ventana izquierda', '2013-06-01', 5);
INSERT INTO asiento(idasiento, numeroasiento, ubicacion, fechaultimomantenimiento, avion_idavion) VALUES (248, 26,'Ventana derecha', '2013-06-01', 5);
INSERT INTO asiento(idasiento, numeroasiento, ubicacion, fechaultimomantenimiento, avion_idavion) VALUES (249, 27,'Ventana izquierda', '2013-06-01', 5);
INSERT INTO asiento(idasiento, numeroasiento, ubicacion, fechaultimomantenimiento, avion_idavion) VALUES (250, 28,'Ventana derecha', '2013-06-01', 5);
INSERT INTO asiento(idasiento, numeroasiento, ubicacion, fechaultimomantenimiento, avion_idavion) VALUES (251, 29,'Ventana Izquierda', '2013-06-01', 5);
INSERT INTO asiento(idasiento, numeroasiento, ubicacion, fechaultimomantenimiento, avion_idavion) VALUES (252, 30,'Ventana derecha', '2013-06-01', 5);
    	
INSERT INTO asiento(idasiento, numeroasiento, ubicacion, fechaultimomantenimiento, avion_idavion) VALUES (253, 31,'Ventana derecha', '2013-06-01', 5);
INSERT INTO asiento(idasiento, numeroasiento, ubicacion, fechaultimomantenimiento, avion_idavion) VALUES (254, 32,'Ventana izquierda', '2013-06-01', 5);
INSERT INTO asiento(idasiento, numeroasiento, ubicacion, fechaultimomantenimiento, avion_idavion) VALUES (255, 33,'Ventana derecha', '2013-06-01', 5);
INSERT INTO asiento(idasiento, numeroasiento, ubicacion, fechaultimomantenimiento, avion_idavion) VALUES (256, 34,'Ventana izquierda', '2013-06-01', 5);
INSERT INTO asiento(idasiento, numeroasiento, ubicacion, fechaultimomantenimiento, avion_idavion) VALUES (257, 35,'Ventana derecha', '2013-06-01', 5);
INSERT INTO asiento(idasiento, numeroasiento, ubicacion, fechaultimomantenimiento, avion_idavion) VALUES (258, 36,'Ventana izquierda', '2013-06-01', 5);
INSERT INTO asiento(idasiento, numeroasiento, ubicacion, fechaultimomantenimiento, avion_idavion) VALUES (259, 37,'Ventana derecha', '2013-06-01', 5);
INSERT INTO asiento(idasiento, numeroasiento, ubicacion, fechaultimomantenimiento, avion_idavion) VALUES (260, 38,'Ventana izquierda', '2013-06-01', 5);
INSERT INTO asiento(idasiento, numeroasiento, ubicacion, fechaultimomantenimiento, avion_idavion) VALUES (261, 39,'Ventana derecha', '2013-06-01', 5);
INSERT INTO asiento(idasiento, numeroasiento, ubicacion, fechaultimomantenimiento, avion_idavion) VALUES (262, 40,'Ventana izquierda', '2013-06-01', 5);
INSERT INTO asiento(idasiento, numeroasiento, ubicacion, fechaultimomantenimiento, avion_idavion) VALUES (263, 41,'Ventana derecha', '2013-06-01', 5);
INSERT INTO asiento(idasiento, numeroasiento, ubicacion, fechaultimomantenimiento, avion_idavion) VALUES (264, 42,'Ventana izquierda', '2013-06-01', 5);
INSERT INTO asiento(idasiento, numeroasiento, ubicacion, fechaultimomantenimiento, avion_idavion) VALUES (265, 43,'Ventana derecha', '2013-06-01', 5);
INSERT INTO asiento(idasiento, numeroasiento, ubicacion, fechaultimomantenimiento, avion_idavion) VALUES (266, 44,'Ventana Izquierda', '2013-06-01', 5);
INSERT INTO asiento(idasiento, numeroasiento, ubicacion, fechaultimomantenimiento, avion_idavion) VALUES (267, 45,'Ventana derecha', '2013-06-01', 5);    
INSERT INTO asiento(idasiento, numeroasiento, ubicacion, fechaultimomantenimiento, avion_idavion) VALUES (268, 46,'Ventana Izquierda', '2013-06-01', 5);
INSERT INTO asiento(idasiento, numeroasiento, ubicacion, fechaultimomantenimiento, avion_idavion) VALUES (269, 47,'Ventana derecha', '2013-06-01', 5);    
INSERT INTO asiento(idasiento, numeroasiento, ubicacion, fechaultimomantenimiento, avion_idavion) VALUES (270, 48,'Ventana Izquierda', '2013-06-01', 5);
INSERT INTO asiento(idasiento, numeroasiento, ubicacion, fechaultimomantenimiento, avion_idavion) VALUES (271, 49,'Ventana derecha', '2013-06-01', 5);    
INSERT INTO asiento(idasiento, numeroasiento, ubicacion, fechaultimomantenimiento, avion_idavion) VALUES (272, 50,'Ventana Izquierda', '2013-06-01', 5);
INSERT INTO asiento(idasiento, numeroasiento, ubicacion, fechaultimomantenimiento, avion_idavion) VALUES (273, 51,'Ventana derecha', '2013-06-01', 5);    
INSERT INTO asiento(idasiento, numeroasiento, ubicacion, fechaultimomantenimiento, avion_idavion) VALUES (274, 52,'Ventana Izquierda', '2013-06-01', 5);
INSERT INTO asiento(idasiento, numeroasiento, ubicacion, fechaultimomantenimiento, avion_idavion) VALUES (275, 53,'Ventana derecha', '2013-06-01', 5);    
INSERT INTO asiento(idasiento, numeroasiento, ubicacion, fechaultimomantenimiento, avion_idavion) VALUES (276, 54,'Ventana Izquierda', '2013-06-01', 5);
INSERT INTO asiento(idasiento, numeroasiento, ubicacion, fechaultimomantenimiento, avion_idavion) VALUES (277, 55,'Ventana derecha', '2013-06-01', 5);    
INSERT INTO asiento(idasiento, numeroasiento, ubicacion, fechaultimomantenimiento, avion_idavion) VALUES (278, 56,'Ventana Izquierda', '2013-06-01', 5);
INSERT INTO asiento(idasiento, numeroasiento, ubicacion, fechaultimomantenimiento, avion_idavion) VALUES (279, 57,'Ventana derecha', '2013-06-01', 5);    
INSERT INTO asiento(idasiento, numeroasiento, ubicacion, fechaultimomantenimiento, avion_idavion) VALUES (280, 58,'Ventana Izquierda', '2013-06-01', 5);
INSERT INTO asiento(idasiento, numeroasiento, ubicacion, fechaultimomantenimiento, avion_idavion) VALUES (281, 59,'Ventana derecha', '2013-06-01', 5);    
INSERT INTO asiento(idasiento, numeroasiento, ubicacion, fechaultimomantenimiento, avion_idavion) VALUES (282, 60,'Ventana Izquierda', '2013-06-01', 5);
INSERT INTO asiento(idasiento, numeroasiento, ubicacion, fechaultimomantenimiento, avion_idavion) VALUES (283, 61,'Ventana derecha', '2013-06-01', 5);    
INSERT INTO asiento(idasiento, numeroasiento, ubicacion, fechaultimomantenimiento, avion_idavion) VALUES (284, 62,'Ventana Izquierda', '2013-06-01', 5);
INSERT INTO asiento(idasiento, numeroasiento, ubicacion, fechaultimomantenimiento, avion_idavion) VALUES (285, 63,'Ventana derecha', '2013-06-01', 5);    
INSERT INTO asiento(idasiento, numeroasiento, ubicacion, fechaultimomantenimiento, avion_idavion) VALUES (286, 64,'Ventana Izquierda', '2013-06-01', 5);
INSERT INTO asiento(idasiento, numeroasiento, ubicacion, fechaultimomantenimiento, avion_idavion) VALUES (287, 65,'Ventana derecha', '2013-06-01', 5);    
INSERT INTO asiento(idasiento, numeroasiento, ubicacion, fechaultimomantenimiento, avion_idavion) VALUES (288, 66,'Ventana Izquierda', '2013-06-01', 5);
INSERT INTO asiento(idasiento, numeroasiento, ubicacion, fechaultimomantenimiento, avion_idavion) VALUES (289, 67,'Ventana derecha', '2013-06-01', 5);    
INSERT INTO asiento(idasiento, numeroasiento, ubicacion, fechaultimomantenimiento, avion_idavion) VALUES (290, 68,'Ventana Izquierda', '2013-06-01', 5);
INSERT INTO asiento(idasiento, numeroasiento, ubicacion, fechaultimomantenimiento, avion_idavion) VALUES (291, 69,'Ventana derecha', '2013-06-01', 5);    
INSERT INTO asiento(idasiento, numeroasiento, ubicacion, fechaultimomantenimiento, avion_idavion) VALUES (292, 70,'Ventana Izquierda', '2013-06-01', 5);
INSERT INTO asiento(idasiento, numeroasiento, ubicacion, fechaultimomantenimiento, avion_idavion) VALUES (293, 71,'Ventana derecha', '2013-06-01', 5);    
INSERT INTO asiento(idasiento, numeroasiento, ubicacion, fechaultimomantenimiento, avion_idavion) VALUES (294, 72,'Ventana Izquierda', '2013-06-01', 5);
INSERT INTO asiento(idasiento, numeroasiento, ubicacion, fechaultimomantenimiento, avion_idavion) VALUES (295, 73,'Ventana derecha', '2013-06-01', 5);    

INSERT INTO asiento(idasiento, numeroasiento, ubicacion, fechaultimomantenimiento, avion_idavion) VALUES (296, 1,'Ventana derecha', '2013-06-01', 6);
INSERT INTO asiento(idasiento, numeroasiento, ubicacion, fechaultimomantenimiento, avion_idavion) VALUES (297, 2,'Ventana izquierda', '2013-06-01', 6);
INSERT INTO asiento(idasiento, numeroasiento, ubicacion, fechaultimomantenimiento, avion_idavion) VALUES (298, 3,'Ventana derecha', '2013-06-01', 6);
INSERT INTO asiento(idasiento, numeroasiento, ubicacion, fechaultimomantenimiento, avion_idavion) VALUES (299, 4,'Ventana izquierda', '2013-06-01', 6);
INSERT INTO asiento(idasiento, numeroasiento, ubicacion, fechaultimomantenimiento, avion_idavion) VALUES (300, 5,'Ventana derecha', '2013-06-01', 6);
INSERT INTO asiento(idasiento, numeroasiento, ubicacion, fechaultimomantenimiento, avion_idavion) VALUES (301, 6,'Ventana izquierda', '2013-06-01', 6);
INSERT INTO asiento(idasiento, numeroasiento, ubicacion, fechaultimomantenimiento, avion_idavion) VALUES (302, 7,'Ventana derecha', '2013-06-01', 6);
INSERT INTO asiento(idasiento, numeroasiento, ubicacion, fechaultimomantenimiento, avion_idavion) VALUES (303, 8,'Ventana izquierda', '2013-06-01', 6);
INSERT INTO asiento(idasiento, numeroasiento, ubicacion, fechaultimomantenimiento, avion_idavion) VALUES (304, 9,'Ventana derecha', '2013-06-01', 6);
INSERT INTO asiento(idasiento, numeroasiento, ubicacion, fechaultimomantenimiento, avion_idavion) VALUES (305, 10,'Ventana izquierda', '2013-06-01', 6);
INSERT INTO asiento(idasiento, numeroasiento, ubicacion, fechaultimomantenimiento, avion_idavion) VALUES (306, 11,'Ventana derecha', '2013-06-01', 6);
INSERT INTO asiento(idasiento, numeroasiento, ubicacion, fechaultimomantenimiento, avion_idavion) VALUES (307, 12,'Ventana izquierda', '2013-06-01', 6);
INSERT INTO asiento(idasiento, numeroasiento, ubicacion, fechaultimomantenimiento, avion_idavion) VALUES (308, 13,'Ventana derecha', '2013-06-01', 6);
INSERT INTO asiento(idasiento, numeroasiento, ubicacion, fechaultimomantenimiento, avion_idavion) VALUES (309, 14,'Ventana Izquierda', '2013-06-01', 6);
INSERT INTO asiento(idasiento, numeroasiento, ubicacion, fechaultimomantenimiento, avion_idavion) VALUES (310, 15,'Ventana derecha', '2013-06-01', 6);

INSERT INTO asiento(idasiento, numeroasiento, ubicacion, fechaultimomantenimiento, avion_idavion) VALUES (311, 16,'Ventana derecha', '2013-06-01', 6);
INSERT INTO asiento(idasiento, numeroasiento, ubicacion, fechaultimomantenimiento, avion_idavion) VALUES (312, 17,'Ventana izquierda', '2013-06-01', 6);
INSERT INTO asiento(idasiento, numeroasiento, ubicacion, fechaultimomantenimiento, avion_idavion) VALUES (313, 18,'Ventana derecha', '2013-06-01', 6);
INSERT INTO asiento(idasiento, numeroasiento, ubicacion, fechaultimomantenimiento, avion_idavion) VALUES (314, 19,'Ventana izquierda', '2013-06-01', 6);
INSERT INTO asiento(idasiento, numeroasiento, ubicacion, fechaultimomantenimiento, avion_idavion) VALUES (315, 20,'Ventana derecha', '2013-06-01', 6);
INSERT INTO asiento(idasiento, numeroasiento, ubicacion, fechaultimomantenimiento, avion_idavion) VALUES (316, 21,'Ventana izquierda', '2013-06-01', 6);
INSERT INTO asiento(idasiento, numeroasiento, ubicacion, fechaultimomantenimiento, avion_idavion) VALUES (317, 22,'Ventana derecha', '2013-06-01', 6);
INSERT INTO asiento(idasiento, numeroasiento, ubicacion, fechaultimomantenimiento, avion_idavion) VALUES (318, 23,'Ventana izquierda', '2013-06-01', 6);
INSERT INTO asiento(idasiento, numeroasiento, ubicacion, fechaultimomantenimiento, avion_idavion) VALUES (319, 24,'Ventana derecha', '2013-06-01', 6);
INSERT INTO asiento(idasiento, numeroasiento, ubicacion, fechaultimomantenimiento, avion_idavion) VALUES (320, 25,'Ventana izquierda', '2013-06-01', 6);
INSERT INTO asiento(idasiento, numeroasiento, ubicacion, fechaultimomantenimiento, avion_idavion) VALUES (321, 26,'Ventana derecha', '2013-06-01', 6);
INSERT INTO asiento(idasiento, numeroasiento, ubicacion, fechaultimomantenimiento, avion_idavion) VALUES (322, 27,'Ventana izquierda', '2013-06-01', 6);
INSERT INTO asiento(idasiento, numeroasiento, ubicacion, fechaultimomantenimiento, avion_idavion) VALUES (323, 28,'Ventana derecha', '2013-06-01', 6);
INSERT INTO asiento(idasiento, numeroasiento, ubicacion, fechaultimomantenimiento, avion_idavion) VALUES (324, 29,'Ventana Izquierda', '2013-06-01', 6);
INSERT INTO asiento(idasiento, numeroasiento, ubicacion, fechaultimomantenimiento, avion_idavion) VALUES (325, 30,'Ventana derecha', '2013-06-01', 6);
    	
INSERT INTO asiento(idasiento, numeroasiento, ubicacion, fechaultimomantenimiento, avion_idavion) VALUES (326, 31,'Ventana derecha', '2013-06-01', 6);
INSERT INTO asiento(idasiento, numeroasiento, ubicacion, fechaultimomantenimiento, avion_idavion) VALUES (327, 32,'Ventana izquierda', '2013-06-01', 6);
INSERT INTO asiento(idasiento, numeroasiento, ubicacion, fechaultimomantenimiento, avion_idavion) VALUES (328, 33,'Ventana derecha', '2013-06-01', 6);
INSERT INTO asiento(idasiento, numeroasiento, ubicacion, fechaultimomantenimiento, avion_idavion) VALUES (329, 34,'Ventana izquierda', '2013-06-01', 6);
INSERT INTO asiento(idasiento, numeroasiento, ubicacion, fechaultimomantenimiento, avion_idavion) VALUES (330, 35,'Ventana derecha', '2013-06-01', 6);
INSERT INTO asiento(idasiento, numeroasiento, ubicacion, fechaultimomantenimiento, avion_idavion) VALUES (331, 36,'Ventana izquierda', '2013-06-01', 6);
INSERT INTO asiento(idasiento, numeroasiento, ubicacion, fechaultimomantenimiento, avion_idavion) VALUES (332, 37,'Ventana derecha', '2013-06-01', 6);
INSERT INTO asiento(idasiento, numeroasiento, ubicacion, fechaultimomantenimiento, avion_idavion) VALUES (333, 38,'Ventana izquierda', '2013-06-01', 6);
INSERT INTO asiento(idasiento, numeroasiento, ubicacion, fechaultimomantenimiento, avion_idavion) VALUES (334, 39,'Ventana derecha', '2013-06-01', 6);
INSERT INTO asiento(idasiento, numeroasiento, ubicacion, fechaultimomantenimiento, avion_idavion) VALUES (335, 40,'Ventana izquierda', '2013-06-01', 6);
INSERT INTO asiento(idasiento, numeroasiento, ubicacion, fechaultimomantenimiento, avion_idavion) VALUES (336, 41,'Ventana derecha', '2013-06-01', 6);
INSERT INTO asiento(idasiento, numeroasiento, ubicacion, fechaultimomantenimiento, avion_idavion) VALUES (337, 42,'Ventana izquierda', '2013-06-01', 6);
INSERT INTO asiento(idasiento, numeroasiento, ubicacion, fechaultimomantenimiento, avion_idavion) VALUES (338, 43,'Ventana derecha', '2013-06-01', 6);
INSERT INTO asiento(idasiento, numeroasiento, ubicacion, fechaultimomantenimiento, avion_idavion) VALUES (339, 44,'Ventana Izquierda', '2013-06-01', 6);
INSERT INTO asiento(idasiento, numeroasiento, ubicacion, fechaultimomantenimiento, avion_idavion) VALUES (340, 45,'Ventana derecha', '2013-06-01', 6);    
INSERT INTO asiento(idasiento, numeroasiento, ubicacion, fechaultimomantenimiento, avion_idavion) VALUES (341, 46,'Ventana Izquierda', '2013-06-01', 6);
INSERT INTO asiento(idasiento, numeroasiento, ubicacion, fechaultimomantenimiento, avion_idavion) VALUES (342, 47,'Ventana derecha', '2013-06-01', 6);    
INSERT INTO asiento(idasiento, numeroasiento, ubicacion, fechaultimomantenimiento, avion_idavion) VALUES (343, 48,'Ventana Izquierda', '2013-06-01', 6);
INSERT INTO asiento(idasiento, numeroasiento, ubicacion, fechaultimomantenimiento, avion_idavion) VALUES (344, 49,'Ventana derecha', '2013-06-01', 6);    

INSERT INTO asiento(idasiento, numeroasiento, ubicacion, fechaultimomantenimiento, avion_idavion) VALUES (345, 1,'Ventana derecha', '2013-06-01', 7);
INSERT INTO asiento(idasiento, numeroasiento, ubicacion, fechaultimomantenimiento, avion_idavion) VALUES (346, 2,'Ventana izquierda', '2013-06-01', 7);
INSERT INTO asiento(idasiento, numeroasiento, ubicacion, fechaultimomantenimiento, avion_idavion) VALUES (347, 3,'Ventana derecha', '2013-06-01', 7);
INSERT INTO asiento(idasiento, numeroasiento, ubicacion, fechaultimomantenimiento, avion_idavion) VALUES (348, 4,'Ventana izquierda', '2013-06-01', 7);
INSERT INTO asiento(idasiento, numeroasiento, ubicacion, fechaultimomantenimiento, avion_idavion) VALUES (349, 5,'Ventana derecha', '2013-06-01', 7);
INSERT INTO asiento(idasiento, numeroasiento, ubicacion, fechaultimomantenimiento, avion_idavion) VALUES (350, 6,'Ventana izquierda', '2013-06-01', 7);
INSERT INTO asiento(idasiento, numeroasiento, ubicacion, fechaultimomantenimiento, avion_idavion) VALUES (351, 7,'Ventana derecha', '2013-06-01', 7);
INSERT INTO asiento(idasiento, numeroasiento, ubicacion, fechaultimomantenimiento, avion_idavion) VALUES (352, 8,'Ventana izquierda', '2013-06-01', 7);
INSERT INTO asiento(idasiento, numeroasiento, ubicacion, fechaultimomantenimiento, avion_idavion) VALUES (353, 9,'Ventana derecha', '2013-06-01', 7);
INSERT INTO asiento(idasiento, numeroasiento, ubicacion, fechaultimomantenimiento, avion_idavion) VALUES (354, 10,'Ventana izquierda', '2013-06-01', 7);
INSERT INTO asiento(idasiento, numeroasiento, ubicacion, fechaultimomantenimiento, avion_idavion) VALUES (355, 11,'Ventana derecha', '2013-06-01', 7);
INSERT INTO asiento(idasiento, numeroasiento, ubicacion, fechaultimomantenimiento, avion_idavion) VALUES (356, 12,'Ventana izquierda', '2013-06-01', 7);
INSERT INTO asiento(idasiento, numeroasiento, ubicacion, fechaultimomantenimiento, avion_idavion) VALUES (357, 13,'Ventana derecha', '2013-06-01', 7);
INSERT INTO asiento(idasiento, numeroasiento, ubicacion, fechaultimomantenimiento, avion_idavion) VALUES (358, 14,'Ventana Izquierda', '2013-06-01', 7);
INSERT INTO asiento(idasiento, numeroasiento, ubicacion, fechaultimomantenimiento, avion_idavion) VALUES (359, 15,'Ventana derecha', '2013-06-01', 7);

INSERT INTO asiento(idasiento, numeroasiento, ubicacion, fechaultimomantenimiento, avion_idavion) VALUES (360, 16,'Ventana derecha', '2013-06-01', 7);
INSERT INTO asiento(idasiento, numeroasiento, ubicacion, fechaultimomantenimiento, avion_idavion) VALUES (361, 17,'Ventana izquierda', '2013-06-01', 7);
INSERT INTO asiento(idasiento, numeroasiento, ubicacion, fechaultimomantenimiento, avion_idavion) VALUES (362, 18,'Ventana derecha', '2013-06-01', 7);
INSERT INTO asiento(idasiento, numeroasiento, ubicacion, fechaultimomantenimiento, avion_idavion) VALUES (363, 19,'Ventana izquierda', '2013-06-01', 7);
INSERT INTO asiento(idasiento, numeroasiento, ubicacion, fechaultimomantenimiento, avion_idavion) VALUES (364, 20,'Ventana derecha', '2013-06-01', 7);
INSERT INTO asiento(idasiento, numeroasiento, ubicacion, fechaultimomantenimiento, avion_idavion) VALUES (365, 21,'Ventana izquierda', '2013-06-01', 7);
INSERT INTO asiento(idasiento, numeroasiento, ubicacion, fechaultimomantenimiento, avion_idavion) VALUES (366, 22,'Ventana derecha', '2013-06-01', 7);
INSERT INTO asiento(idasiento, numeroasiento, ubicacion, fechaultimomantenimiento, avion_idavion) VALUES (367, 23,'Ventana izquierda', '2013-06-01', 7);
INSERT INTO asiento(idasiento, numeroasiento, ubicacion, fechaultimomantenimiento, avion_idavion) VALUES (368, 24,'Ventana derecha', '2013-06-01', 7);
INSERT INTO asiento(idasiento, numeroasiento, ubicacion, fechaultimomantenimiento, avion_idavion) VALUES (369, 25,'Ventana izquierda', '2013-06-01', 7);
INSERT INTO asiento(idasiento, numeroasiento, ubicacion, fechaultimomantenimiento, avion_idavion) VALUES (370, 26,'Ventana derecha', '2013-06-01', 7);
INSERT INTO asiento(idasiento, numeroasiento, ubicacion, fechaultimomantenimiento, avion_idavion) VALUES (371, 27,'Ventana izquierda', '2013-06-01', 7);
INSERT INTO asiento(idasiento, numeroasiento, ubicacion, fechaultimomantenimiento, avion_idavion) VALUES (372, 28,'Ventana derecha', '2013-06-01', 7);
INSERT INTO asiento(idasiento, numeroasiento, ubicacion, fechaultimomantenimiento, avion_idavion) VALUES (373, 29,'Ventana Izquierda', '2013-06-01', 7);
INSERT INTO asiento(idasiento, numeroasiento, ubicacion, fechaultimomantenimiento, avion_idavion) VALUES (374, 30,'Ventana derecha', '2013-06-01', 7);
    	
INSERT INTO asiento(idasiento, numeroasiento, ubicacion, fechaultimomantenimiento, avion_idavion) VALUES (375, 31,'Ventana derecha', '2013-06-01', 7);
INSERT INTO asiento(idasiento, numeroasiento, ubicacion, fechaultimomantenimiento, avion_idavion) VALUES (376, 32,'Ventana izquierda', '2013-06-01', 7);
INSERT INTO asiento(idasiento, numeroasiento, ubicacion, fechaultimomantenimiento, avion_idavion) VALUES (377, 33,'Ventana derecha', '2013-06-01', 7);
INSERT INTO asiento(idasiento, numeroasiento, ubicacion, fechaultimomantenimiento, avion_idavion) VALUES (378, 34,'Ventana izquierda', '2013-06-01', 7);
INSERT INTO asiento(idasiento, numeroasiento, ubicacion, fechaultimomantenimiento, avion_idavion) VALUES (379, 35,'Ventana derecha', '2013-06-01', 7);
INSERT INTO asiento(idasiento, numeroasiento, ubicacion, fechaultimomantenimiento, avion_idavion) VALUES (380, 36,'Ventana izquierda', '2013-06-01', 7);
INSERT INTO asiento(idasiento, numeroasiento, ubicacion, fechaultimomantenimiento, avion_idavion) VALUES (381, 37,'Ventana derecha', '2013-06-01', 7);
INSERT INTO asiento(idasiento, numeroasiento, ubicacion, fechaultimomantenimiento, avion_idavion) VALUES (382, 38,'Ventana izquierda', '2013-06-01', 7);
INSERT INTO asiento(idasiento, numeroasiento, ubicacion, fechaultimomantenimiento, avion_idavion) VALUES (383, 39,'Ventana derecha', '2013-06-01', 7);
INSERT INTO asiento(idasiento, numeroasiento, ubicacion, fechaultimomantenimiento, avion_idavion) VALUES (384, 40,'Ventana izquierda', '2013-06-01', 7);
INSERT INTO asiento(idasiento, numeroasiento, ubicacion, fechaultimomantenimiento, avion_idavion) VALUES (385, 41,'Ventana derecha', '2013-06-01', 7);
INSERT INTO asiento(idasiento, numeroasiento, ubicacion, fechaultimomantenimiento, avion_idavion) VALUES (386, 42,'Ventana izquierda', '2013-06-01', 7);
INSERT INTO asiento(idasiento, numeroasiento, ubicacion, fechaultimomantenimiento, avion_idavion) VALUES (387, 43,'Ventana derecha', '2013-06-01', 7);
INSERT INTO asiento(idasiento, numeroasiento, ubicacion, fechaultimomantenimiento, avion_idavion) VALUES (388, 44,'Ventana Izquierda', '2013-06-01', 7);
INSERT INTO asiento(idasiento, numeroasiento, ubicacion, fechaultimomantenimiento, avion_idavion) VALUES (389, 45,'Ventana derecha', '2013-06-01', 7);    
INSERT INTO asiento(idasiento, numeroasiento, ubicacion, fechaultimomantenimiento, avion_idavion) VALUES (390, 46,'Ventana Izquierda', '2013-06-01', 7);
INSERT INTO asiento(idasiento, numeroasiento, ubicacion, fechaultimomantenimiento, avion_idavion) VALUES (391, 47,'Ventana derecha', '2013-06-01', 7);    
INSERT INTO asiento(idasiento, numeroasiento, ubicacion, fechaultimomantenimiento, avion_idavion) VALUES (392, 48,'Ventana Izquierda', '2013-06-01', 7);
INSERT INTO asiento(idasiento, numeroasiento, ubicacion, fechaultimomantenimiento, avion_idavion) VALUES (393, 49,'Ventana derecha', '2013-06-01', 7);    
INSERT INTO asiento(idasiento, numeroasiento, ubicacion, fechaultimomantenimiento, avion_idavion) VALUES (394, 50,'Ventana Izquierda', '2013-06-01', 7);
INSERT INTO asiento(idasiento, numeroasiento, ubicacion, fechaultimomantenimiento, avion_idavion) VALUES (395, 51,'Ventana derecha', '2013-06-01', 7);    
INSERT INTO asiento(idasiento, numeroasiento, ubicacion, fechaultimomantenimiento, avion_idavion) VALUES (396, 52,'Ventana Izquierda', '2013-06-01', 7);
INSERT INTO asiento(idasiento, numeroasiento, ubicacion, fechaultimomantenimiento, avion_idavion) VALUES (397, 53,'Ventana derecha', '2013-06-01', 7);    
INSERT INTO asiento(idasiento, numeroasiento, ubicacion, fechaultimomantenimiento, avion_idavion) VALUES (398, 54,'Ventana Izquierda', '2013-06-01', 7);
INSERT INTO asiento(idasiento, numeroasiento, ubicacion, fechaultimomantenimiento, avion_idavion) VALUES (399, 55,'Ventana derecha', '2013-06-01', 7);    
INSERT INTO asiento(idasiento, numeroasiento, ubicacion, fechaultimomantenimiento, avion_idavion) VALUES (400, 56,'Ventana Izquierda', '2013-06-01', 7);

INSERT INTO asiento(idasiento, numeroasiento, ubicacion, fechaultimomantenimiento, avion_idavion) VALUES (401, 1,'Ventana derecha', '2013-06-01', 8);
INSERT INTO asiento(idasiento, numeroasiento, ubicacion, fechaultimomantenimiento, avion_idavion) VALUES (402, 2,'Ventana izquierda', '2013-06-01', 8);
INSERT INTO asiento(idasiento, numeroasiento, ubicacion, fechaultimomantenimiento, avion_idavion) VALUES (403, 3,'Ventana derecha', '2013-06-01', 8);
INSERT INTO asiento(idasiento, numeroasiento, ubicacion, fechaultimomantenimiento, avion_idavion) VALUES (404, 4,'Ventana izquierda', '2013-06-01', 8);
INSERT INTO asiento(idasiento, numeroasiento, ubicacion, fechaultimomantenimiento, avion_idavion) VALUES (405, 5,'Ventana derecha', '2013-06-01', 8);
INSERT INTO asiento(idasiento, numeroasiento, ubicacion, fechaultimomantenimiento, avion_idavion) VALUES (406, 6,'Ventana izquierda', '2013-06-01', 8);
INSERT INTO asiento(idasiento, numeroasiento, ubicacion, fechaultimomantenimiento, avion_idavion) VALUES (407, 7,'Ventana derecha', '2013-06-01', 8);
INSERT INTO asiento(idasiento, numeroasiento, ubicacion, fechaultimomantenimiento, avion_idavion) VALUES (408, 8,'Ventana izquierda', '2013-06-01', 8);
INSERT INTO asiento(idasiento, numeroasiento, ubicacion, fechaultimomantenimiento, avion_idavion) VALUES (409, 9,'Ventana derecha', '2013-06-01', 8);
INSERT INTO asiento(idasiento, numeroasiento, ubicacion, fechaultimomantenimiento, avion_idavion) VALUES (410, 10,'Ventana izquierda', '2013-06-01', 8);
INSERT INTO asiento(idasiento, numeroasiento, ubicacion, fechaultimomantenimiento, avion_idavion) VALUES (411, 11,'Ventana derecha', '2013-06-01', 8);
INSERT INTO asiento(idasiento, numeroasiento, ubicacion, fechaultimomantenimiento, avion_idavion) VALUES (412, 12,'Ventana izquierda', '2013-06-01', 8);
INSERT INTO asiento(idasiento, numeroasiento, ubicacion, fechaultimomantenimiento, avion_idavion) VALUES (413, 13,'Ventana derecha', '2013-06-01', 8);
INSERT INTO asiento(idasiento, numeroasiento, ubicacion, fechaultimomantenimiento, avion_idavion) VALUES (414, 14,'Ventana Izquierda', '2013-06-01', 8);
INSERT INTO asiento(idasiento, numeroasiento, ubicacion, fechaultimomantenimiento, avion_idavion) VALUES (415, 15,'Ventana derecha', '2013-06-01', 8);

INSERT INTO asiento(idasiento, numeroasiento, ubicacion, fechaultimomantenimiento, avion_idavion) VALUES (416, 16,'Ventana derecha', '2013-06-01', 8);
INSERT INTO asiento(idasiento, numeroasiento, ubicacion, fechaultimomantenimiento, avion_idavion) VALUES (417, 17,'Ventana izquierda', '2013-06-01', 8);
INSERT INTO asiento(idasiento, numeroasiento, ubicacion, fechaultimomantenimiento, avion_idavion) VALUES (418, 18,'Ventana derecha', '2013-06-01', 8);
INSERT INTO asiento(idasiento, numeroasiento, ubicacion, fechaultimomantenimiento, avion_idavion) VALUES (419, 19,'Ventana izquierda', '2013-06-01', 8);
INSERT INTO asiento(idasiento, numeroasiento, ubicacion, fechaultimomantenimiento, avion_idavion) VALUES (420, 20,'Ventana derecha', '2013-06-01', 8);
INSERT INTO asiento(idasiento, numeroasiento, ubicacion, fechaultimomantenimiento, avion_idavion) VALUES (421, 21,'Ventana izquierda', '2013-06-01', 8);
INSERT INTO asiento(idasiento, numeroasiento, ubicacion, fechaultimomantenimiento, avion_idavion) VALUES (422, 22,'Ventana derecha', '2013-06-01', 8);
INSERT INTO asiento(idasiento, numeroasiento, ubicacion, fechaultimomantenimiento, avion_idavion) VALUES (423, 23,'Ventana izquierda', '2013-06-01', 8);
INSERT INTO asiento(idasiento, numeroasiento, ubicacion, fechaultimomantenimiento, avion_idavion) VALUES (424, 24,'Ventana derecha', '2013-06-01', 8);
INSERT INTO asiento(idasiento, numeroasiento, ubicacion, fechaultimomantenimiento, avion_idavion) VALUES (425, 25,'Ventana izquierda', '2013-06-01', 8);
INSERT INTO asiento(idasiento, numeroasiento, ubicacion, fechaultimomantenimiento, avion_idavion) VALUES (426, 26,'Ventana derecha', '2013-06-01', 8);
INSERT INTO asiento(idasiento, numeroasiento, ubicacion, fechaultimomantenimiento, avion_idavion) VALUES (427, 27,'Ventana izquierda', '2013-06-01', 8);
INSERT INTO asiento(idasiento, numeroasiento, ubicacion, fechaultimomantenimiento, avion_idavion) VALUES (428, 28,'Ventana derecha', '2013-06-01', 8);
INSERT INTO asiento(idasiento, numeroasiento, ubicacion, fechaultimomantenimiento, avion_idavion) VALUES (429, 29,'Ventana Izquierda', '2013-06-01', 8);
INSERT INTO asiento(idasiento, numeroasiento, ubicacion, fechaultimomantenimiento, avion_idavion) VALUES (430, 30,'Ventana derecha', '2013-06-01', 8);
    	
INSERT INTO asiento(idasiento, numeroasiento, ubicacion, fechaultimomantenimiento, avion_idavion) VALUES (431, 31,'Ventana derecha', '2013-06-01', 8);
INSERT INTO asiento(idasiento, numeroasiento, ubicacion, fechaultimomantenimiento, avion_idavion) VALUES (432, 32,'Ventana izquierda', '2013-06-01', 8);
INSERT INTO asiento(idasiento, numeroasiento, ubicacion, fechaultimomantenimiento, avion_idavion) VALUES (433, 33,'Ventana derecha', '2013-06-01', 8);
INSERT INTO asiento(idasiento, numeroasiento, ubicacion, fechaultimomantenimiento, avion_idavion) VALUES (434, 34,'Ventana izquierda', '2013-06-01', 8);
INSERT INTO asiento(idasiento, numeroasiento, ubicacion, fechaultimomantenimiento, avion_idavion) VALUES (435, 35,'Ventana derecha', '2013-06-01', 8);
INSERT INTO asiento(idasiento, numeroasiento, ubicacion, fechaultimomantenimiento, avion_idavion) VALUES (436, 36,'Ventana izquierda', '2013-06-01', 8);
INSERT INTO asiento(idasiento, numeroasiento, ubicacion, fechaultimomantenimiento, avion_idavion) VALUES (437, 37,'Ventana derecha', '2013-06-01', 8);
INSERT INTO asiento(idasiento, numeroasiento, ubicacion, fechaultimomantenimiento, avion_idavion) VALUES (438, 38,'Ventana izquierda', '2013-06-01', 8);
INSERT INTO asiento(idasiento, numeroasiento, ubicacion, fechaultimomantenimiento, avion_idavion) VALUES (439, 39,'Ventana derecha', '2013-06-01', 8);
INSERT INTO asiento(idasiento, numeroasiento, ubicacion, fechaultimomantenimiento, avion_idavion) VALUES (440, 40,'Ventana izquierda', '2013-06-01', 8);
INSERT INTO asiento(idasiento, numeroasiento, ubicacion, fechaultimomantenimiento, avion_idavion) VALUES (441, 41,'Ventana derecha', '2013-06-01', 8);
INSERT INTO asiento(idasiento, numeroasiento, ubicacion, fechaultimomantenimiento, avion_idavion) VALUES (442, 42,'Ventana izquierda', '2013-06-01', 8);
INSERT INTO asiento(idasiento, numeroasiento, ubicacion, fechaultimomantenimiento, avion_idavion) VALUES (443, 43,'Ventana derecha', '2013-06-01', 8);
INSERT INTO asiento(idasiento, numeroasiento, ubicacion, fechaultimomantenimiento, avion_idavion) VALUES (444, 44,'Ventana Izquierda', '2013-06-01', 8);
INSERT INTO asiento(idasiento, numeroasiento, ubicacion, fechaultimomantenimiento, avion_idavion) VALUES (445, 45,'Ventana derecha', '2013-06-01', 8);    
INSERT INTO asiento(idasiento, numeroasiento, ubicacion, fechaultimomantenimiento, avion_idavion) VALUES (446, 46,'Ventana Izquierda', '2013-06-01', 8);
INSERT INTO asiento(idasiento, numeroasiento, ubicacion, fechaultimomantenimiento, avion_idavion) VALUES (447, 47,'Ventana derecha', '2013-06-01', 8);    
INSERT INTO asiento(idasiento, numeroasiento, ubicacion, fechaultimomantenimiento, avion_idavion) VALUES (448, 48,'Ventana Izquierda', '2013-06-01', 8);
INSERT INTO asiento(idasiento, numeroasiento, ubicacion, fechaultimomantenimiento, avion_idavion) VALUES (449, 49,'Ventana derecha', '2013-06-01', 8);    
INSERT INTO asiento(idasiento, numeroasiento, ubicacion, fechaultimomantenimiento, avion_idavion) VALUES (450, 50,'Ventana Izquierda', '2013-06-01', 8);
INSERT INTO asiento(idasiento, numeroasiento, ubicacion, fechaultimomantenimiento, avion_idavion) VALUES (451, 51,'Ventana derecha', '2013-06-01', 8);    
INSERT INTO asiento(idasiento, numeroasiento, ubicacion, fechaultimomantenimiento, avion_idavion) VALUES (452, 52,'Ventana Izquierda', '2013-06-01', 8);
INSERT INTO asiento(idasiento, numeroasiento, ubicacion, fechaultimomantenimiento, avion_idavion) VALUES (453, 53,'Ventana derecha', '2013-06-01', 8);    
INSERT INTO asiento(idasiento, numeroasiento, ubicacion, fechaultimomantenimiento, avion_idavion) VALUES (454, 54,'Ventana Izquierda', '2013-06-01', 8);
INSERT INTO asiento(idasiento, numeroasiento, ubicacion, fechaultimomantenimiento, avion_idavion) VALUES (455, 55,'Ventana derecha', '2013-06-01', 8);    
INSERT INTO asiento(idasiento, numeroasiento, ubicacion, fechaultimomantenimiento, avion_idavion) VALUES (456, 56,'Ventana Izquierda', '2013-06-01', 8);
INSERT INTO asiento(idasiento, numeroasiento, ubicacion, fechaultimomantenimiento, avion_idavion) VALUES (457, 57,'Ventana derecha', '2013-06-01', 8);    
INSERT INTO asiento(idasiento, numeroasiento, ubicacion, fechaultimomantenimiento, avion_idavion) VALUES (458, 58,'Ventana Izquierda', '2013-06-01', 8);
INSERT INTO asiento(idasiento, numeroasiento, ubicacion, fechaultimomantenimiento, avion_idavion) VALUES (459, 59,'Ventana derecha', '2013-06-01', 8);    
INSERT INTO asiento(idasiento, numeroasiento, ubicacion, fechaultimomantenimiento, avion_idavion) VALUES (460, 60,'Ventana Izquierda', '2013-06-01', 8);
INSERT INTO asiento(idasiento, numeroasiento, ubicacion, fechaultimomantenimiento, avion_idavion) VALUES (461, 61,'Ventana derecha', '2013-06-01', 8);    
INSERT INTO asiento(idasiento, numeroasiento, ubicacion, fechaultimomantenimiento, avion_idavion) VALUES (462, 62,'Ventana Izquierda', '2013-06-01', 8);
INSERT INTO asiento(idasiento, numeroasiento, ubicacion, fechaultimomantenimiento, avion_idavion) VALUES (463, 63,'Ventana derecha', '2013-06-01', 8);    

INSERT INTO asiento(idasiento, numeroasiento, ubicacion, fechaultimomantenimiento, avion_idavion) VALUES (464, 1,'Ventana derecha', '2013-06-01', 9);
INSERT INTO asiento(idasiento, numeroasiento, ubicacion, fechaultimomantenimiento, avion_idavion) VALUES (465, 2,'Ventana izquierda', '2013-06-01', 9);
INSERT INTO asiento(idasiento, numeroasiento, ubicacion, fechaultimomantenimiento, avion_idavion) VALUES (466, 3,'Ventana derecha', '2013-06-01', 9);
INSERT INTO asiento(idasiento, numeroasiento, ubicacion, fechaultimomantenimiento, avion_idavion) VALUES (467, 4,'Ventana izquierda', '2013-06-01', 9);
INSERT INTO asiento(idasiento, numeroasiento, ubicacion, fechaultimomantenimiento, avion_idavion) VALUES (468, 5,'Ventana derecha', '2013-06-01', 9);
INSERT INTO asiento(idasiento, numeroasiento, ubicacion, fechaultimomantenimiento, avion_idavion) VALUES (469, 6,'Ventana izquierda', '2013-06-01', 9);
INSERT INTO asiento(idasiento, numeroasiento, ubicacion, fechaultimomantenimiento, avion_idavion) VALUES (470, 7,'Ventana derecha', '2013-06-01', 9);
INSERT INTO asiento(idasiento, numeroasiento, ubicacion, fechaultimomantenimiento, avion_idavion) VALUES (471, 8,'Ventana izquierda', '2013-06-01', 9);
INSERT INTO asiento(idasiento, numeroasiento, ubicacion, fechaultimomantenimiento, avion_idavion) VALUES (472, 9,'Ventana derecha', '2013-06-01', 9);
INSERT INTO asiento(idasiento, numeroasiento, ubicacion, fechaultimomantenimiento, avion_idavion) VALUES (473, 10,'Ventana izquierda', '2013-06-01', 9);
INSERT INTO asiento(idasiento, numeroasiento, ubicacion, fechaultimomantenimiento, avion_idavion) VALUES (474, 11,'Ventana derecha', '2013-06-01', 9);
INSERT INTO asiento(idasiento, numeroasiento, ubicacion, fechaultimomantenimiento, avion_idavion) VALUES (475, 12,'Ventana izquierda', '2013-06-01', 9);
INSERT INTO asiento(idasiento, numeroasiento, ubicacion, fechaultimomantenimiento, avion_idavion) VALUES (476, 13,'Ventana derecha', '2013-06-01', 9);
INSERT INTO asiento(idasiento, numeroasiento, ubicacion, fechaultimomantenimiento, avion_idavion) VALUES (477, 14,'Ventana Izquierda', '2013-06-01', 9);
INSERT INTO asiento(idasiento, numeroasiento, ubicacion, fechaultimomantenimiento, avion_idavion) VALUES (478, 15,'Ventana derecha', '2013-06-01', 9);

INSERT INTO asiento(idasiento, numeroasiento, ubicacion, fechaultimomantenimiento, avion_idavion) VALUES (479, 16,'Ventana derecha', '2013-06-01', 9);
INSERT INTO asiento(idasiento, numeroasiento, ubicacion, fechaultimomantenimiento, avion_idavion) VALUES (480, 17,'Ventana izquierda', '2013-06-01', 9);
INSERT INTO asiento(idasiento, numeroasiento, ubicacion, fechaultimomantenimiento, avion_idavion) VALUES (481, 18,'Ventana derecha', '2013-06-01', 9);
INSERT INTO asiento(idasiento, numeroasiento, ubicacion, fechaultimomantenimiento, avion_idavion) VALUES (482, 19,'Ventana izquierda', '2013-06-01', 9);
INSERT INTO asiento(idasiento, numeroasiento, ubicacion, fechaultimomantenimiento, avion_idavion) VALUES (483, 20,'Ventana derecha', '2013-06-01', 9);
INSERT INTO asiento(idasiento, numeroasiento, ubicacion, fechaultimomantenimiento, avion_idavion) VALUES (484, 21,'Ventana izquierda', '2013-06-01', 9);
INSERT INTO asiento(idasiento, numeroasiento, ubicacion, fechaultimomantenimiento, avion_idavion) VALUES (485, 22,'Ventana derecha', '2013-06-01', 9);
INSERT INTO asiento(idasiento, numeroasiento, ubicacion, fechaultimomantenimiento, avion_idavion) VALUES (486, 23,'Ventana izquierda', '2013-06-01', 9);
INSERT INTO asiento(idasiento, numeroasiento, ubicacion, fechaultimomantenimiento, avion_idavion) VALUES (487, 24,'Ventana derecha', '2013-06-01', 9);
INSERT INTO asiento(idasiento, numeroasiento, ubicacion, fechaultimomantenimiento, avion_idavion) VALUES (488, 25,'Ventana izquierda', '2013-06-01', 9);
INSERT INTO asiento(idasiento, numeroasiento, ubicacion, fechaultimomantenimiento, avion_idavion) VALUES (489, 26,'Ventana derecha', '2013-06-01', 9);
INSERT INTO asiento(idasiento, numeroasiento, ubicacion, fechaultimomantenimiento, avion_idavion) VALUES (490, 27,'Ventana izquierda', '2013-06-01', 9);
INSERT INTO asiento(idasiento, numeroasiento, ubicacion, fechaultimomantenimiento, avion_idavion) VALUES (491, 28,'Ventana derecha', '2013-06-01', 9);
INSERT INTO asiento(idasiento, numeroasiento, ubicacion, fechaultimomantenimiento, avion_idavion) VALUES (492, 29,'Ventana Izquierda', '2013-06-01', 9);
INSERT INTO asiento(idasiento, numeroasiento, ubicacion, fechaultimomantenimiento, avion_idavion) VALUES (493, 30,'Ventana derecha', '2013-06-01', 9);
    	
INSERT INTO asiento(idasiento, numeroasiento, ubicacion, fechaultimomantenimiento, avion_idavion) VALUES (494, 31,'Ventana derecha', '2013-06-01', 9);
INSERT INTO asiento(idasiento, numeroasiento, ubicacion, fechaultimomantenimiento, avion_idavion) VALUES (495, 32,'Ventana izquierda', '2013-06-01', 9);
INSERT INTO asiento(idasiento, numeroasiento, ubicacion, fechaultimomantenimiento, avion_idavion) VALUES (496, 33,'Ventana derecha', '2013-06-01', 9);
INSERT INTO asiento(idasiento, numeroasiento, ubicacion, fechaultimomantenimiento, avion_idavion) VALUES (497, 34,'Ventana izquierda', '2013-06-01', 9);
INSERT INTO asiento(idasiento, numeroasiento, ubicacion, fechaultimomantenimiento, avion_idavion) VALUES (498, 35,'Ventana derecha', '2013-06-01', 9);
INSERT INTO asiento(idasiento, numeroasiento, ubicacion, fechaultimomantenimiento, avion_idavion) VALUES (499, 36,'Ventana izquierda', '2013-06-01', 9);
INSERT INTO asiento(idasiento, numeroasiento, ubicacion, fechaultimomantenimiento, avion_idavion) VALUES (500, 37,'Ventana derecha', '2013-06-01', 9);
INSERT INTO asiento(idasiento, numeroasiento, ubicacion, fechaultimomantenimiento, avion_idavion) VALUES (501, 38,'Ventana izquierda', '2013-06-01', 9);
INSERT INTO asiento(idasiento, numeroasiento, ubicacion, fechaultimomantenimiento, avion_idavion) VALUES (502, 39,'Ventana derecha', '2013-06-01', 9);
INSERT INTO asiento(idasiento, numeroasiento, ubicacion, fechaultimomantenimiento, avion_idavion) VALUES (503, 40,'Ventana izquierda', '2013-06-01', 9);
INSERT INTO asiento(idasiento, numeroasiento, ubicacion, fechaultimomantenimiento, avion_idavion) VALUES (504, 41,'Ventana derecha', '2013-06-01', 9);
INSERT INTO asiento(idasiento, numeroasiento, ubicacion, fechaultimomantenimiento, avion_idavion) VALUES (505, 42,'Ventana izquierda', '2013-06-01', 9);
INSERT INTO asiento(idasiento, numeroasiento, ubicacion, fechaultimomantenimiento, avion_idavion) VALUES (506, 43,'Ventana derecha', '2013-06-01', 9);
INSERT INTO asiento(idasiento, numeroasiento, ubicacion, fechaultimomantenimiento, avion_idavion) VALUES (507, 44,'Ventana Izquierda', '2013-06-01', 9);
INSERT INTO asiento(idasiento, numeroasiento, ubicacion, fechaultimomantenimiento, avion_idavion) VALUES (508, 45,'Ventana derecha', '2013-06-01', 9);    
INSERT INTO asiento(idasiento, numeroasiento, ubicacion, fechaultimomantenimiento, avion_idavion) VALUES (509, 46,'Ventana Izquierda', '2013-06-01', 9);
INSERT INTO asiento(idasiento, numeroasiento, ubicacion, fechaultimomantenimiento, avion_idavion) VALUES (510, 47,'Ventana derecha', '2013-06-01', 9);    
INSERT INTO asiento(idasiento, numeroasiento, ubicacion, fechaultimomantenimiento, avion_idavion) VALUES (511, 48,'Ventana Izquierda', '2013-06-01', 9);
INSERT INTO asiento(idasiento, numeroasiento, ubicacion, fechaultimomantenimiento, avion_idavion) VALUES (512, 49,'Ventana derecha', '2013-06-01', 9);    
INSERT INTO asiento(idasiento, numeroasiento, ubicacion, fechaultimomantenimiento, avion_idavion) VALUES (513, 50,'Ventana Izquierda', '2013-06-01', 9);
INSERT INTO asiento(idasiento, numeroasiento, ubicacion, fechaultimomantenimiento, avion_idavion) VALUES (514, 51,'Ventana derecha', '2013-06-01', 9);    
INSERT INTO asiento(idasiento, numeroasiento, ubicacion, fechaultimomantenimiento, avion_idavion) VALUES (515, 52,'Ventana Izquierda', '2013-06-01', 9);
INSERT INTO asiento(idasiento, numeroasiento, ubicacion, fechaultimomantenimiento, avion_idavion) VALUES (516, 53,'Ventana derecha', '2013-06-01', 9);    
INSERT INTO asiento(idasiento, numeroasiento, ubicacion, fechaultimomantenimiento, avion_idavion) VALUES (517, 54,'Ventana Izquierda', '2013-06-01', 9);
INSERT INTO asiento(idasiento, numeroasiento, ubicacion, fechaultimomantenimiento, avion_idavion) VALUES (518, 55,'Ventana derecha', '2013-06-01', 9);    
INSERT INTO asiento(idasiento, numeroasiento, ubicacion, fechaultimomantenimiento, avion_idavion) VALUES (519, 56,'Ventana Izquierda', '2013-06-01', 9);
INSERT INTO asiento(idasiento, numeroasiento, ubicacion, fechaultimomantenimiento, avion_idavion) VALUES (520, 57,'Ventana derecha', '2013-06-01', 9);    
INSERT INTO asiento(idasiento, numeroasiento, ubicacion, fechaultimomantenimiento, avion_idavion) VALUES (521, 58,'Ventana Izquierda', '2013-06-01', 9);
INSERT INTO asiento(idasiento, numeroasiento, ubicacion, fechaultimomantenimiento, avion_idavion) VALUES (522, 59,'Ventana derecha', '2013-06-01', 9);    
INSERT INTO asiento(idasiento, numeroasiento, ubicacion, fechaultimomantenimiento, avion_idavion) VALUES (523, 60,'Ventana Izquierda', '2013-06-01', 9);
INSERT INTO asiento(idasiento, numeroasiento, ubicacion, fechaultimomantenimiento, avion_idavion) VALUES (524, 61,'Ventana derecha', '2013-06-01', 9);    
INSERT INTO asiento(idasiento, numeroasiento, ubicacion, fechaultimomantenimiento, avion_idavion) VALUES (525, 62,'Ventana Izquierda', '2013-06-01', 9);
INSERT INTO asiento(idasiento, numeroasiento, ubicacion, fechaultimomantenimiento, avion_idavion) VALUES (526, 63,'Ventana derecha', '2013-06-01', 9);    
INSERT INTO asiento(idasiento, numeroasiento, ubicacion, fechaultimomantenimiento, avion_idavion) VALUES (527, 64,'Ventana Izquierda', '2013-06-01', 9);
INSERT INTO asiento(idasiento, numeroasiento, ubicacion, fechaultimomantenimiento, avion_idavion) VALUES (528, 65,'Ventana derecha', '2013-06-01', 9);    
INSERT INTO asiento(idasiento, numeroasiento, ubicacion, fechaultimomantenimiento, avion_idavion) VALUES (529, 66,'Ventana Izquierda', '2013-06-01', 9);
INSERT INTO asiento(idasiento, numeroasiento, ubicacion, fechaultimomantenimiento, avion_idavion) VALUES (530, 67,'Ventana derecha', '2013-06-01', 9);    
INSERT INTO asiento(idasiento, numeroasiento, ubicacion, fechaultimomantenimiento, avion_idavion) VALUES (531, 68,'Ventana Izquierda', '2013-06-01', 9);
INSERT INTO asiento(idasiento, numeroasiento, ubicacion, fechaultimomantenimiento, avion_idavion) VALUES (532, 69,'Ventana derecha', '2013-06-01', 9);    
INSERT INTO asiento(idasiento, numeroasiento, ubicacion, fechaultimomantenimiento, avion_idavion) VALUES (533, 70,'Ventana Izquierda', '2013-06-01', 9);	

INSERT INTO asiento(idasiento, numeroasiento, ubicacion, fechaultimomantenimiento, avion_idavion) VALUES (534, 1,'Ventana derecha', '2013-06-01', 10);
INSERT INTO asiento(idasiento, numeroasiento, ubicacion, fechaultimomantenimiento, avion_idavion) VALUES (535, 2,'Ventana izquierda', '2013-06-01', 10);
INSERT INTO asiento(idasiento, numeroasiento, ubicacion, fechaultimomantenimiento, avion_idavion) VALUES (536, 3,'Ventana derecha', '2013-06-01', 10);
INSERT INTO asiento(idasiento, numeroasiento, ubicacion, fechaultimomantenimiento, avion_idavion) VALUES (537, 4,'Ventana izquierda', '2013-06-01', 10);
INSERT INTO asiento(idasiento, numeroasiento, ubicacion, fechaultimomantenimiento, avion_idavion) VALUES (538, 5,'Ventana derecha', '2013-06-01', 10);
INSERT INTO asiento(idasiento, numeroasiento, ubicacion, fechaultimomantenimiento, avion_idavion) VALUES (539, 6,'Ventana izquierda', '2013-06-01', 10);
INSERT INTO asiento(idasiento, numeroasiento, ubicacion, fechaultimomantenimiento, avion_idavion) VALUES (540, 7,'Ventana derecha', '2013-06-01', 10);
INSERT INTO asiento(idasiento, numeroasiento, ubicacion, fechaultimomantenimiento, avion_idavion) VALUES (541, 8,'Ventana izquierda', '2013-06-01', 10);
INSERT INTO asiento(idasiento, numeroasiento, ubicacion, fechaultimomantenimiento, avion_idavion) VALUES (542, 9,'Ventana derecha', '2013-06-01', 10);
INSERT INTO asiento(idasiento, numeroasiento, ubicacion, fechaultimomantenimiento, avion_idavion) VALUES (543, 10,'Ventana izquierda', '2013-06-01', 10);
INSERT INTO asiento(idasiento, numeroasiento, ubicacion, fechaultimomantenimiento, avion_idavion) VALUES (544, 11,'Ventana derecha', '2013-06-01', 10);
INSERT INTO asiento(idasiento, numeroasiento, ubicacion, fechaultimomantenimiento, avion_idavion) VALUES (545, 12,'Ventana izquierda', '2013-06-01', 10);
INSERT INTO asiento(idasiento, numeroasiento, ubicacion, fechaultimomantenimiento, avion_idavion) VALUES (546, 13,'Ventana derecha', '2013-06-01', 10);
INSERT INTO asiento(idasiento, numeroasiento, ubicacion, fechaultimomantenimiento, avion_idavion) VALUES (547, 14,'Ventana Izquierda', '2013-06-01', 10);
INSERT INTO asiento(idasiento, numeroasiento, ubicacion, fechaultimomantenimiento, avion_idavion) VALUES (548, 15,'Ventana derecha', '2013-06-01', 10);

INSERT INTO asiento(idasiento, numeroasiento, ubicacion, fechaultimomantenimiento, avion_idavion) VALUES (549, 16,'Ventana derecha', '2013-06-01', 10);
INSERT INTO asiento(idasiento, numeroasiento, ubicacion, fechaultimomantenimiento, avion_idavion) VALUES (550, 17,'Ventana izquierda', '2013-06-01', 10);
INSERT INTO asiento(idasiento, numeroasiento, ubicacion, fechaultimomantenimiento, avion_idavion) VALUES (551, 18,'Ventana derecha', '2013-06-01', 10);
INSERT INTO asiento(idasiento, numeroasiento, ubicacion, fechaultimomantenimiento, avion_idavion) VALUES (552, 19,'Ventana izquierda', '2013-06-01', 10);
INSERT INTO asiento(idasiento, numeroasiento, ubicacion, fechaultimomantenimiento, avion_idavion) VALUES (553, 20,'Ventana derecha', '2013-06-01', 10);
INSERT INTO asiento(idasiento, numeroasiento, ubicacion, fechaultimomantenimiento, avion_idavion) VALUES (554, 21,'Ventana izquierda', '2013-06-01', 10);
INSERT INTO asiento(idasiento, numeroasiento, ubicacion, fechaultimomantenimiento, avion_idavion) VALUES (555, 22,'Ventana derecha', '2013-06-01', 10);
INSERT INTO asiento(idasiento, numeroasiento, ubicacion, fechaultimomantenimiento, avion_idavion) VALUES (556, 23,'Ventana izquierda', '2013-06-01', 10);
INSERT INTO asiento(idasiento, numeroasiento, ubicacion, fechaultimomantenimiento, avion_idavion) VALUES (557, 24,'Ventana derecha', '2013-06-01', 10);
INSERT INTO asiento(idasiento, numeroasiento, ubicacion, fechaultimomantenimiento, avion_idavion) VALUES (558, 25,'Ventana izquierda', '2013-06-01', 10);
INSERT INTO asiento(idasiento, numeroasiento, ubicacion, fechaultimomantenimiento, avion_idavion) VALUES (559, 26,'Ventana derecha', '2013-06-01', 10);
INSERT INTO asiento(idasiento, numeroasiento, ubicacion, fechaultimomantenimiento, avion_idavion) VALUES (560, 27,'Ventana izquierda', '2013-06-01', 10);
INSERT INTO asiento(idasiento, numeroasiento, ubicacion, fechaultimomantenimiento, avion_idavion) VALUES (561, 28,'Ventana derecha', '2013-06-01', 10);
INSERT INTO asiento(idasiento, numeroasiento, ubicacion, fechaultimomantenimiento, avion_idavion) VALUES (562, 29,'Ventana Izquierda', '2013-06-01', 10);
INSERT INTO asiento(idasiento, numeroasiento, ubicacion, fechaultimomantenimiento, avion_idavion) VALUES (563, 30,'Ventana derecha', '2013-06-01', 10);
    	
INSERT INTO asiento(idasiento, numeroasiento, ubicacion, fechaultimomantenimiento, avion_idavion) VALUES (564, 31,'Ventana derecha', '2013-06-01', 10);
INSERT INTO asiento(idasiento, numeroasiento, ubicacion, fechaultimomantenimiento, avion_idavion) VALUES (565, 32,'Ventana izquierda', '2013-06-01', 10);
INSERT INTO asiento(idasiento, numeroasiento, ubicacion, fechaultimomantenimiento, avion_idavion) VALUES (566, 33,'Ventana derecha', '2013-06-01', 10);
INSERT INTO asiento(idasiento, numeroasiento, ubicacion, fechaultimomantenimiento, avion_idavion) VALUES (567, 34,'Ventana izquierda', '2013-06-01', 10);
INSERT INTO asiento(idasiento, numeroasiento, ubicacion, fechaultimomantenimiento, avion_idavion) VALUES (568, 35,'Ventana derecha', '2013-06-01', 10);
INSERT INTO asiento(idasiento, numeroasiento, ubicacion, fechaultimomantenimiento, avion_idavion) VALUES (569, 36,'Ventana izquierda', '2013-06-01', 10);
INSERT INTO asiento(idasiento, numeroasiento, ubicacion, fechaultimomantenimiento, avion_idavion) VALUES (570, 37,'Ventana derecha', '2013-06-01', 10);
INSERT INTO asiento(idasiento, numeroasiento, ubicacion, fechaultimomantenimiento, avion_idavion) VALUES (571, 38,'Ventana izquierda', '2013-06-01', 10);
INSERT INTO asiento(idasiento, numeroasiento, ubicacion, fechaultimomantenimiento, avion_idavion) VALUES (572, 39,'Ventana derecha', '2013-06-01', 10);
INSERT INTO asiento(idasiento, numeroasiento, ubicacion, fechaultimomantenimiento, avion_idavion) VALUES (573, 40,'Ventana izquierda', '2013-06-01', 10);
INSERT INTO asiento(idasiento, numeroasiento, ubicacion, fechaultimomantenimiento, avion_idavion) VALUES (574, 41,'Ventana derecha', '2013-06-01', 10);
INSERT INTO asiento(idasiento, numeroasiento, ubicacion, fechaultimomantenimiento, avion_idavion) VALUES (575, 42,'Ventana izquierda', '2013-06-01', 10);
INSERT INTO asiento(idasiento, numeroasiento, ubicacion, fechaultimomantenimiento, avion_idavion) VALUES (576, 43,'Ventana derecha', '2013-06-01', 10);
INSERT INTO asiento(idasiento, numeroasiento, ubicacion, fechaultimomantenimiento, avion_idavion) VALUES (577, 44,'Ventana Izquierda', '2013-06-01', 10);
INSERT INTO asiento(idasiento, numeroasiento, ubicacion, fechaultimomantenimiento, avion_idavion) VALUES (578, 45,'Ventana derecha', '2013-06-01', 10);    
INSERT INTO asiento(idasiento, numeroasiento, ubicacion, fechaultimomantenimiento, avion_idavion) VALUES (579, 46,'Ventana Izquierda', '2013-06-01', 10);

-- INSERT TABLA PILOTO

insert into Piloto (idPiloto, fechaIngreso, cantidadHorasVuelo, Persona_idPersona) values (1, '2016-05-03', 5500, 6);
insert into Piloto (idPiloto, fechaIngreso, cantidadHorasVuelo, Persona_idPersona) values (2, '2018-10-03', 4680, 7);
insert into Piloto (idPiloto, fechaIngreso, cantidadHorasVuelo, Persona_idPersona) values (3, '2018-12-26', 14650, 8);
insert into Piloto (idPiloto, fechaIngreso, cantidadHorasVuelo, Persona_idPersona) values (4, '2019-02-07', 23770, 9);
insert into Piloto (idPiloto, fechaIngreso, cantidadHorasVuelo, Persona_idPersona) values (5, '2018-03-13', 27020, 10);
insert into Piloto (idPiloto, fechaIngreso, cantidadHorasVuelo, Persona_idPersona) values (6, '2019-02-15', 19203, 11);
insert into Piloto (idPiloto, fechaIngreso, cantidadHorasVuelo, Persona_idPersona) values (7, '2015-12-26', 2434, 12);
insert into Piloto (idPiloto, fechaIngreso, cantidadHorasVuelo, Persona_idPersona) values (8, '2017-09-14', 10010, 13);
insert into Piloto (idPiloto, fechaIngreso, cantidadHorasVuelo, Persona_idPersona) values (9, '2016-09-06', 1913, 14);
insert into Piloto (idPiloto, fechaIngreso, cantidadHorasVuelo, Persona_idPersona) values (10, '2017-01-23', 4300, 15);

-- INSERT TABLA TIPO CLASE 

INSERT INTO tipoclase(idtipoclase, descripcion, numeromaletapermitida) VALUES (1, 'Primera Clase', 3);
INSERT INTO tipoclase(idtipoclase, descripcion, numeromaletapermitida) VALUES (2, 'Ejecutiva', 2);
INSERT INTO tipoclase(idtipoclase, descripcion, numeromaletapermitida) VALUES (3, 'Turista', 1);


-- INSERT TABLA AEROPUERTO

INSERT INTO aeropuerto(idaeropuerto, codigoInterno, nombre, Pais_idPais) VALUES (1, '1', 'Toncontin', 1);
INSERT INTO aeropuerto(idaeropuerto, codigoInterno, nombre, Pais_idPais) VALUES (2, '2', 'La Ceiba', 42);
INSERT INTO aeropuerto(idaeropuerto, codigoInterno, nombre, Pais_idPais) VALUES (3, '3', 'Azteca', 37);
INSERT INTO aeropuerto(idaeropuerto, codigoInterno, nombre, Pais_idPais) VALUES (4, '4', 'Mexico', 2);
INSERT INTO aeropuerto(idaeropuerto, codigoInterno, nombre, Pais_idPais) VALUES (5, '5', 'Tico', 29);
INSERT INTO aeropuerto(idaeropuerto, codigoInterno, nombre, Pais_idPais) VALUES (6, '6', 'Keylor', 27);
INSERT INTO aeropuerto(idaeropuerto, codigoInterno, nombre, Pais_idPais) VALUES (7, '7', 'Jazzy', 22);
INSERT INTO aeropuerto(idaeropuerto, codigoInterno, nombre, Pais_idPais) VALUES (8, '8', 'La Realblab', 44);
INSERT INTO aeropuerto(idaeropuerto, codigoInterno, nombre, Pais_idPais) VALUES (9, '9', 'Blogtag', 17);
INSERT INTO aeropuerto(idaeropuerto, codigoInterno, nombre, Pais_idPais) VALUES (10, '10', 'Photolist', 31);
INSERT INTO aeropuerto(idaeropuerto, codigoInterno, nombre, Pais_idPais) VALUES (11, '11', 'Layo', 46);
INSERT INTO aeropuerto(idaeropuerto, codigoInterno, nombre, Pais_idPais) VALUES (12, '12', 'Topicblab', 41);
INSERT INTO aeropuerto(idaeropuerto, codigoInterno, nombre, Pais_idPais) VALUES (13, '13', 'Twitternation', 17);
INSERT INTO aeropuerto(idaeropuerto, codigoInterno, nombre, Pais_idPais) VALUES (14, '14', 'La Rhyloo', 50);
INSERT INTO aeropuerto(idaeropuerto, codigoInterno, nombre, Pais_idPais) VALUES (15, '15', 'Voonte', 25);
INSERT INTO aeropuerto(idaeropuerto, codigoInterno, nombre, Pais_idPais) VALUES (16, '16', 'Realcube', 24);
INSERT INTO aeropuerto(idaeropuerto, codigoInterno, nombre, Pais_idPais) VALUES (17, '17', 'Oyondu', 21);
INSERT INTO aeropuerto(idaeropuerto, codigoInterno, nombre, Pais_idPais) VALUES (18, '18', 'Vidoo', 43);
INSERT INTO aeropuerto(idaeropuerto, codigoInterno, nombre, Pais_idPais) VALUES (19, '19', 'Lazz', 4);
INSERT INTO aeropuerto(idaeropuerto, codigoInterno, nombre, Pais_idPais) VALUES (20, '20', 'La Shufflebeat',5);
INSERT INTO aeropuerto(idaeropuerto, codigoInterno, nombre, Pais_idPais) VALUES (21, '21', 'Gigashots', 11);
INSERT INTO aeropuerto(idaeropuerto, codigoInterno, nombre, Pais_idPais) VALUES (22, '22', 'Brainverse', 17);
INSERT INTO aeropuerto(idaeropuerto, codigoInterno, nombre, Pais_idPais) VALUES (23, '23', 'Divanoodle', 1);
INSERT INTO aeropuerto(idaeropuerto, codigoInterno, nombre, Pais_idPais) VALUES (24, '24', 'Zoonder', 1);
INSERT INTO aeropuerto(idaeropuerto, codigoInterno, nombre, Pais_idPais) VALUES (25, '25', 'Vinte', 1);
INSERT INTO aeropuerto(idaeropuerto, codigoInterno, nombre, Pais_idPais) VALUES (26, '26', 'La Fliptune', 1);
INSERT INTO aeropuerto(idaeropuerto, codigoInterno, nombre, Pais_idPais) VALUES (27, '27', 'Fadeo', 22);
INSERT INTO aeropuerto(idaeropuerto, codigoInterno, nombre, Pais_idPais) VALUES (28, '28', 'Jayo', 2);
INSERT INTO aeropuerto(idaeropuerto, codigoInterno, nombre, Pais_idPais) VALUES (29, '29', 'Pixope', 15);
INSERT INTO aeropuerto(idaeropuerto, codigoInterno, nombre, Pais_idPais) VALUES (30, '30', 'Browseblab', 15);
INSERT INTO aeropuerto(idaeropuerto, codigoInterno, nombre, Pais_idPais) VALUES (31, '31', 'Brainverse', 18);
INSERT INTO aeropuerto(idaeropuerto, codigoInterno, nombre, Pais_idPais) VALUES (32, '32', 'Divanoodle', 26);
INSERT INTO aeropuerto(idaeropuerto, codigoInterno, nombre, Pais_idPais) VALUES (33, '33', 'Zoonder', 30);
INSERT INTO aeropuerto(idaeropuerto, codigoInterno, nombre, Pais_idPais) VALUES (34, '34', 'Vinte', 30);
INSERT INTO aeropuerto(idaeropuerto, codigoInterno, nombre, Pais_idPais) VALUES (35, '35', 'La Fliptune', 31);
INSERT INTO aeropuerto(idaeropuerto, codigoInterno, nombre, Pais_idPais) VALUES (36, '36', 'Fadeo', 30);
INSERT INTO aeropuerto(idaeropuerto, codigoInterno, nombre, Pais_idPais) VALUES (37, '37', 'Jayo', 44);
INSERT INTO aeropuerto(idaeropuerto, codigoInterno, nombre, Pais_idPais) VALUES (38, '38', 'Pixope', 33);
INSERT INTO aeropuerto(idaeropuerto, codigoInterno, nombre, Pais_idPais) VALUES (39, '39', 'Browseblab', 19);


-- INSERT TABLA TERMINAL
INSERT INTO terminal(idterminal, codigoterminal, descripcion, aeropuerto_idaeropuerto) VALUES (1, '1', 'Terminal02', 1);
INSERT INTO terminal(idterminal, codigoterminal, descripcion, aeropuerto_idaeropuerto) VALUES (2, '2', 'Terminal02', 1);
INSERT INTO terminal(idterminal, codigoterminal, descripcion, aeropuerto_idaeropuerto) VALUES (3, '3', 'Terminal01', 2);
INSERT INTO terminal(idterminal, codigoterminal, descripcion, aeropuerto_idaeropuerto) VALUES (4, '4', 'Terminal02', 2);
INSERT INTO terminal(idterminal, codigoterminal, descripcion, aeropuerto_idaeropuerto) VALUES (5, '5', 'Terminal01', 3);
INSERT INTO terminal(idterminal, codigoterminal, descripcion, aeropuerto_idaeropuerto) VALUES (6, '6', 'Terminal02', 3);
INSERT INTO terminal(idterminal, codigoterminal, descripcion, aeropuerto_idaeropuerto) VALUES (7, '7', 'Terminal01', 4);
INSERT INTO terminal(idterminal, codigoterminal, descripcion, aeropuerto_idaeropuerto) VALUES (8, '8', 'Terminal02', 4);
INSERT INTO terminal(idterminal, codigoterminal, descripcion, aeropuerto_idaeropuerto) VALUES (9, '9', 'Terminal01', 5);
INSERT INTO terminal(idterminal, codigoterminal, descripcion, aeropuerto_idaeropuerto) VALUES (10, '10', 'Terminal02', 5);
INSERT INTO terminal(idterminal, codigoterminal, descripcion, aeropuerto_idaeropuerto) VALUES (11, '11', 'Terminal01', 6);
INSERT INTO terminal(idterminal, codigoterminal, descripcion, aeropuerto_idaeropuerto) VALUES (12, '12', 'Terminal02', 6);
INSERT INTO terminal(idterminal, codigoterminal, descripcion, aeropuerto_idaeropuerto) VALUES (13, '13', 'Terminal01', 7);
INSERT INTO terminal(idterminal, codigoterminal, descripcion, aeropuerto_idaeropuerto) VALUES (14, '14', 'Terminal02', 7);
INSERT INTO terminal(idterminal, codigoterminal, descripcion, aeropuerto_idaeropuerto) VALUES (15, '15', 'Terminal01', 8);
INSERT INTO terminal(idterminal, codigoterminal, descripcion, aeropuerto_idaeropuerto) VALUES (16, '16', 'Terminal02', 8);
INSERT INTO terminal(idterminal, codigoterminal, descripcion, aeropuerto_idaeropuerto) VALUES (17, '17', 'Terminal01', 9);
INSERT INTO terminal(idterminal, codigoterminal, descripcion, aeropuerto_idaeropuerto) VALUES (18, '18', 'Terminal02', 9);
INSERT INTO terminal(idterminal, codigoterminal, descripcion, aeropuerto_idaeropuerto) VALUES (19, '19', 'Terminal01', 10);
INSERT INTO terminal(idterminal, codigoterminal, descripcion, aeropuerto_idaeropuerto) VALUES (20, '20', 'Terminal02', 10);
INSERT INTO terminal(idterminal, codigoterminal, descripcion, aeropuerto_idaeropuerto) VALUES (21, '21', 'Terminal01', 11);
INSERT INTO terminal(idterminal, codigoterminal, descripcion, aeropuerto_idaeropuerto) VALUES (22, '22', 'Terminal02', 11);
INSERT INTO terminal(idterminal, codigoterminal, descripcion, aeropuerto_idaeropuerto) VALUES (23, '23', 'Terminal01', 12);
INSERT INTO terminal(idterminal, codigoterminal, descripcion, aeropuerto_idaeropuerto) VALUES (24, '24', 'Terminal02', 12);
INSERT INTO terminal(idterminal, codigoterminal, descripcion, aeropuerto_idaeropuerto) VALUES (25, '25', 'Terminal01', 13);
INSERT INTO terminal(idterminal, codigoterminal, descripcion, aeropuerto_idaeropuerto) VALUES (26, '26', 'Terminal02', 13);
INSERT INTO terminal(idterminal, codigoterminal, descripcion, aeropuerto_idaeropuerto) VALUES (27, '27', 'Terminal01', 14);
INSERT INTO terminal(idterminal, codigoterminal, descripcion, aeropuerto_idaeropuerto) VALUES (28, '28', 'Terminal02', 14);
INSERT INTO terminal(idterminal, codigoterminal, descripcion, aeropuerto_idaeropuerto) VALUES (29, '29', 'Terminal01', 15);
INSERT INTO terminal(idterminal, codigoterminal, descripcion, aeropuerto_idaeropuerto) VALUES (30, '30', 'Terminal02', 15);
INSERT INTO terminal(idterminal, codigoterminal, descripcion, aeropuerto_idaeropuerto) VALUES (31, '31', 'Terminal01', 16);
INSERT INTO terminal(idterminal, codigoterminal, descripcion, aeropuerto_idaeropuerto) VALUES (32, '32', 'Terminal02', 16);
INSERT INTO terminal(idterminal, codigoterminal, descripcion, aeropuerto_idaeropuerto) VALUES (33, '33', 'Terminal01', 17);
INSERT INTO terminal(idterminal, codigoterminal, descripcion, aeropuerto_idaeropuerto) VALUES (34, '34', 'Terminal02', 17);
INSERT INTO terminal(idterminal, codigoterminal, descripcion, aeropuerto_idaeropuerto) VALUES (35, '35', 'Terminal01', 18);
INSERT INTO terminal(idterminal, codigoterminal, descripcion, aeropuerto_idaeropuerto) VALUES (36, '36', 'Terminal02', 18);
INSERT INTO terminal(idterminal, codigoterminal, descripcion, aeropuerto_idaeropuerto) VALUES (37, '37', 'Terminal01', 19);
INSERT INTO terminal(idterminal, codigoterminal, descripcion, aeropuerto_idaeropuerto) VALUES (38, '38', 'Terminal02', 19);
INSERT INTO terminal(idterminal, codigoterminal, descripcion, aeropuerto_idaeropuerto) VALUES (39, '39', 'Terminal01', 20);
INSERT INTO terminal(idterminal, codigoterminal, descripcion, aeropuerto_idaeropuerto) VALUES (40, '40', 'Terminal02', 20);
INSERT INTO terminal(idterminal, codigoterminal, descripcion, aeropuerto_idaeropuerto) VALUES (41, '41', 'Terminal01', 21);
INSERT INTO terminal(idterminal, codigoterminal, descripcion, aeropuerto_idaeropuerto) VALUES (42, '42', 'Terminal02', 21);
INSERT INTO terminal(idterminal, codigoterminal, descripcion, aeropuerto_idaeropuerto) VALUES (43, '43', 'Terminal01', 22);
INSERT INTO terminal(idterminal, codigoterminal, descripcion, aeropuerto_idaeropuerto) VALUES (44, '44', 'Terminal02', 22);
INSERT INTO terminal(idterminal, codigoterminal, descripcion, aeropuerto_idaeropuerto) VALUES (45, '45', 'Terminal01', 23);
INSERT INTO terminal(idterminal, codigoterminal, descripcion, aeropuerto_idaeropuerto) VALUES (46, '46', 'Terminal02', 23);
INSERT INTO terminal(idterminal, codigoterminal, descripcion, aeropuerto_idaeropuerto) VALUES (47, '47', 'Terminal01', 24);
INSERT INTO terminal(idterminal, codigoterminal, descripcion, aeropuerto_idaeropuerto) VALUES (48, '48', 'Terminal02', 24);
INSERT INTO terminal(idterminal, codigoterminal, descripcion, aeropuerto_idaeropuerto) VALUES (49, '49', 'Terminal01', 25);
INSERT INTO terminal(idterminal, codigoterminal, descripcion, aeropuerto_idaeropuerto) VALUES (50, '50', 'Terminal02', 25);
INSERT INTO terminal(idterminal, codigoterminal, descripcion, aeropuerto_idaeropuerto) VALUES (51, '51', 'Terminal01', 26);
INSERT INTO terminal(idterminal, codigoterminal, descripcion, aeropuerto_idaeropuerto) VALUES (52, '52', 'Terminal02', 26);
INSERT INTO terminal(idterminal, codigoterminal, descripcion, aeropuerto_idaeropuerto) VALUES (53, '53', 'Terminal01', 27);
INSERT INTO terminal(idterminal, codigoterminal, descripcion, aeropuerto_idaeropuerto) VALUES (54, '54', 'Terminal02', 27);
INSERT INTO terminal(idterminal, codigoterminal, descripcion, aeropuerto_idaeropuerto) VALUES (55, '55', 'Terminal01', 28);
INSERT INTO terminal(idterminal, codigoterminal, descripcion, aeropuerto_idaeropuerto) VALUES (56, '56', 'Terminal02', 28);
INSERT INTO terminal(idterminal, codigoterminal, descripcion, aeropuerto_idaeropuerto) VALUES (57, '57', 'Terminal01', 29);
INSERT INTO terminal(idterminal, codigoterminal, descripcion, aeropuerto_idaeropuerto) VALUES (58, '58', 'Terminal02', 29);
INSERT INTO terminal(idterminal, codigoterminal, descripcion, aeropuerto_idaeropuerto) VALUES (59, '59', 'Terminal01', 30);
INSERT INTO terminal(idterminal, codigoterminal, descripcion, aeropuerto_idaeropuerto) VALUES (60, '60', 'Terminal02', 30);


--INSERT INTO PUERTA

INSERT INTO puerta(idpuerta, codigopuerta, nombre, terminal_idterminal) VALUES (1, 'none', 'Puerta01', 1);
INSERT INTO puerta(idpuerta, codigopuerta, nombre, terminal_idterminal) VALUES (2, 'none', 'Puerta02', 1);
INSERT INTO puerta(idpuerta, codigopuerta, nombre, terminal_idterminal) VALUES (3, 'none', 'Puerta01', 2);
INSERT INTO puerta(idpuerta, codigopuerta, nombre, terminal_idterminal) VALUES (4, 'none', 'Puerta02', 2);
INSERT INTO puerta(idpuerta, codigopuerta, nombre, terminal_idterminal) VALUES (5, 'none', 'Puerta01', 3);
INSERT INTO puerta(idpuerta, codigopuerta, nombre, terminal_idterminal) VALUES (6, 'none', 'Puerta02', 3);
INSERT INTO puerta(idpuerta, codigopuerta, nombre, terminal_idterminal) VALUES (7, 'none', 'Puerta01', 4);
INSERT INTO puerta(idpuerta, codigopuerta, nombre, terminal_idterminal) VALUES (8, 'none', 'Puerta02', 4);
INSERT INTO puerta(idpuerta, codigopuerta, nombre, terminal_idterminal) VALUES (9, 'none', 'Puerta01', 5);
INSERT INTO puerta(idpuerta, codigopuerta, nombre, terminal_idterminal) VALUES (10, 'none', 'Puerta02', 5);
INSERT INTO puerta(idpuerta, codigopuerta, nombre, terminal_idterminal) VALUES (11, 'none', 'Puerta01', 6);
INSERT INTO puerta(idpuerta, codigopuerta, nombre, terminal_idterminal) VALUES (12, 'none', 'Puerta02', 6);
INSERT INTO puerta(idpuerta, codigopuerta, nombre, terminal_idterminal) VALUES (13, 'none', 'Puerta01', 7);
INSERT INTO puerta(idpuerta, codigopuerta, nombre, terminal_idterminal) VALUES (14, 'none', 'Puerta02', 7);
INSERT INTO puerta(idpuerta, codigopuerta, nombre, terminal_idterminal) VALUES (15, 'none', 'Puerta01', 8);
INSERT INTO puerta(idpuerta, codigopuerta, nombre, terminal_idterminal) VALUES (16, 'none', 'Puerta02', 8);
INSERT INTO puerta(idpuerta, codigopuerta, nombre, terminal_idterminal) VALUES (17, 'none', 'Puerta01', 9);
INSERT INTO puerta(idpuerta, codigopuerta, nombre, terminal_idterminal) VALUES (18, 'none', 'Puerta02', 9);
INSERT INTO puerta(idpuerta, codigopuerta, nombre, terminal_idterminal) VALUES (19, 'none', 'Puerta01', 10);
INSERT INTO puerta(idpuerta, codigopuerta, nombre, terminal_idterminal) VALUES (20, 'none', 'Puerta02', 10);
INSERT INTO puerta(idpuerta, codigopuerta, nombre, terminal_idterminal) VALUES (21, 'none', 'Puerta01', 11);
INSERT INTO puerta(idpuerta, codigopuerta, nombre, terminal_idterminal) VALUES (22, 'none', 'Puerta02', 11);
INSERT INTO puerta(idpuerta, codigopuerta, nombre, terminal_idterminal) VALUES (23, 'none', 'Puerta01', 12);
INSERT INTO puerta(idpuerta, codigopuerta, nombre, terminal_idterminal) VALUES (24, 'none', 'Puerta02', 12);

INSERT INTO puerta(idpuerta, codigopuerta, nombre, terminal_idterminal) VALUES (25, 'none', 'Puerta01', 13);
INSERT INTO puerta(idpuerta, codigopuerta, nombre, terminal_idterminal) VALUES (26, 'none', 'Puerta02', 13);
INSERT INTO puerta(idpuerta, codigopuerta, nombre, terminal_idterminal) VALUES (27, 'none', 'Puerta01', 14);
INSERT INTO puerta(idpuerta, codigopuerta, nombre, terminal_idterminal) VALUES (28, 'none', 'Puerta02', 14);
INSERT INTO puerta(idpuerta, codigopuerta, nombre, terminal_idterminal) VALUES (29, 'none', 'Puerta01', 15);
INSERT INTO puerta(idpuerta, codigopuerta, nombre, terminal_idterminal) VALUES (30, 'none', 'Puerta02', 15);
INSERT INTO puerta(idpuerta, codigopuerta, nombre, terminal_idterminal) VALUES (31, 'none', 'Puerta01', 16);
INSERT INTO puerta(idpuerta, codigopuerta, nombre, terminal_idterminal) VALUES (32, 'none', 'Puerta02', 16);
INSERT INTO puerta(idpuerta, codigopuerta, nombre, terminal_idterminal) VALUES (33, 'none', 'Puerta01', 17);
INSERT INTO puerta(idpuerta, codigopuerta, nombre, terminal_idterminal) VALUES (34, 'none', 'Puerta02', 17);
INSERT INTO puerta(idpuerta, codigopuerta, nombre, terminal_idterminal) VALUES (35, 'none', 'Puerta01', 18);
INSERT INTO puerta(idpuerta, codigopuerta, nombre, terminal_idterminal) VALUES (36, 'none', 'Puerta02', 18);
INSERT INTO puerta(idpuerta, codigopuerta, nombre, terminal_idterminal) VALUES (37, 'none', 'Puerta01', 19);
INSERT INTO puerta(idpuerta, codigopuerta, nombre, terminal_idterminal) VALUES (38, 'none', 'Puerta02', 19);
INSERT INTO puerta(idpuerta, codigopuerta, nombre, terminal_idterminal) VALUES (39, 'none', 'Puerta01', 20);
INSERT INTO puerta(idpuerta, codigopuerta, nombre, terminal_idterminal) VALUES (40, 'none', 'Puerta02', 20);
INSERT INTO puerta(idpuerta, codigopuerta, nombre, terminal_idterminal) VALUES (41, 'none', 'Puerta01', 21);
INSERT INTO puerta(idpuerta, codigopuerta, nombre, terminal_idterminal) VALUES (42, 'none', 'Puerta02', 21);
INSERT INTO puerta(idpuerta, codigopuerta, nombre, terminal_idterminal) VALUES (43, 'none', 'Puerta01', 22);
INSERT INTO puerta(idpuerta, codigopuerta, nombre, terminal_idterminal) VALUES (44, 'none', 'Puerta02', 22);
INSERT INTO puerta(idpuerta, codigopuerta, nombre, terminal_idterminal) VALUES (45, 'none', 'Puerta01', 23);
INSERT INTO puerta(idpuerta, codigopuerta, nombre, terminal_idterminal) VALUES (46, 'none', 'Puerta02', 23);
INSERT INTO puerta(idpuerta, codigopuerta, nombre, terminal_idterminal) VALUES (47, 'none', 'Puerta01', 24);
INSERT INTO puerta(idpuerta, codigopuerta, nombre, terminal_idterminal) VALUES (48, 'none', 'Puerta02', 24);

INSERT INTO puerta(idpuerta, codigopuerta, nombre, terminal_idterminal) VALUES (49, 'none', 'Puerta01', 25);
INSERT INTO puerta(idpuerta, codigopuerta, nombre, terminal_idterminal) VALUES (50, 'none', 'Puerta02', 25);
INSERT INTO puerta(idpuerta, codigopuerta, nombre, terminal_idterminal) VALUES (51, 'none', 'Puerta01', 26);
INSERT INTO puerta(idpuerta, codigopuerta, nombre, terminal_idterminal) VALUES (52, 'none', 'Puerta02', 26);
INSERT INTO puerta(idpuerta, codigopuerta, nombre, terminal_idterminal) VALUES (53, 'none', 'Puerta01', 27);
INSERT INTO puerta(idpuerta, codigopuerta, nombre, terminal_idterminal) VALUES (54, 'none', 'Puerta02', 27);
INSERT INTO puerta(idpuerta, codigopuerta, nombre, terminal_idterminal) VALUES (55, 'none', 'Puerta01', 28);
INSERT INTO puerta(idpuerta, codigopuerta, nombre, terminal_idterminal) VALUES (56, 'none', 'Puerta02', 28);
INSERT INTO puerta(idpuerta, codigopuerta, nombre, terminal_idterminal) VALUES (57, 'none', 'Puerta01', 29);
INSERT INTO puerta(idpuerta, codigopuerta, nombre, terminal_idterminal) VALUES (58, 'none', 'Puerta02', 29);
INSERT INTO puerta(idpuerta, codigopuerta, nombre, terminal_idterminal) VALUES (59, 'none', 'Puerta01', 30);
INSERT INTO puerta(idpuerta, codigopuerta, nombre, terminal_idterminal) VALUES (60, 'none', 'Puerta02', 30);
INSERT INTO puerta(idpuerta, codigopuerta, nombre, terminal_idterminal) VALUES (61, 'none', 'Puerta01', 31);
INSERT INTO puerta(idpuerta, codigopuerta, nombre, terminal_idterminal) VALUES (62, 'none', 'Puerta02', 31);
INSERT INTO puerta(idpuerta, codigopuerta, nombre, terminal_idterminal) VALUES (63, 'none', 'Puerta01', 32);
INSERT INTO puerta(idpuerta, codigopuerta, nombre, terminal_idterminal) VALUES (64, 'none', 'Puerta02', 32);
INSERT INTO puerta(idpuerta, codigopuerta, nombre, terminal_idterminal) VALUES (65, 'none', 'Puerta01', 33);
INSERT INTO puerta(idpuerta, codigopuerta, nombre, terminal_idterminal) VALUES (66, 'none', 'Puerta02', 33);
INSERT INTO puerta(idpuerta, codigopuerta, nombre, terminal_idterminal) VALUES (67, 'none', 'Puerta01', 34);
INSERT INTO puerta(idpuerta, codigopuerta, nombre, terminal_idterminal) VALUES (68, 'none', 'Puerta02', 34);
INSERT INTO puerta(idpuerta, codigopuerta, nombre, terminal_idterminal) VALUES (69, 'none', 'Puerta01', 35);
INSERT INTO puerta(idpuerta, codigopuerta, nombre, terminal_idterminal) VALUES (70, 'none', 'Puerta02', 35);
INSERT INTO puerta(idpuerta, codigopuerta, nombre, terminal_idterminal) VALUES (71, 'none', 'Puerta01', 36);
INSERT INTO puerta(idpuerta, codigopuerta, nombre, terminal_idterminal) VALUES (72, 'none', 'Puerta02', 36);

INSERT INTO puerta(idpuerta, codigopuerta, nombre, terminal_idterminal) VALUES (73, 'none', 'Puerta01', 37);
INSERT INTO puerta(idpuerta, codigopuerta, nombre, terminal_idterminal) VALUES (74, 'none', 'Puerta02', 37);
INSERT INTO puerta(idpuerta, codigopuerta, nombre, terminal_idterminal) VALUES (75, 'none', 'Puerta01', 38);
INSERT INTO puerta(idpuerta, codigopuerta, nombre, terminal_idterminal) VALUES (76, 'none', 'Puerta02', 38);
INSERT INTO puerta(idpuerta, codigopuerta, nombre, terminal_idterminal) VALUES (77, 'none', 'Puerta01', 39);
INSERT INTO puerta(idpuerta, codigopuerta, nombre, terminal_idterminal) VALUES (78, 'none', 'Puerta02', 39);
INSERT INTO puerta(idpuerta, codigopuerta, nombre, terminal_idterminal) VALUES (79, 'none', 'Puerta01', 40);
INSERT INTO puerta(idpuerta, codigopuerta, nombre, terminal_idterminal) VALUES (80, 'none', 'Puerta02', 40);
INSERT INTO puerta(idpuerta, codigopuerta, nombre, terminal_idterminal) VALUES (81, 'none', 'Puerta01', 41);
INSERT INTO puerta(idpuerta, codigopuerta, nombre, terminal_idterminal) VALUES (82, 'none', 'Puerta02', 41);
INSERT INTO puerta(idpuerta, codigopuerta, nombre, terminal_idterminal) VALUES (83, 'none', 'Puerta01', 42);
INSERT INTO puerta(idpuerta, codigopuerta, nombre, terminal_idterminal) VALUES (84, 'none', 'Puerta02', 42);
INSERT INTO puerta(idpuerta, codigopuerta, nombre, terminal_idterminal) VALUES (85, 'none', 'Puerta01', 43);
INSERT INTO puerta(idpuerta, codigopuerta, nombre, terminal_idterminal) VALUES (86, 'none', 'Puerta02', 43);
INSERT INTO puerta(idpuerta, codigopuerta, nombre, terminal_idterminal) VALUES (87, 'none', 'Puerta01', 44);
INSERT INTO puerta(idpuerta, codigopuerta, nombre, terminal_idterminal) VALUES (88, 'none', 'Puerta02', 44);
INSERT INTO puerta(idpuerta, codigopuerta, nombre, terminal_idterminal) VALUES (89, 'none', 'Puerta01', 45);
INSERT INTO puerta(idpuerta, codigopuerta, nombre, terminal_idterminal) VALUES (90, 'none', 'Puerta02', 45);
INSERT INTO puerta(idpuerta, codigopuerta, nombre, terminal_idterminal) VALUES (91, 'none', 'Puerta01', 46);
INSERT INTO puerta(idpuerta, codigopuerta, nombre, terminal_idterminal) VALUES (92, 'none', 'Puerta02', 46);
INSERT INTO puerta(idpuerta, codigopuerta, nombre, terminal_idterminal) VALUES (93, 'none', 'Puerta01', 47);
INSERT INTO puerta(idpuerta, codigopuerta, nombre, terminal_idterminal) VALUES (94, 'none', 'Puerta02', 47);
INSERT INTO puerta(idpuerta, codigopuerta, nombre, terminal_idterminal) VALUES (95, 'none', 'Puerta01', 48);
INSERT INTO puerta(idpuerta, codigopuerta, nombre, terminal_idterminal) VALUES (96, 'none', 'Puerta02', 48);

INSERT INTO puerta(idpuerta, codigopuerta, nombre, terminal_idterminal) VALUES (97, 'none', 'Puerta01', 49);
INSERT INTO puerta(idpuerta, codigopuerta, nombre, terminal_idterminal) VALUES (98, 'none', 'Puerta02', 49);
INSERT INTO puerta(idpuerta, codigopuerta, nombre, terminal_idterminal) VALUES (99, 'none', 'Puerta01', 50);
INSERT INTO puerta(idpuerta, codigopuerta, nombre, terminal_idterminal) VALUES (100, 'none', 'Puerta02', 50);
INSERT INTO puerta(idpuerta, codigopuerta, nombre, terminal_idterminal) VALUES (101, 'none', 'Puerta01', 51);
INSERT INTO puerta(idpuerta, codigopuerta, nombre, terminal_idterminal) VALUES (102, 'none', 'Puerta02', 51);
INSERT INTO puerta(idpuerta, codigopuerta, nombre, terminal_idterminal) VALUES (103, 'none', 'Puerta01', 52);
INSERT INTO puerta(idpuerta, codigopuerta, nombre, terminal_idterminal) VALUES (104, 'none', 'Puerta02', 52);
INSERT INTO puerta(idpuerta, codigopuerta, nombre, terminal_idterminal) VALUES (105, 'none', 'Puerta01', 53);
INSERT INTO puerta(idpuerta, codigopuerta, nombre, terminal_idterminal) VALUES (106, 'none', 'Puerta02', 53);
INSERT INTO puerta(idpuerta, codigopuerta, nombre, terminal_idterminal) VALUES (107, 'none', 'Puerta01', 54);
INSERT INTO puerta(idpuerta, codigopuerta, nombre, terminal_idterminal) VALUES (108, 'none', 'Puerta02', 54);
INSERT INTO puerta(idpuerta, codigopuerta, nombre, terminal_idterminal) VALUES (109, 'none', 'Puerta01', 55);
INSERT INTO puerta(idpuerta, codigopuerta, nombre, terminal_idterminal) VALUES (110, 'none', 'Puerta02', 55);
INSERT INTO puerta(idpuerta, codigopuerta, nombre, terminal_idterminal) VALUES (111, 'none', 'Puerta01', 56);
INSERT INTO puerta(idpuerta, codigopuerta, nombre, terminal_idterminal) VALUES (112, 'none', 'Puerta02', 56);
INSERT INTO puerta(idpuerta, codigopuerta, nombre, terminal_idterminal) VALUES (113, 'none', 'Puerta01', 57);
INSERT INTO puerta(idpuerta, codigopuerta, nombre, terminal_idterminal) VALUES (114, 'none', 'Puerta02', 57);
INSERT INTO puerta(idpuerta, codigopuerta, nombre, terminal_idterminal) VALUES (115, 'none', 'Puerta01', 58);
INSERT INTO puerta(idpuerta, codigopuerta, nombre, terminal_idterminal) VALUES (116, 'none', 'Puerta02', 58);
INSERT INTO puerta(idpuerta, codigopuerta, nombre, terminal_idterminal) VALUES (117, 'none', 'Puerta01', 59);
INSERT INTO puerta(idpuerta, codigopuerta, nombre, terminal_idterminal) VALUES (118, 'none', 'Puerta02', 59);
INSERT INTO puerta(idpuerta, codigopuerta, nombre, terminal_idterminal) VALUES (119, 'none', 'Puerta01', 60);
INSERT INTO puerta(idpuerta, codigopuerta, nombre, terminal_idterminal) VALUES (120, 'none', 'Puerta02', 60);

-- INSERT TABLA VUELO


INSERT INTO vuelo(idvuelo, cantidadescala, horafechasalida, horafechallegada, piloto_idpiloto, avion_idavion, tipoclase_idtipoclase, idpuertaorigen, idpuertadestino)
VALUES (1, 1, '2019-05-05 09:00:00', '2019-05-06 09:00:00', 1, 1, 1, 1, 60);

INSERT INTO vuelo(idvuelo, cantidadescala, horafechasalida, horafechallegada, piloto_idpiloto, avion_idavion, tipoclase_idtipoclase, idpuertaorigen, idpuertadestino)
VALUES (2, 2, '2019-04-05 09:00:00', '2019-04-05 23:00:00', 2, 2, 2, 4, 25);

INSERT INTO vuelo(idvuelo, cantidadescala, horafechasalida, horafechallegada, piloto_idpiloto, avion_idavion, tipoclase_idtipoclase, idpuertaorigen, idpuertadestino)
VALUES (3, 0, '2019-04-05 09:00:00', '2019-04-05 14:00:00', 3, 3, 3, 6, 20);

INSERT INTO vuelo(idvuelo, cantidadescala, horafechasalida, horafechallegada, piloto_idpiloto, avion_idavion, tipoclase_idtipoclase, idpuertaorigen, idpuertadestino)
VALUES (4, 0, '2019-03-05 09:00:00', '2019-03-05 18:00:00', 4, 4, 1, 8, 14);

INSERT INTO vuelo(idvuelo, cantidadescala, horafechasalida, horafechallegada, piloto_idpiloto, avion_idavion, tipoclase_idtipoclase, idpuertaorigen, idpuertadestino)
VALUES (5, 0, '2019-05-06 09:00:00', '2019-05-06 11:00:00', 5, 5, 2, 10, 26);

INSERT INTO vuelo(idvuelo, cantidadescala, horafechasalida, horafechallegada, piloto_idpiloto, avion_idavion, tipoclase_idtipoclase, idpuertaorigen, idpuertadestino)
VALUES (6, 0, '2019-06-05 09:00:00', '2019-06-05 12:00:00', 6, 6, 3, 15, 19);

INSERT INTO vuelo(idvuelo, cantidadescala, horafechasalida, horafechallegada, piloto_idpiloto, avion_idavion, tipoclase_idtipoclase, idpuertaorigen, idpuertadestino)
VALUES (7, 0, '2019-05-06 09:00:00', '2019-05-06 19:00:00', 7, 7, 1, 14, 3);

INSERT INTO vuelo(idvuelo, cantidadescala, horafechasalida, horafechallegada, piloto_idpiloto, avion_idavion, tipoclase_idtipoclase, idpuertaorigen, idpuertadestino)
VALUES (8, 0, '2019-07-05 09:00:00', '2019-07-05 20:00:00', 8, 8, 2, 23, 1);

INSERT INTO vuelo(idvuelo, cantidadescala, horafechasalida, horafechallegada, piloto_idpiloto, avion_idavion, tipoclase_idtipoclase, idpuertaorigen, idpuertadestino)
VALUES (9, 0, '2019-05-26 09:00:00', '2019-05-26 22:00:00', 9, 9, 3, 25, 55);

INSERT INTO vuelo(idvuelo, cantidadescala, horafechasalida, horafechallegada, piloto_idpiloto, avion_idavion, tipoclase_idtipoclase, idpuertaorigen, idpuertadestino)
VALUES (10, 0, '2019-05-03 09:00:00', '2019-05-03 15:00:00', 10, 10, 1, 27, 44);


-- INSERT TABLA EMPLEADO

insert into Empleado (idEmpleado, fechaContratacion, Persona_idPersona) values (1, '2017-09-17', 1);
insert into Empleado (idEmpleado, fechaContratacion, Persona_idPersona) values (2, '2019-03-04', 2);
insert into Empleado (idEmpleado, fechaContratacion, Persona_idPersona) values (3, '2016-01-14', 3);
insert into Empleado (idEmpleado, fechaContratacion, Persona_idPersona) values (4, '2015-08-23', 4);
insert into Empleado (idEmpleado, fechaContratacion, Persona_idPersona) values (5, '2016-11-23', 5);
--NUEVOS
INSERT INTO Empleado(idEmpleado, fechaContratacion, persona_idpersona) VALUES (6,'2016-05-05', 41);
INSERT INTO Empleado(idEmpleado, fechaContratacion, persona_idpersona) VALUES (7,'2017-05-05', 42);
INSERT INTO Empleado(idEmpleado, fechaContratacion, persona_idpersona) VALUES (8,'2018-05-05', 43);
INSERT INTO Empleado(idEmpleado, fechaContratacion, persona_idpersona) VALUES (9,'2019-02-05', 44);
INSERT INTO Empleado(idEmpleado, fechaContratacion, persona_idpersona) VALUES (10,'2019-03-05', 45);
INSERT INTO Empleado(idEmpleado, fechaContratacion, persona_idpersona) VALUES (11,'2019-03-05', 46);
INSERT INTO Empleado(idEmpleado, fechaContratacion, persona_idpersona) VALUES (12,'2018-05-05', 47);
INSERT INTO Empleado(idEmpleado, fechaContratacion, persona_idpersona) VALUES (13,'2017-02-03', 48);
INSERT INTO Empleado(idEmpleado, fechaContratacion, persona_idpersona) VALUES (14,'2019-03-04', 49);
INSERT INTO Empleado(idEmpleado, fechaContratacion, persona_idpersona) VALUES (15,'2019-03-05', 50);
INSERT INTO Empleado(idEmpleado, fechaContratacion, persona_idpersona) VALUES (16,'2018-05-05', 51);
INSERT INTO Empleado(idEmpleado, fechaContratacion, persona_idpersona) VALUES (17,'2017-05-22', 52);
INSERT INTO Empleado(idEmpleado, fechaContratacion, persona_idpersona) VALUES (18,'2016-05-05', 53);
INSERT INTO Empleado(idEmpleado, fechaContratacion, persona_idpersona) VALUES (19,'2019-03-30', 54);
INSERT INTO Empleado(idEmpleado, fechaContratacion, persona_idpersona) VALUES (20,'2016-05-05', 55);
INSERT INTO Empleado(idEmpleado, fechaContratacion, persona_idpersona) VALUES (21,'2017-05-05', 56);
INSERT INTO Empleado(idEmpleado, fechaContratacion, persona_idpersona) VALUES (22,'2018-05-05', 57);
INSERT INTO Empleado(idEmpleado, fechaContratacion, persona_idpersona) VALUES (23,'2019-02-05', 58);
INSERT INTO Empleado(idEmpleado, fechaContratacion, persona_idpersona) VALUES (24,'2016-07-03', 59);
INSERT INTO Empleado(idEmpleado, fechaContratacion, persona_idpersona) VALUES (25,'2016-05-02', 60);
INSERT INTO Empleado(idEmpleado, fechaContratacion, persona_idpersona) VALUES (26,'2016-07-01', 61);
INSERT INTO Empleado(idEmpleado, fechaContratacion, persona_idpersona) VALUES (27,'2017-07-02', 62);
INSERT INTO Empleado(idEmpleado, fechaContratacion, persona_idpersona) VALUES (28,'2014-06-03', 63);
INSERT INTO Empleado(idEmpleado, fechaContratacion, persona_idpersona) VALUES (29,'2015-05-04', 64);
INSERT INTO Empleado(idEmpleado, fechaContratacion, persona_idpersona) VALUES (30,'2016-05-05', 65);
INSERT INTO Empleado(idEmpleado, fechaContratacion, persona_idpersona) VALUES (31,'2017-05-05', 66);
INSERT INTO Empleado(idEmpleado, fechaContratacion, persona_idpersona) VALUES (32,'2018-05-05', 67);
INSERT INTO Empleado(idEmpleado, fechaContratacion, persona_idpersona) VALUES (33,'2019-02-05', 68);
INSERT INTO Empleado(idEmpleado, fechaContratacion, persona_idpersona) VALUES (34,'2019-03-05', 69);
INSERT INTO Empleado(idEmpleado, fechaContratacion, persona_idpersona) VALUES (35,'2019-03-05', 70);
INSERT INTO Empleado(idEmpleado, fechaContratacion, persona_idpersona) VALUES (36,'2018-05-05', 71);
INSERT INTO Empleado(idEmpleado, fechaContratacion, persona_idpersona) VALUES (37,'2017-02-03', 72);
INSERT INTO Empleado(idEmpleado, fechaContratacion, persona_idpersona) VALUES (38,'2019-03-04', 73);
INSERT INTO Empleado(idEmpleado, fechaContratacion, persona_idpersona) VALUES (39,'2019-03-05', 74);
INSERT INTO Empleado(idEmpleado, fechaContratacion, persona_idpersona) VALUES (40,'2018-05-05', 75);
INSERT INTO Empleado(idEmpleado, fechaContratacion, persona_idpersona) VALUES (41,'2017-05-22', 76);
INSERT INTO Empleado(idEmpleado, fechaContratacion, persona_idpersona) VALUES (42,'2016-05-05', 77);
INSERT INTO Empleado(idEmpleado, fechaContratacion, persona_idpersona) VALUES (43,'2019-03-30', 78);
INSERT INTO Empleado(idEmpleado, fechaContratacion, persona_idpersona) VALUES (44,'2016-05-05', 79);
INSERT INTO Empleado(idEmpleado, fechaContratacion, persona_idpersona) VALUES (45,'2017-05-05', 80);
INSERT INTO Empleado(idEmpleado, fechaContratacion, persona_idpersona) VALUES (46,'2018-05-05', 81);
INSERT INTO Empleado(idEmpleado, fechaContratacion, persona_idpersona) VALUES (47,'2019-02-05', 82);
INSERT INTO Empleado(idEmpleado, fechaContratacion, persona_idpersona) VALUES (48,'2016-07-03', 83);
INSERT INTO Empleado(idEmpleado, fechaContratacion, persona_idpersona) VALUES (49,'2016-05-02', 84);
INSERT INTO Empleado(idEmpleado, fechaContratacion, persona_idpersona) VALUES (50,'2016-07-01', 85);


-- INSERT TABLA BOLETO 

insert into Boleto (idBoleto, fechaEmision, precioCompra, Asiento_idAsiento, vuelo_idvuelo, TipoClase_idTipoClase, Pasajero_idPasajero, totalPrecioBoleto,Empleado_idEmpleado) values (1, '2019-02-06 12:00:00', 23000, 1, 1, 1, 1, 23500,1);
insert into Boleto (idBoleto, fechaEmision, precioCompra, Asiento_idAsiento, vuelo_idvuelo, TipoClase_idTipoClase, Pasajero_idPasajero, totalPrecioBoleto,Empleado_idEmpleado) values (2, '2019-02-08 09:00:00', 17000, 2, 1, 2, 2, 17500,2);
insert into Boleto (idBoleto, fechaEmision, precioCompra, Asiento_idAsiento, vuelo_idvuelo, TipoClase_idTipoClase, Pasajero_idPasajero, totalPrecioBoleto,Empleado_idEmpleado) values (3, '2019-02-27 10:00:00', 14000, 3, 1, 3, 3, 14500,3);
insert into Boleto (idBoleto, fechaEmision, precioCompra, Asiento_idAsiento, vuelo_idvuelo, TipoClase_idTipoClase, Pasajero_idPasajero, totalPrecioBoleto,Empleado_idEmpleado) values (4, '2019-02-21 11:00:00', 21000, 4, 1, 1, 4, 21500,4);
insert into Boleto (idBoleto, fechaEmision, precioCompra, Asiento_idAsiento, vuelo_idvuelo, TipoClase_idTipoClase, Pasajero_idPasajero, totalPrecioBoleto,Empleado_idEmpleado) values (5, '2019-02-19 13:00:00', 19000, 5, 1, 2, 5, 19500,5);
insert into Boleto (idBoleto, fechaEmision, precioCompra, Asiento_idAsiento, vuelo_idvuelo, TipoClase_idTipoClase, Pasajero_idPasajero, totalPrecioBoleto,Empleado_idEmpleado) values (8, '2019-02-27 14:00:00', 16500, 8, 1, 2, 8, 16500,3);
insert into Boleto (idBoleto, fechaEmision, precioCompra, Asiento_idAsiento, vuelo_idvuelo, TipoClase_idTipoClase, Pasajero_idPasajero, totalPrecioBoleto,Empleado_idEmpleado) values (6, '2019-02-18 15:00:00', 22000, 6, 1, 3, 6, 22900,1);
insert into Boleto (idBoleto, fechaEmision, precioCompra, Asiento_idAsiento, vuelo_idvuelo, TipoClase_idTipoClase, Pasajero_idPasajero, totalPrecioBoleto,Empleado_idEmpleado) values (7, '2019-02-15 15:50:00', 16000, 7, 1, 1, 7, 16500,2);
insert into Boleto (idBoleto, fechaEmision, precioCompra, Asiento_idAsiento, vuelo_idvuelo, TipoClase_idTipoClase, Pasajero_idPasajero, totalPrecioBoleto,Empleado_idEmpleado) values (9, '2019-02-28 11:00:00', 18600, 9, 1, 3, 9, 18500,4);
insert into Boleto (idBoleto, fechaEmision, precioCompra, Asiento_idAsiento, vuelo_idvuelo, TipoClase_idTipoClase, Pasajero_idPasajero, totalPrecioBoleto,Empleado_idEmpleado) values (10, '2019-02-01 12:00:00', 23000, 10, 1, 1, 10, 23500,5);
insert into Boleto (idBoleto, fechaEmision, precioCompra, Asiento_idAsiento, vuelo_idvuelo, TipoClase_idTipoClase, Pasajero_idPasajero, totalPrecioBoleto,Empleado_idEmpleado) values (11, '2019-02-15 09:00:00', 17000, 11, 4, 2, 11, 17500,1);
insert into Boleto (idBoleto, fechaEmision, precioCompra, Asiento_idAsiento, vuelo_idvuelo, TipoClase_idTipoClase, Pasajero_idPasajero, totalPrecioBoleto,Empleado_idEmpleado) values (12, '2019-02-16 10:00:00', 14000, 12, 5, 3, 12, 14500,2);
insert into Boleto (idBoleto, fechaEmision, precioCompra, Asiento_idAsiento, vuelo_idvuelo, TipoClase_idTipoClase, Pasajero_idPasajero, totalPrecioBoleto,Empleado_idEmpleado) values (13, '2019-02-16 11:00:00', 21000, 13, 1, 1, 13, 21500,1);
insert into Boleto (idBoleto, fechaEmision, precioCompra, Asiento_idAsiento, vuelo_idvuelo, TipoClase_idTipoClase, Pasajero_idPasajero, totalPrecioBoleto,Empleado_idEmpleado) values (14, '2019-02-01 13:00:00', 19000, 14, 3, 2, 14, 19500,4);
insert into Boleto (idBoleto, fechaEmision, precioCompra, Asiento_idAsiento, vuelo_idvuelo, TipoClase_idTipoClase, Pasajero_idPasajero, totalPrecioBoleto,Empleado_idEmpleado) values (15, '2019-02-17 14:00:00', 22000, 15, 5, 3, 15, 22500,5);
insert into Boleto (idBoleto, fechaEmision, precioCompra, Asiento_idAsiento, vuelo_idvuelo, TipoClase_idTipoClase, Pasajero_idPasajero, totalPrecioBoleto,Empleado_idEmpleado) values (16, '2019-02-26 15:00:00', 16000, 16, 1, 1, 1, 16000,1);
insert into Boleto (idBoleto, fechaEmision, precioCompra, Asiento_idAsiento, vuelo_idvuelo, TipoClase_idTipoClase, Pasajero_idPasajero, totalPrecioBoleto,Empleado_idEmpleado) values (17, '2019-02-27 15:50:00', 16500, 17, 3, 2, 2, 16500,2);
insert into Boleto (idBoleto, fechaEmision, precioCompra, Asiento_idAsiento, vuelo_idvuelo, TipoClase_idTipoClase, Pasajero_idPasajero, totalPrecioBoleto,Empleado_idEmpleado) values (18, '2019-02-26 11:00:00', 18600, 18, 2, 3, 3, 18600,3);
insert into Boleto (idBoleto, fechaEmision, precioCompra, Asiento_idAsiento, vuelo_idvuelo, TipoClase_idTipoClase, Pasajero_idPasajero, totalPrecioBoleto,Empleado_idEmpleado) values (19, '2019-02-19 12:00:00', 23000, 19, 1, 1, 4, 23000,1);
insert into Boleto (idBoleto, fechaEmision, precioCompra, Asiento_idAsiento, vuelo_idvuelo, TipoClase_idTipoClase, Pasajero_idPasajero, totalPrecioBoleto,Empleado_idEmpleado) values (20, '2019-02-16 09:00:00', 17000, 20, 3, 2, 5, 17000,5);
insert into Boleto (idBoleto, fechaEmision, precioCompra, Asiento_idAsiento, vuelo_idvuelo, TipoClase_idTipoClase, Pasajero_idPasajero, totalPrecioBoleto,Empleado_idEmpleado) values (21, '2019-02-27 10:00:00', 14000, 21, 2, 3, 6, 14000,1);
insert into Boleto (idBoleto, fechaEmision, precioCompra, Asiento_idAsiento, vuelo_idvuelo, TipoClase_idTipoClase, Pasajero_idPasajero, totalPrecioBoleto,Empleado_idEmpleado) values (22, '2019-02-27 11:00:00', 21000, 22, 1, 1, 7, 21000,2);
insert into Boleto (idBoleto, fechaEmision, precioCompra, Asiento_idAsiento, vuelo_idvuelo, TipoClase_idTipoClase, Pasajero_idPasajero, totalPrecioBoleto,Empleado_idEmpleado) values (23, '2019-02-03 13:00:00', 19000, 23, 3, 2, 8, 19000,3);
insert into Boleto (idBoleto, fechaEmision, precioCompra, Asiento_idAsiento, vuelo_idvuelo, TipoClase_idTipoClase, Pasajero_idPasajero, totalPrecioBoleto,Empleado_idEmpleado) values (24, '2019-02-28 14:00:00', 22000, 24, 2, 3, 9, 22000,4);
insert into Boleto (idBoleto, fechaEmision, precioCompra, Asiento_idAsiento, vuelo_idvuelo, TipoClase_idTipoClase, Pasajero_idPasajero, totalPrecioBoleto,Empleado_idEmpleado) values (25, '2019-02-07 15:00:00', 16000, 25, 1, 1, 10, 16500,1);
insert into Boleto (idBoleto, fechaEmision, precioCompra, Asiento_idAsiento, vuelo_idvuelo, TipoClase_idTipoClase, Pasajero_idPasajero, totalPrecioBoleto,Empleado_idEmpleado) values (26, '2019-02-17 15:50:00', 16500, 26, 6, 2, 11, 16500,2);
insert into Boleto (idBoleto, fechaEmision, precioCompra, Asiento_idAsiento, vuelo_idvuelo, TipoClase_idTipoClase, Pasajero_idPasajero, totalPrecioBoleto,Empleado_idEmpleado) values (27, '2019-02-02 11:00:00', 18600, 27, 2, 3, 12, 18500,3);
insert into Boleto (idBoleto, fechaEmision, precioCompra, Asiento_idAsiento, vuelo_idvuelo, TipoClase_idTipoClase, Pasajero_idPasajero, totalPrecioBoleto,Empleado_idEmpleado) values (28, '2019-02-06 12:00:00', 22000, 28, 1, 1, 13, 22500,4);
insert into Boleto (idBoleto, fechaEmision, precioCompra, Asiento_idAsiento, vuelo_idvuelo, TipoClase_idTipoClase, Pasajero_idPasajero, totalPrecioBoleto,Empleado_idEmpleado) values (29, '2019-02-28 09:00:00', 12000, 29, 3, 2, 14, 12500,4);
insert into Boleto (idBoleto, fechaEmision, precioCompra, Asiento_idAsiento, vuelo_idvuelo, TipoClase_idTipoClase, Pasajero_idPasajero, totalPrecioBoleto,Empleado_idEmpleado) values (30, '2019-02-25 10:00:00', 14700, 30, 2, 3, 16, 15100,4);
insert into Boleto (idBoleto, fechaEmision, precioCompra, Asiento_idAsiento, vuelo_idvuelo, TipoClase_idTipoClase, Pasajero_idPasajero, totalPrecioBoleto,Empleado_idEmpleado) values (31, '2019-02-25 11:00:00', 17000, 31, 1, 3, 17, 17500,23);
insert into Boleto (idBoleto, fechaEmision, precioCompra, Asiento_idAsiento, vuelo_idvuelo, TipoClase_idTipoClase, Pasajero_idPasajero, totalPrecioBoleto,Empleado_idEmpleado) values (32, '2019-03-15 13:00:00', 14000, 32, 3, 3, 12, 14500,14);
insert into Boleto (idBoleto, fechaEmision, precioCompra, Asiento_idAsiento, vuelo_idvuelo, TipoClase_idTipoClase, Pasajero_idPasajero, totalPrecioBoleto,Empleado_idEmpleado) values (33, '2019-02-12 14:00:00', 21000, 33, 6, 2, 11, 21500,12);
insert into Boleto (idBoleto, fechaEmision, precioCompra, Asiento_idAsiento, vuelo_idvuelo, TipoClase_idTipoClase, Pasajero_idPasajero, totalPrecioBoleto,Empleado_idEmpleado) values (34, '2019-03-21 15:00:00', 19000, 34, 1, 1, 21, 19500,18);
insert into Boleto (idBoleto, fechaEmision, precioCompra, Asiento_idAsiento, vuelo_idvuelo, TipoClase_idTipoClase, Pasajero_idPasajero, totalPrecioBoleto,Empleado_idEmpleado) values (35, '2019-03-22 15:50:00', 22000, 35, 3, 3, 22, 22500,34);
insert into Boleto (idBoleto, fechaEmision, precioCompra, Asiento_idAsiento, vuelo_idvuelo, TipoClase_idTipoClase, Pasajero_idPasajero, totalPrecioBoleto,Empleado_idEmpleado) values (36, '2019-02-23 11:00:00', 16000, 36, 2, 3, 25, 16500,42);
insert into Boleto (idBoleto, fechaEmision, precioCompra, Asiento_idAsiento, vuelo_idvuelo, TipoClase_idTipoClase, Pasajero_idPasajero, totalPrecioBoleto,Empleado_idEmpleado) values (37, '2019-01-22 12:00:00', 16500, 37, 5, 2, 24, 16500,41);
insert into Boleto (idBoleto, fechaEmision, precioCompra, Asiento_idAsiento, vuelo_idvuelo, TipoClase_idTipoClase, Pasajero_idPasajero, totalPrecioBoleto,Empleado_idEmpleado) values (38, '2019-04-13 09:00:00', 18600, 38, 3, 1, 12, 18500,24);
insert into Boleto (idBoleto, fechaEmision, precioCompra, Asiento_idAsiento, vuelo_idvuelo, TipoClase_idTipoClase, Pasajero_idPasajero, totalPrecioBoleto,Empleado_idEmpleado) values (39, '2019-03-14 10:00:00', 22000, 39, 2, 3, 5, 22500,26);
insert into Boleto (idBoleto, fechaEmision, precioCompra, Asiento_idAsiento, vuelo_idvuelo, TipoClase_idTipoClase, Pasajero_idPasajero, totalPrecioBoleto,Empleado_idEmpleado) values (40, '2019-02-23 11:00:00', 12000, 40, 1, 3, 20, 12500,49);
insert into Boleto (idBoleto, fechaEmision, precioCompra, Asiento_idAsiento, vuelo_idvuelo, TipoClase_idTipoClase, Pasajero_idPasajero, totalPrecioBoleto,Empleado_idEmpleado) values (41, '2019-01-29 13:00:00', 17000, 41, 6, 2, 15, 17500,44);
insert into Boleto (idBoleto, fechaEmision, precioCompra, Asiento_idAsiento, vuelo_idvuelo, TipoClase_idTipoClase, Pasajero_idPasajero, totalPrecioBoleto,Empleado_idEmpleado) values (42, '2019-02-22 14:00:00', 14000, 42, 2, 1, 12, 14500,34);
insert into Boleto (idBoleto, fechaEmision, precioCompra, Asiento_idAsiento, vuelo_idvuelo, TipoClase_idTipoClase, Pasajero_idPasajero, totalPrecioBoleto,Empleado_idEmpleado) values (43, '2019-03-21 15:00:00', 21000, 43, 6, 3, 2, 21500,50);
insert into Boleto (idBoleto, fechaEmision, precioCompra, Asiento_idAsiento, vuelo_idvuelo, TipoClase_idTipoClase, Pasajero_idPasajero, totalPrecioBoleto,Empleado_idEmpleado) values (44, '2019-02-16 12:00:00', 19000, 44, 3, 3, 2, 19500,13);
insert into Boleto (idBoleto, fechaEmision, precioCompra, Asiento_idAsiento, vuelo_idvuelo, TipoClase_idTipoClase, Pasajero_idPasajero, totalPrecioBoleto,Empleado_idEmpleado) values (45, '2019-01-17 09:00:00', 22000, 45, 2, 2, 1, 22500,9);
insert into Boleto (idBoleto, fechaEmision, precioCompra, Asiento_idAsiento, vuelo_idvuelo, TipoClase_idTipoClase, Pasajero_idPasajero, totalPrecioBoleto,Empleado_idEmpleado) values (46, '2019-02-14 10:00:00', 16000, 46, 1, 1, 23, 16500,33);
insert into Boleto (idBoleto, fechaEmision, precioCompra, Asiento_idAsiento, vuelo_idvuelo, TipoClase_idTipoClase, Pasajero_idPasajero, totalPrecioBoleto,Empleado_idEmpleado) values (47, '2019-03-15 11:00:00', 16500, 47, 5, 3, 22, 16500,23);
insert into Boleto (idBoleto, fechaEmision, precioCompra, Asiento_idAsiento, vuelo_idvuelo, TipoClase_idTipoClase, Pasajero_idPasajero, totalPrecioBoleto,Empleado_idEmpleado) values (48, '2019-04-13 13:00:00', 18600, 48, 2, 3, 21, 18500,33);
insert into Boleto (idBoleto, fechaEmision, precioCompra, Asiento_idAsiento, vuelo_idvuelo, TipoClase_idTipoClase, Pasajero_idPasajero, totalPrecioBoleto,Empleado_idEmpleado) values (49, '2019-01-23 14:00:00', 22000, 49, 1, 3, 12, 22500,41);
insert into Boleto (idBoleto, fechaEmision, precioCompra, Asiento_idAsiento, vuelo_idvuelo, TipoClase_idTipoClase, Pasajero_idPasajero, totalPrecioBoleto,Empleado_idEmpleado) values (50, '2019-02-22 15:00:00', 12000, 50, 1, 3, 13, 12515,50);
-- INSERT INTO PREC11:00:00

insert into PrecioVuelo (idPrecioVuelo, precio, fechaInicio, fechaFin, Vuelo_idVuelo) values (1, 22800.2, '2019-02-25', '2019-05-04', 1);
insert into PrecioVuelo (idPrecioVuelo, precio, fechaInicio, fechaFin, Vuelo_idVuelo) values (2, 18800.8, '2019-01-22', '2019-04-04', 2);
insert into PrecioVuelo (idPrecioVuelo, precio, fechaInicio, fechaFin, Vuelo_idVuelo) values (3, 19004.5, '2019-03-15', '2019-04-03', 3);
insert into PrecioVuelo (idPrecioVuelo, precio, fechaInicio, fechaFin, Vuelo_idVuelo) values (4, 1610.2, '2019-01-17', '2019-03-04', 4);
insert into PrecioVuelo (idPrecioVuelo, precio, fechaInicio, fechaFin, Vuelo_idVuelo) values (5, 5800.5, '2019-02-11', '2019-05-05', 5);
insert into PrecioVuelo (idPrecioVuelo, precio, fechaInicio, fechaFin, Vuelo_idVuelo) values (6, 26500.2, '2019-03-27', '2019-06-01', 6);
insert into PrecioVuelo (idPrecioVuelo, precio, fechaInicio, fechaFin, Vuelo_idVuelo) values (7, 20000.1, '2019-02-19', '2019-05-04', 7);
insert into PrecioVuelo (idPrecioVuelo, precio, fechaInicio, fechaFin, Vuelo_idVuelo) values (8, 18000.6, '2019-01-09', '2019-07-03', 8);
insert into PrecioVuelo (idPrecioVuelo, precio, fechaInicio, fechaFin, Vuelo_idVuelo) values (9, 16100.4, '2019-02-27', '2019-05-24', 9);
insert into PrecioVuelo (idPrecioVuelo, precio, fechaInicio, fechaFin, Vuelo_idVuelo) values (10, 26000.7, '2019-02-21', '2019-05-02', 10);

-- INSERT TABLA ESCALA 

-- -----------------------------------------------------
INSERT INTO escala(idescala, fechahorasalida, fechahorallegada, vuelo_idvuelo, idpuertaorigen, idpuertadestino)
VALUES (1, '2019-05-05 12:00:00', '2019-05-06 16:00:00', 1, 30, 60);
INSERT INTO escala(idescala, fechahorasalida, fechahorallegada, vuelo_idvuelo, idpuertaorigen, idpuertadestino)
VALUES (2, '2019-05-05 18:00:00', '2019-05-06 23:55:00', 1, 9, 14);
INSERT INTO escala(idescala, fechahorasalida, fechahorallegada, vuelo_idvuelo, idpuertaorigen, idpuertadestino)
VALUES (3, '2019-06-05 06:00:00', '2019-06-06 08:00:00', 1, 14, 25);

-- INSERT TABLA FORMA PAGO 

INSERT INTO formapago(idformapago, descripcion) VALUES (1, 'Tarjeta');
INSERT INTO formapago(idformapago, descripcion) VALUES (2, 'Credito');
INSERT INTO formapago(idformapago, descripcion) VALUES (3, 'Cheque');

-- INSERT FORMA PAGO HAS BOLETO

insert into FormaPago_has_Boleto (FormaPago_idFormaPago, Boleto_idBoleto) values (1, 1);
insert into FormaPago_has_Boleto (FormaPago_idFormaPago, Boleto_idBoleto) values (2, 2);
insert into FormaPago_has_Boleto (FormaPago_idFormaPago, Boleto_idBoleto) values (3, 3);
insert into FormaPago_has_Boleto (FormaPago_idFormaPago, Boleto_idBoleto) values (1, 4);
insert into FormaPago_has_Boleto (FormaPago_idFormaPago, Boleto_idBoleto) values (2, 5);
insert into FormaPago_has_Boleto (FormaPago_idFormaPago, Boleto_idBoleto) values (3, 6);
insert into FormaPago_has_Boleto (FormaPago_idFormaPago, Boleto_idBoleto) values (1, 7);
insert into FormaPago_has_Boleto (FormaPago_idFormaPago, Boleto_idBoleto) values (2, 8);
insert into FormaPago_has_Boleto (FormaPago_idFormaPago, Boleto_idBoleto) values (3, 9);
insert into FormaPago_has_Boleto (FormaPago_idFormaPago, Boleto_idBoleto) values (1, 10);
insert into FormaPago_has_Boleto (FormaPago_idFormaPago, Boleto_idBoleto) values (2, 11);
insert into FormaPago_has_Boleto (FormaPago_idFormaPago, Boleto_idBoleto) values (3, 12);
insert into FormaPago_has_Boleto (FormaPago_idFormaPago, Boleto_idBoleto) values (1, 13);
insert into FormaPago_has_Boleto (FormaPago_idFormaPago, Boleto_idBoleto) values (2, 14);
insert into FormaPago_has_Boleto (FormaPago_idFormaPago, Boleto_idBoleto) values (3, 15);
insert into FormaPago_has_Boleto (FormaPago_idFormaPago, Boleto_idBoleto) values (1, 16);
insert into FormaPago_has_Boleto (FormaPago_idFormaPago, Boleto_idBoleto) values (2, 17);
insert into FormaPago_has_Boleto (FormaPago_idFormaPago, Boleto_idBoleto) values (3, 18);
insert into FormaPago_has_Boleto (FormaPago_idFormaPago, Boleto_idBoleto) values (1, 19);
insert into FormaPago_has_Boleto (FormaPago_idFormaPago, Boleto_idBoleto) values (2, 20);
insert into FormaPago_has_Boleto (FormaPago_idFormaPago, Boleto_idBoleto) values (3, 21);
insert into FormaPago_has_Boleto (FormaPago_idFormaPago, Boleto_idBoleto) values (1, 22);
insert into FormaPago_has_Boleto (FormaPago_idFormaPago, Boleto_idBoleto) values (2, 23);
insert into FormaPago_has_Boleto (FormaPago_idFormaPago, Boleto_idBoleto) values (3, 24);
insert into FormaPago_has_Boleto (FormaPago_idFormaPago, Boleto_idBoleto) values (1, 25);
insert into FormaPago_has_Boleto (FormaPago_idFormaPago, Boleto_idBoleto) values (2, 26);
insert into FormaPago_has_Boleto (FormaPago_idFormaPago, Boleto_idBoleto) values (3, 27);
insert into FormaPago_has_Boleto (FormaPago_idFormaPago, Boleto_idBoleto) values (1, 28);
insert into FormaPago_has_Boleto (FormaPago_idFormaPago, Boleto_idBoleto) values (2, 29);
insert into FormaPago_has_Boleto (FormaPago_idFormaPago, Boleto_idBoleto) values (3, 30);

-- INSERT EQUIPAJE

insert into Equipaje (idEquipaje, descripcion, peso, alto, ancho, profundidad, TipoClase_idTipoClase, Boleto_idBoleto) values (1, 'Secondary syphilitic hepatitis', 2.3, 1, 3, 1, 1, 1);
insert into Equipaje (idEquipaje, descripcion, peso, alto, ancho, profundidad, TipoClase_idTipoClase, Boleto_idBoleto) values (2, 'Oth injury due to oth accident', 1.0, 2, 3, 2, 2, 2);
insert into Equipaje (idEquipaje, descripcion, peso, alto, ancho, profundidad, TipoClase_idTipoClase, Boleto_idBoleto) values (3, 'Partial traumatic amp of l low leg', 2.8, 3, 3, 1, 3, 3);
insert into Equipaje (idEquipaje, descripcion, peso, alto, ancho, profundidad, TipoClase_idTipoClase, Boleto_idBoleto) values (4, 'Kaschin-Beck disease, right ankle and foot', 1.6, 2, 2, 3, 2, 4);
insert into Equipaje (idEquipaje, descripcion, peso, alto, ancho, profundidad, TipoClase_idTipoClase, Boleto_idBoleto) values (5, 'Malignant neoplasm of', 2.4, 1, 2, 1, 3, 5);
insert into Equipaje (idEquipaje, descripcion, peso, alto, ancho, profundidad, TipoClase_idTipoClase, Boleto_idBoleto) values (6, 'Displ transverse fx shaft of r rad, 7thH', 1.4, 2, 1, 3, 1, 6);
insert into Equipaje (idEquipaje, descripcion, peso, alto, ancho, profundidad, TipoClase_idTipoClase, Boleto_idBoleto) values (7, 'Underdosing of emollients', 1.5, 1, 2, 1, 1, 7);
insert into Equipaje (idEquipaje, descripcion, peso, alto, ancho, profundidad, TipoClase_idTipoClase, Boleto_idBoleto) values (8, 'Car passenger injured', 2.6, 2, 3, 3, 1, 8);
insert into Equipaje (idEquipaje, descripcion, peso, alto, ancho, profundidad, TipoClase_idTipoClase, Boleto_idBoleto) values (9, 'Lacerat flexor musc/fasc/tend', 2.8, 3, 1, 1, 1, 9);
insert into Equipaje (idEquipaje, descripcion, peso, alto, ancho, profundidad, TipoClase_idTipoClase, Boleto_idBoleto) values (10, 'Unsp inj msl/tnd lng extn msl', 2.4, 1, 3, 1, 1, 10);
insert into Equipaje (idEquipaje, descripcion, peso, alto, ancho, profundidad, TipoClase_idTipoClase, Boleto_idBoleto) values (11, 'Nondisp fx of med phalanx of', 2.8, 1, 3, 2, 1, 11);
insert into Equipaje (idEquipaje, descripcion, peso, alto, ancho, profundidad, TipoClase_idTipoClase, Boleto_idBoleto) values (12, 'Oth injury of unsp pulmonary', 1.9, 2, 2, 3, 1, 12);
insert into Equipaje (idEquipaje, descripcion, peso, alto, ancho, profundidad, TipoClase_idTipoClase, Boleto_idBoleto) values (13, 'Person outside bus injured', 1.9, 3, 1, 3, 1, 13);
insert into Equipaje (idEquipaje, descripcion, peso, alto, ancho, profundidad, TipoClase_idTipoClase, Boleto_idBoleto) values (14, 'Oth comp due to other GU', 2.9, 2, 2, 1, 1, 14);
insert into Equipaje (idEquipaje, descripcion, peso, alto, ancho, profundidad, TipoClase_idTipoClase, Boleto_idBoleto) values (15, 'Puncture wound with foreign body', 1.2, 2, 2, 3, 1, 15);
insert into Equipaje (idEquipaje, descripcion, peso, alto, ancho, profundidad, TipoClase_idTipoClase, Boleto_idBoleto) values (16, 'Oculomandibular dysostosis', 2.1, 1, 3, 1, 1, 16);
insert into Equipaje (idEquipaje, descripcion, peso, alto, ancho, profundidad, TipoClase_idTipoClase, Boleto_idBoleto) values (17, 'Stress fracture, right radius', 2.2, 1, 2, 2, 1, 17);
insert into Equipaje (idEquipaje, descripcion, peso, alto, ancho, profundidad, TipoClase_idTipoClase, Boleto_idBoleto) values (18, 'Disp fx of greater tuberosity', 2.4, 3, 3, 3, 1, 18);
insert into Equipaje (idEquipaje, descripcion, peso, alto, ancho, profundidad, TipoClase_idTipoClase, Boleto_idBoleto) values (19, 'Unspecified chronic gastritis', 2.6, 3, 3, 3, 3, 19);
insert into Equipaje (idEquipaje, descripcion, peso, alto, ancho, profundidad, TipoClase_idTipoClase, Boleto_idBoleto) values (20, 'Toxic effect of paints and dyes', 1.1, 1, 1, 1, 1, 20);
insert into Equipaje (idEquipaje, descripcion, peso, alto, ancho, profundidad, TipoClase_idTipoClase, Boleto_idBoleto) values (21, 'Oth fracture of fifth lumbar vertebra', 1.9, 1, 2, 2, 1, 21);
insert into Equipaje (idEquipaje, descripcion, peso, alto, ancho, profundidad, TipoClase_idTipoClase, Boleto_idBoleto) values (22, 'Secondary osteoarthritis', 1.6, 1, 2, 3, 1, 22);
insert into Equipaje (idEquipaje, descripcion, peso, alto, ancho, profundidad, TipoClase_idTipoClase, Boleto_idBoleto) values (23, 'Drown d/t being thrown ovrbrd', 2.8, 2, 3, 1, 1, 23);
insert into Equipaje (idEquipaje, descripcion, peso, alto, ancho, profundidad, TipoClase_idTipoClase, Boleto_idBoleto) values (24, 'Unsp complication following incomplete', 1.9, 2, 2, 2, 1, 24);
insert into Equipaje (idEquipaje, descripcion, peso, alto, ancho, profundidad, TipoClase_idTipoClase, Boleto_idBoleto) values (25, 'Infect/inflm reaction due', 1.5, 1, 3, 1, 1, 25);
insert into Equipaje (idEquipaje, descripcion, peso, alto, ancho, profundidad, TipoClase_idTipoClase, Boleto_idBoleto) values (26, 'Burn of unsp degree of right', 2.7, 1, 3, 1, 1, 26);
insert into Equipaje (idEquipaje, descripcion, peso, alto, ancho, profundidad, TipoClase_idTipoClase, Boleto_idBoleto) values (27, 'Maternal care for oth rhesus', 2.7, 1, 2, 3, 1, 27);
insert into Equipaje (idEquipaje, descripcion, peso, alto, ancho, profundidad, TipoClase_idTipoClase, Boleto_idBoleto) values (28, 'Drowning and submersion due', 1.8, 1, 3, 3, 1, 28);
insert into Equipaje (idEquipaje, descripcion, peso, alto, ancho, profundidad, TipoClase_idTipoClase, Boleto_idBoleto) values (29, 'Other anterior subluxation', 2.3, 2, 2, 3, 1, 29);
insert into Equipaje (idEquipaje, descripcion, peso, alto, ancho, profundidad, TipoClase_idTipoClase, Boleto_idBoleto) values (30, 'Superficial (capsular)', 1.5, 1, 1, 1, 1, 30);
