-- Postgres Script generated by Christhoper and Hesler
-- Sat Mar 23 23:05:09 2019
-- Model: New Model    Version: 1.0
-- MySQL Workbench Forward Engineering

create schema aerolinea

-- -----------------------------------------------------
-- Table aerolinea.Pais
-- -----------------------------------------------------
CREATE TABLE IF NOT EXISTS aerolinea.Pais (
  idPais INT NOT NULL,
  nombre VARCHAR(200) NULL,
  nombreCorto VARCHAR(200) NULL,
  CONSTRAINT pk_idpais PRIMARY KEY (idPais));

insert into aerolinea.pais (idPais, nombre, nombreCorto) values (1, 'China', 'CN');
insert into aerolinea.pais (idPais, nombre, nombreCorto) values (2, 'Indonesia', 'ID');
insert into aerolinea.pais (idPais, nombre, nombreCorto) values (3, 'Portugal', 'PT');
insert into aerolinea.pais (idPais, nombre, nombreCorto) values (4, 'China', 'CN');
insert into aerolinea.pais (idPais, nombre, nombreCorto) values (5, 'Russia', 'RU');
insert into aerolinea.pais (idPais, nombre, nombreCorto) values (6, 'Philippines', 'PH');
insert into aerolinea.pais (idPais, nombre, nombreCorto) values (7, 'China', 'CN');
insert into aerolinea.pais (idPais, nombre, nombreCorto) values (8, 'Greece', 'GR');
insert into aerolinea.pais (idPais, nombre, nombreCorto) values (9, 'China', 'CN');
insert into aerolinea.pais (idPais, nombre, nombreCorto) values (10, 'Australia', 'AU');
insert into aerolinea.pais (idPais, nombre, nombreCorto) values (11, 'South Africa', 'ZA');
insert into aerolinea.pais (idPais, nombre, nombreCorto) values (12, 'Brazil', 'BR');
insert into aerolinea.pais (idPais, nombre, nombreCorto) values (13, 'Mexico', 'MX');
insert into aerolinea.pais (idPais, nombre, nombreCorto) values (14, 'Portugal', 'PT');
insert into aerolinea.pais (idPais, nombre, nombreCorto) values (15, 'China', 'CN');
insert into aerolinea.pais (idPais, nombre, nombreCorto) values (16, 'Iceland', 'IS');
insert into aerolinea.pais (idPais, nombre, nombreCorto) values (17, 'Indonesia', 'ID');
insert into aerolinea.pais (idPais, nombre, nombreCorto) values (18, 'Brazil', 'BR');
insert into aerolinea.pais (idPais, nombre, nombreCorto) values (19, 'China', 'CN');
insert into aerolinea.pais (idPais, nombre, nombreCorto) values (20, 'Tajikistan', 'TJ');
insert into aerolinea.pais (idPais, nombre, nombreCorto) values (21, 'China', 'CN');
insert into aerolinea.pais (idPais, nombre, nombreCorto) values (22, 'Democratic Republic of the Congo', 'CD');
insert into aerolinea.pais (idPais, nombre, nombreCorto) values (23, 'Indonesia', 'ID');
insert into aerolinea.pais (idPais, nombre, nombreCorto) values (24, 'China', 'CN');
insert into aerolinea.pais (idPais, nombre, nombreCorto) values (25, 'China', 'CN');
insert into aerolinea.pais (idPais, nombre, nombreCorto) values (26, 'France', 'FR');
insert into aerolinea.pais (idPais, nombre, nombreCorto) values (27, 'Brazil', 'BR');
insert into aerolinea.pais (idPais, nombre, nombreCorto) values (28, 'Ivory Coast', 'CI');
insert into aerolinea.pais (idPais, nombre, nombreCorto) values (29, 'Portugal', 'PT');
insert into aerolinea.pais (idPais, nombre, nombreCorto) values (30, 'Indonesia', 'ID');


-- -----------------------------------------------------
-- Table aerolinea.Persona
-- -----------------------------------------------------
CREATE TABLE IF NOT EXISTS aerolinea.Persona (
  idPersona INT NOT NULL,
  pNombre VARCHAR(200) NULL,
  sNombre VARCHAR(200) NULL,
  pApellido VARCHAR(200) NULL,
  sApellido VARCHAR(200) NULL,
  correoElectronico VARCHAR(200) NULL,
  direccion VARCHAR(200) NULL,
  numeroIdentidad VARCHAR(200) NOT NULL,
  Pais_idPais INT NOT NULL,
  CONSTRAINT pk_idPersona PRIMARY KEY (idPersona),
  UNIQUE (numeroIdentidad),
  CONSTRAINT fk_Persona_Pais1
    FOREIGN KEY (Pais_idPais)
    REFERENCES aerolinea.Pais (idPais)
    ON DELETE NO ACTION
    ON UPDATE NO ACTION);

insert into aerolinea.persona (idPersona, pNombre, sNombre, pApellido, sApellido, correoElectronico, direccion, numeroIdentidad, Pais_idPais) values (1, 'Merline', 'Lanita', 'Jorg', 'Kleingrub', 'lkleingrub0@irs.gov', '998 Canary Park', '4648972988', 1);
insert into aerolinea.persona (idPersona, pNombre, sNombre, pApellido, sApellido, correoElectronico, direccion, numeroIdentidad, Pais_idPais) values (2, 'Bili', 'Ethelin', 'Josovich', 'Olyet', 'eolyet1@wordpress.org', '59 Moose Center', '7375404658', 2);
insert into aerolinea.persona (idPersona, pNombre, sNombre, pApellido, sApellido, correoElectronico, direccion, numeroIdentidad, Pais_idPais) values (3, 'Elyn', 'Ode', 'Cherry Holme', 'Wasling', 'owasling2@washington.edu', '696 Texas Parkway', '0429119232', 3);
insert into aerolinea.persona (idPersona, pNombre, sNombre, pApellido, sApellido, correoElectronico, direccion, numeroIdentidad, Pais_idPais) values (4, 'Alice', 'Carson', 'Windeatt', 'Durrant', 'cdurrant3@privacy.gov.au', '65 Bunker Hill Lane', '4875559895', 4);
insert into aerolinea.persona (idPersona, pNombre, sNombre, pApellido, sApellido, correoElectronico, direccion, numeroIdentidad, Pais_idPais) values (5, 'Ruthanne', 'Raimundo', 'Letford', 'Gaitley', 'rgaitley4@angelfire.com', '4308 Hazelcrest Hill', '1217104232', 5);
insert into aerolinea.persona (idPersona, pNombre, sNombre, pApellido, sApellido, correoElectronico, direccion, numeroIdentidad, Pais_idPais) values (6, 'Giuditta', 'Rickert', 'O''Corrin', 'Pepineaux', 'rpepineaux5@about.com', '271 Nova Terrace', '7930962482', 6);
insert into aerolinea.persona (idPersona, pNombre, sNombre, pApellido, sApellido, correoElectronico, direccion, numeroIdentidad, Pais_idPais) values (7, 'Dennie', 'Ad', 'Feighry', 'Sivil', 'asivil6@canalblog.com', '4428 Scott Way', '4391325969', 7);
insert into aerolinea.persona (idPersona, pNombre, sNombre, pApellido, sApellido, correoElectronico, direccion, numeroIdentidad, Pais_idPais) values (8, 'Kim', 'Tiffani', 'Jost', 'Bowry', 'tbowry7@bing.com', '56 Judy Terrace', '4229129904', 8);
insert into aerolinea.persona (idPersona, pNombre, sNombre, pApellido, sApellido, correoElectronico, direccion, numeroIdentidad, Pais_idPais) values (9, 'Yevette', 'Philippe', 'Roft', 'Villiers', 'pvilliers8@quantcast.com', '3687 Almo Circle', '8364007815', 9);
insert into aerolinea.persona (idPersona, pNombre, sNombre, pApellido, sApellido, correoElectronico, direccion, numeroIdentidad, Pais_idPais) values (10, 'Margaux', 'Bel', 'Gittins', 'Guitton', 'bguitton9@who.int', '60082 Bartelt Point', '2730624058', 10);
insert into aerolinea.persona (idPersona, pNombre, sNombre, pApellido, sApellido, correoElectronico, direccion, numeroIdentidad, Pais_idPais) values (11, 'Ellswerth', 'Marcy', 'Dowty', 'Arends', 'marendsa@hhs.gov', '0 Annamark Circle', '5486899629', 11);
insert into aerolinea.persona (idPersona, pNombre, sNombre, pApellido, sApellido, correoElectronico, direccion, numeroIdentidad, Pais_idPais) values (12, 'Gusta', 'Lesya', 'Giacomuzzo', 'Bunney', 'lbunneyb@wordpress.org', '52 Schlimgen Street', '9351794660', 12);
insert into aerolinea.persona (idPersona, pNombre, sNombre, pApellido, sApellido, correoElectronico, direccion, numeroIdentidad, Pais_idPais) values (13, 'Alwyn', 'Molly', 'Flecknoe', 'Gerb', 'mgerbc@cdc.gov', '33 Buena Vista Circle', '0417313691', 13);
insert into aerolinea.persona (idPersona, pNombre, sNombre, pApellido, sApellido, correoElectronico, direccion, numeroIdentidad, Pais_idPais) values (14, 'Pier', 'Ermengarde', 'Screen', 'Buey', 'ebueyd@google.com.hk', '56 Burning Wood Hill', '3286723258', 14);
insert into aerolinea.persona (idPersona, pNombre, sNombre, pApellido, sApellido, correoElectronico, direccion, numeroIdentidad, Pais_idPais) values (15, 'Obediah', 'Decca', 'Abramovitch', 'Mouat', 'dmouate@amazonaws.com', '6 Fallview Parkway', '7224722979', 15);
insert into aerolinea.persona (idPersona, pNombre, sNombre, pApellido, sApellido, correoElectronico, direccion, numeroIdentidad, Pais_idPais) values (16, 'Dierdre', 'Sonny', 'Quarles', 'D''Alwis', 'sdalwisf@elpais.com', '2656 Redwing Plaza', '6145707763', 16);
insert into aerolinea.persona (idPersona, pNombre, sNombre, pApellido, sApellido, correoElectronico, direccion, numeroIdentidad, Pais_idPais) values (17, 'Vannie', 'Easter', 'Blaase', 'Fontin', 'efonting@cnbc.com', '39 Steensland Alley', '3585927688', 17);
insert into aerolinea.persona (idPersona, pNombre, sNombre, pApellido, sApellido, correoElectronico, direccion, numeroIdentidad, Pais_idPais) values (18, 'Oriana', 'Georas', 'Gedney', 'Gosland', 'ggoslandh@github.io', '9075 Novick Court', '2154126146', 18);
insert into aerolinea.persona (idPersona, pNombre, sNombre, pApellido, sApellido, correoElectronico, direccion, numeroIdentidad, Pais_idPais) values (19, 'Anna-diana', 'Timofei', 'Barron', 'Reichelt', 'treichelti@geocities.com', '842 Comanche Alley', '7648554534', 19);
insert into aerolinea.persona (idPersona, pNombre, sNombre, pApellido, sApellido, correoElectronico, direccion, numeroIdentidad, Pais_idPais) values (20, 'Mikey', 'Megan', 'Harwick', 'Mix', 'mmixj@360.cn', '9249 Park Meadow Street', '3455706673', 20);
insert into aerolinea.persona (idPersona, pNombre, sNombre, pApellido, sApellido, correoElectronico, direccion, numeroIdentidad, Pais_idPais) values (21, 'Irwin', 'Bette-ann', 'Philippe', 'Sich', 'bsichk@google.co.jp', '71 Jenna Parkway', '6959320569', 21);
insert into aerolinea.persona (idPersona, pNombre, sNombre, pApellido, sApellido, correoElectronico, direccion, numeroIdentidad, Pais_idPais) values (22, 'Stefano', 'Livia', 'Delion', 'Seton', 'lsetonl@purevolume.com', '0740 Lawn Court', '7335998247', 22);
insert into aerolinea.persona (idPersona, pNombre, sNombre, pApellido, sApellido, correoElectronico, direccion, numeroIdentidad, Pais_idPais) values (23, 'Aland', 'Mellisa', 'Spanton', 'Blinder', 'mblinderm@jigsy.com', '4 Shoshone Parkway', '7819265140', 23);
insert into aerolinea.persona (idPersona, pNombre, sNombre, pApellido, sApellido, correoElectronico, direccion, numeroIdentidad, Pais_idPais) values (24, 'Krishna', 'Constantina', 'Bednall', 'Izhak', 'cizhakn@ocn.ne.jp', '9648 Comanche Drive', '6715554501', 24);
insert into aerolinea.persona (idPersona, pNombre, sNombre, pApellido, sApellido, correoElectronico, direccion, numeroIdentidad, Pais_idPais) values (25, 'Vasilis', 'Hildagard', 'Livick', 'Toler', 'htolero@newsvine.com', '5 Northridge Trail', '4628013837', 25);
insert into aerolinea.persona (idPersona, pNombre, sNombre, pApellido, sApellido, correoElectronico, direccion, numeroIdentidad, Pais_idPais) values (26, 'Madelena', 'Lebbie', 'Neillans', 'Winsley', 'lwinsleyp@usnews.com', '1501 Claremont Pass', '9180152090', 26);
insert into aerolinea.persona (idPersona, pNombre, sNombre, pApellido, sApellido, correoElectronico, direccion, numeroIdentidad, Pais_idPais) values (27, 'Joete', 'Gustie', 'Epdell', 'Waeland', 'gwaelandq@squidoo.com', '5101 Oak Circle', '1364552590', 27);
insert into aerolinea.persona (idPersona, pNombre, sNombre, pApellido, sApellido, correoElectronico, direccion, numeroIdentidad, Pais_idPais) values (28, 'Petronille', 'Sloan', 'Traske', 'Khristyukhin', 'skhristyukhinr@youtube.com', '1 Mosinee Lane', '8254583889', 28);
insert into aerolinea.persona (idPersona, pNombre, sNombre, pApellido, sApellido, correoElectronico, direccion, numeroIdentidad, Pais_idPais) values (29, 'Kristien', 'Morgan', 'Rashleigh', 'Renish', 'mrenishs@skyrock.com', '16480 Coleman Lane', '8503229870', 29);
insert into aerolinea.persona (idPersona, pNombre, sNombre, pApellido, sApellido, correoElectronico, direccion, numeroIdentidad, Pais_idPais) values (30, 'Pamela', 'Cecilio', 'Victoria', 'Lorrimer', 'clorrimert@nih.gov', '2639 Mariners Cove Street', '4314327758', 30);


-- -----------------------------------------------------
-- Table aerolinea.Telefono
-- -----------------------------------------------------
CREATE TABLE IF NOT EXISTS aerolinea.Telefono (
  idTelefono INT NOT NULL,
  numeroTelefono VARCHAR(200) NULL,
  estado VARCHAR(200) NULL,
  persona_idpersona INT NOT NULL,
  CONSTRAINT pk_idTelefono PRIMARY KEY (idTelefono),
  CONSTRAINT fk_telefono_persona
    FOREIGN KEY (persona_idpersona)
    REFERENCES aerolinea.Persona (idPersona)
    ON DELETE NO ACTION
    ON UPDATE NO ACTION);

insert into aerolinea.Telefono (idTelefono, numeroTelefono, estado, persona_idPersona) values (1, '287-843-2741', 'A', 1);
insert into aerolinea.Telefono (idTelefono, numeroTelefono, estado, persona_idPersona) values (2, '381-845-4746', 'A', 2);
insert into aerolinea.Telefono (idTelefono, numeroTelefono, estado, persona_idPersona) values (3, '863-565-3849', 'A', 3);
insert into aerolinea.Telefono (idTelefono, numeroTelefono, estado, persona_idPersona) values (4, '449-256-6026', 'A', 4);
insert into aerolinea.Telefono (idTelefono, numeroTelefono, estado, persona_idPersona) values (5, '905-587-7383', 'A', 5);
insert into aerolinea.Telefono (idTelefono, numeroTelefono, estado, persona_idPersona) values (6, '756-320-6770', 'A', 6);
insert into aerolinea.Telefono (idTelefono, numeroTelefono, estado, persona_idPersona) values (7, '182-140-7847', 'A', 7);
insert into aerolinea.Telefono (idTelefono, numeroTelefono, estado, persona_idPersona) values (8, '721-428-7778', 'A', 8);
insert into aerolinea.Telefono (idTelefono, numeroTelefono, estado, persona_idPersona) values (9, '790-969-6687', 'A', 9);
insert into aerolinea.Telefono (idTelefono, numeroTelefono, estado, persona_idPersona) values (10, '200-262-3260', 'I', 10);
insert into aerolinea.Telefono (idTelefono, numeroTelefono, estado, persona_idPersona) values (11, '386-735-4833', 'x', 11);
insert into aerolinea.Telefono (idTelefono, numeroTelefono, estado, persona_idPersona) values (12, '906-923-4727', 'I', 12);
insert into aerolinea.Telefono (idTelefono, numeroTelefono, estado, persona_idPersona) values (13, '240-786-5582', 'n', 13);
insert into aerolinea.Telefono (idTelefono, numeroTelefono, estado, persona_idPersona) values (14, '232-255-5240', 'g', 14);
insert into aerolinea.Telefono (idTelefono, numeroTelefono, estado, persona_idPersona) values (15, '339-619-6526', 'I', 15);
insert into aerolinea.Telefono (idTelefono, numeroTelefono, estado, persona_idPersona) values (16, '437-565-6268', 'y', 16);
insert into aerolinea.Telefono (idTelefono, numeroTelefono, estado, persona_idPersona) values (17, '951-629-1168', 'A', 17);
insert into aerolinea.Telefono (idTelefono, numeroTelefono, estado, persona_idPersona) values (18, '332-342-9728', 'j', 18);
insert into aerolinea.Telefono (idTelefono, numeroTelefono, estado, persona_idPersona) values (19, '670-183-4353', 'A', 19);
insert into aerolinea.Telefono (idTelefono, numeroTelefono, estado, persona_idPersona) values (20, '209-283-2747', 'I', 20);
insert into aerolinea.Telefono (idTelefono, numeroTelefono, estado, persona_idPersona) values (21, '426-369-0340', 'A', 21);
insert into aerolinea.Telefono (idTelefono, numeroTelefono, estado, persona_idPersona) values (22, '682-327-8066', 'I', 22);
insert into aerolinea.Telefono (idTelefono, numeroTelefono, estado, persona_idPersona) values (23, '534-737-8925', 'A', 23);
insert into aerolinea.Telefono (idTelefono, numeroTelefono, estado, persona_idPersona) values (24, '335-175-8545', 'I', 24);
insert into aerolinea.Telefono (idTelefono, numeroTelefono, estado, persona_idPersona) values (25, '994-523-5162', 'A', 25);
insert into aerolinea.Telefono (idTelefono, numeroTelefono, estado, persona_idPersona) values (26, '807-126-2249', 'I', 26);
insert into aerolinea.Telefono (idTelefono, numeroTelefono, estado, persona_idPersona) values (27, '668-943-1990', 'A', 27);
insert into aerolinea.Telefono (idTelefono, numeroTelefono, estado, persona_idPersona) values (28, '720-504-4394', 'I', 28);
insert into aerolinea.Telefono (idTelefono, numeroTelefono, estado, persona_idPersona) values (29, '605-630-7780', 'I', 29);
insert into aerolinea.Telefono (idTelefono, numeroTelefono, estado, persona_idPersona) values (30, '650-266-5927', 'I', 30);


-- -----------------------------------------------------
-- Table aerolinea.Pasajero
-- -----------------------------------------------------
CREATE TABLE IF NOT EXISTS aerolinea.Pasajero (
  idPasajero INT NOT NULL,
  fechaRegistro DATE NULL,
  persona_idpersona INT NOT NULL,
  CONSTRAINT pk_idPasajero PRIMARY KEY (idPasajero),
  CONSTRAINT fk_pasajero_persona1
    FOREIGN KEY (persona_idpersona)
    REFERENCES aerolinea.Persona (idPersona)
    ON DELETE NO ACTION
    ON UPDATE NO ACTION);

insert into aerolinea.Pasajero (idPasajero, fechaRegistro, persona_idpersona) values (1, '2018-11-17', 1);
insert into aerolinea.Pasajero (idPasajero, fechaRegistro, persona_idpersona) values (2, '2018-02-28', 2);
insert into aerolinea.Pasajero (idPasajero, fechaRegistro, persona_idpersona) values (3, '2017-09-11', 3);
insert into aerolinea.Pasajero (idPasajero, fechaRegistro, persona_idpersona) values (4, '2016-08-02', 4);
insert into aerolinea.Pasajero (idPasajero, fechaRegistro, persona_idpersona) values (5, '2015-10-01', 5);
insert into aerolinea.Pasajero (idPasajero, fechaRegistro, persona_idpersona) values (6, '2018-04-15', 6);
insert into aerolinea.Pasajero (idPasajero, fechaRegistro, persona_idpersona) values (7, '2018-07-11', 7);
insert into aerolinea.Pasajero (idPasajero, fechaRegistro, persona_idpersona) values (8, '2018-09-27', 8);
insert into aerolinea.Pasajero (idPasajero, fechaRegistro, persona_idpersona) values (9, '2015-09-01', 9);
insert into aerolinea.Pasajero (idPasajero, fechaRegistro, persona_idpersona) values (10, '2018-01-25', 10);
insert into aerolinea.Pasajero (idPasajero, fechaRegistro, persona_idpersona) values (11, '2016-03-17', 11);
insert into aerolinea.Pasajero (idPasajero, fechaRegistro, persona_idpersona) values (12, '2019-02-28', 12);
insert into aerolinea.Pasajero (idPasajero, fechaRegistro, persona_idpersona) values (13, '2015-10-26', 13);
insert into aerolinea.Pasajero (idPasajero, fechaRegistro, persona_idpersona) values (14, '2018-01-17', 14);
insert into aerolinea.Pasajero (idPasajero, fechaRegistro, persona_idpersona) values (15, '2016-09-08', 15);
insert into aerolinea.Pasajero (idPasajero, fechaRegistro, persona_idpersona) values (16, '2016-05-11', 16);
insert into aerolinea.Pasajero (idPasajero, fechaRegistro, persona_idpersona) values (17, '2016-08-21', 17);
insert into aerolinea.Pasajero (idPasajero, fechaRegistro, persona_idpersona) values (18, '2019-01-12', 18);
insert into aerolinea.Pasajero (idPasajero, fechaRegistro, persona_idpersona) values (19, '2017-09-23', 19);
insert into aerolinea.Pasajero (idPasajero, fechaRegistro, persona_idpersona) values (20, '2017-03-25', 20);
insert into aerolinea.Pasajero (idPasajero, fechaRegistro, persona_idpersona) values (21, '2016-08-12', 21);
insert into aerolinea.Pasajero (idPasajero, fechaRegistro, persona_idpersona) values (22, '2018-11-24', 22);
insert into aerolinea.Pasajero (idPasajero, fechaRegistro, persona_idpersona) values (23, '2018-01-19', 23);
insert into aerolinea.Pasajero (idPasajero, fechaRegistro, persona_idpersona) values (24, '2019-02-16', 24);
insert into aerolinea.Pasajero (idPasajero, fechaRegistro, persona_idpersona) values (25, '2018-02-06', 25);
insert into aerolinea.Pasajero (idPasajero, fechaRegistro, persona_idpersona) values (26, '2016-02-12', 26);
insert into aerolinea.Pasajero (idPasajero, fechaRegistro, persona_idpersona) values (27, '2015-04-09', 27);
insert into aerolinea.Pasajero (idPasajero, fechaRegistro, persona_idpersona) values (28, '2017-01-10', 28);
insert into aerolinea.Pasajero (idPasajero, fechaRegistro, persona_idpersona) values (29, '2018-08-01', 29);
insert into aerolinea.Pasajero (idPasajero, fechaRegistro, persona_idpersona) values (30, '2017-09-27', 30);

-- -----------------------------------------------------
-- Table aerolinea.Fabricante
-- -----------------------------------------------------
CREATE TABLE IF NOT EXISTS aerolinea.Fabricante (
  idFabricante INT NOT NULL,
  descripcion VARCHAR(200) NULL,
  CONSTRAINT pk_idFabricante PRIMARY KEY (idFabricante));

  insert into aerolinea.Fabricante (idFabricante, descripcion) values (1, 'Infiniti');
insert into aerolinea.Fabricante (idFabricante, descripcion) values (2, 'Mercedes-Benz');
insert into aerolinea.Fabricante (idFabricante, descripcion) values (3, 'Jeep');
insert into aerolinea.Fabricante (idFabricante, descripcion) values (4, 'Mazda');
insert into aerolinea.Fabricante (idFabricante, descripcion) values (5, 'Kia');
insert into aerolinea.Fabricante (idFabricante, descripcion) values (6, 'Saab');
insert into aerolinea.Fabricante (idFabricante, descripcion) values (7, 'Suzuki');
insert into aerolinea.Fabricante (idFabricante, descripcion) values (8, 'Acura');
insert into aerolinea.Fabricante (idFabricante, descripcion) values (9, 'Pontiac');
insert into aerolinea.Fabricante (idFabricante, descripcion) values (10, 'Mazda');
insert into aerolinea.Fabricante (idFabricante, descripcion) values (11, 'GMC');
insert into aerolinea.Fabricante (idFabricante, descripcion) values (12, 'Ford');
insert into aerolinea.Fabricante (idFabricante, descripcion) values (13, 'Volvo');
insert into aerolinea.Fabricante (idFabricante, descripcion) values (14, 'GMC');
insert into aerolinea.Fabricante (idFabricante, descripcion) values (15, 'Mazda');
insert into aerolinea.Fabricante (idFabricante, descripcion) values (16, 'GMC');
insert into aerolinea.Fabricante (idFabricante, descripcion) values (17, 'Chevrolet');
insert into aerolinea.Fabricante (idFabricante, descripcion) values (18, 'Maserati');
insert into aerolinea.Fabricante (idFabricante, descripcion) values (19, 'GMC');
insert into aerolinea.Fabricante (idFabricante, descripcion) values (20, 'Volkswagen');
insert into aerolinea.Fabricante (idFabricante, descripcion) values (21, 'Chevrolet');
insert into aerolinea.Fabricante (idFabricante, descripcion) values (22, 'Chevrolet');
insert into aerolinea.Fabricante (idFabricante, descripcion) values (23, 'Lamborghini');
insert into aerolinea.Fabricante (idFabricante, descripcion) values (24, 'GMC');
insert into aerolinea.Fabricante (idFabricante, descripcion) values (25, 'Chevrolet');
insert into aerolinea.Fabricante (idFabricante, descripcion) values (26, 'Porsche');
insert into aerolinea.Fabricante (idFabricante, descripcion) values (27, 'Mitsubishi');
insert into aerolinea.Fabricante (idFabricante, descripcion) values (28, 'Plymouth');
insert into aerolinea.Fabricante (idFabricante, descripcion) values (29, 'Infiniti');
insert into aerolinea.Fabricante (idFabricante, descripcion) values (30, 'Maserati');


-- -----------------------------------------------------
-- Table aerolinea.Modelo
-- -----------------------------------------------------
CREATE TABLE IF NOT EXISTS aerolinea.Modelo (
  idModelo INT NOT NULL,
  descripcion VARCHAR(200) NULL,
  fechaFabricacion DATE NULL,
  Fabricante_idFabricante INT NOT NULL,
  CONSTRAINT pk_idModelo PRIMARY KEY (idModelo),
  CONSTRAINT fk_Modelo_Fabricante1
    FOREIGN KEY (Fabricante_idFabricante)
    REFERENCES aerolinea.Fabricante (idFabricante)
    ON DELETE NO ACTION
    ON UPDATE NO ACTION);

insert into aerolinea.Modelo (idModelo, descripcion, fechaFabricacion, Fabricante_idFabricante) values (1, 'R-Class', '2010-07-12', 1);
insert into aerolinea.Modelo (idModelo, descripcion, fechaFabricacion, Fabricante_idFabricante) values (2, 'Mazda6', '1998-02-28', 2);
insert into aerolinea.Modelo (idModelo, descripcion, fechaFabricacion, Fabricante_idFabricante) values (3, 'Talon', '2000-11-28', 3);
insert into aerolinea.Modelo (idModelo, descripcion, fechaFabricacion, Fabricante_idFabricante) values (4, 'Caravan', '1998-02-22', 4);
insert into aerolinea.Modelo (idModelo, descripcion, fechaFabricacion, Fabricante_idFabricante) values (5, 'Legend', '1998-05-28', 5);
insert into aerolinea.Modelo (idModelo, descripcion, fechaFabricacion, Fabricante_idFabricante) values (6, 'FX', '1998-03-13', 6);
insert into aerolinea.Modelo (idModelo, descripcion, fechaFabricacion, Fabricante_idFabricante) values (7, 'Land Cruiser', '2003-05-15', 7);
insert into aerolinea.Modelo (idModelo, descripcion, fechaFabricacion, Fabricante_idFabricante) values (8, 'SC', '2003-06-05', 8);
insert into aerolinea.Modelo (idModelo, descripcion, fechaFabricacion, Fabricante_idFabricante) values (9, 'Grand Prix', '1998-04-22', 9);
insert into aerolinea.Modelo (idModelo, descripcion, fechaFabricacion, Fabricante_idFabricante) values (10, 'Mazda6', '2010-01-15', 10);
insert into aerolinea.Modelo (idModelo, descripcion, fechaFabricacion, Fabricante_idFabricante) values (11, 'TL', '2003-11-22', 11);
insert into aerolinea.Modelo (idModelo, descripcion, fechaFabricacion, Fabricante_idFabricante) values (12, 'Ram 2500', '2010-04-26', 12);
insert into aerolinea.Modelo (idModelo, descripcion, fechaFabricacion, Fabricante_idFabricante) values (13, 'Ram Van 2500', '1998-08-14', 13);
insert into aerolinea.Modelo (idModelo, descripcion, fechaFabricacion, Fabricante_idFabricante) values (14, 'Crown Victoria', '2003-04-18', 14);
insert into aerolinea.Modelo (idModelo, descripcion, fechaFabricacion, Fabricante_idFabricante) values (15, 'Yukon XL 1500', '2010-11-27', 15);
insert into aerolinea.Modelo (idModelo, descripcion, fechaFabricacion, Fabricante_idFabricante) values (16, 'Avenger', '1998-11-20', 16);
insert into aerolinea.Modelo (idModelo, descripcion, fechaFabricacion, Fabricante_idFabricante) values (17, 'Trans Sport', '2019-03-18', 17);
insert into aerolinea.Modelo (idModelo, descripcion, fechaFabricacion, Fabricante_idFabricante) values (18, 'Defender 90', '2010-07-11', 18);
insert into aerolinea.Modelo (idModelo, descripcion, fechaFabricacion, Fabricante_idFabricante) values (19, 'Express 2500', '2010-02-22', 19);
insert into aerolinea.Modelo (idModelo, descripcion, fechaFabricacion, Fabricante_idFabricante) values (20, 'Fifth Ave', '2019-03-08', 20);
insert into aerolinea.Modelo (idModelo, descripcion, fechaFabricacion, Fabricante_idFabricante) values (21, 'Vision', '2003-05-02', 21);
insert into aerolinea.Modelo (idModelo, descripcion, fechaFabricacion, Fabricante_idFabricante) values (22, 'Ram 3500', '1998-06-28', 22);
insert into aerolinea.Modelo (idModelo, descripcion, fechaFabricacion, Fabricante_idFabricante) values (23, 'LeSabre', '2003-01-11', 23);
insert into aerolinea.Modelo (idModelo, descripcion, fechaFabricacion, Fabricante_idFabricante) values (24, 'LS', '1998-12-12', 24);
insert into aerolinea.Modelo (idModelo, descripcion, fechaFabricacion, Fabricante_idFabricante) values (25, 'Celica', '2010-05-01', 25);
insert into aerolinea.Modelo (idModelo, descripcion, fechaFabricacion, Fabricante_idFabricante) values (26, 'Rodeo Sport', '2003-02-14', 26);
insert into aerolinea.Modelo (idModelo, descripcion, fechaFabricacion, Fabricante_idFabricante) values (27, 'Phantom', '2010-11-13', 27);
insert into aerolinea.Modelo (idModelo, descripcion, fechaFabricacion, Fabricante_idFabricante) values (28, 'Laser', '2010-03-10', 28);
insert into aerolinea.Modelo (idModelo, descripcion, fechaFabricacion, Fabricante_idFabricante) values (29, 'Rodeo', '2000-09-22', 29);
insert into aerolinea.Modelo (idModelo, descripcion, fechaFabricacion, Fabricante_idFabricante) values (30, 'Highlander', '1998-07-26', 30);


-- -----------------------------------------------------
-- Table aerolinea.Avion
-- -----------------------------------------------------
CREATE TABLE IF NOT EXISTS aerolinea.Avion (
  idAvion INT NOT NULL,
  numeroPlaca VARCHAR(200) NOT NULL,
  capacidad INT NULL,
  descripcion VARCHAR(200) NULL,
  tiempoVuelo decimal NULL,
  Modelo_idModelo INT NOT NULL,
  CONSTRAINT pk_idAvion PRIMARY KEY (idAvion),
  UNIQUE (numeroPlaca),
  CONSTRAINT fk_Avion_Modelo1
    FOREIGN KEY (Modelo_idModelo)
    REFERENCES aerolinea.Modelo (idModelo)
    ON DELETE NO ACTION
    ON UPDATE NO ACTION);

insert into aerolinea.Avion (idAvion, numeroPlaca, capacidad, descripcion, tiempoVuelo, Modelo_idModelo) values (1, 'ak-171', 45, 'with Three Drug-eluting Intraluminal Devices, Percutaneous Approach', 3707, 1);
insert into aerolinea.Avion (idAvion, numeroPlaca, capacidad, descripcion, tiempoVuelo, Modelo_idModelo) values (2, 'co-057', 52, 'Approach', 2130, 2);
insert into aerolinea.Avion (idAvion, numeroPlaca, capacidad, descripcion, tiempoVuelo, Modelo_idModelo) values (3, 'nh-809', 59, 'Percutaneous Approach', 241, 3);
insert into aerolinea.Avion (idAvion, numeroPlaca, capacidad, descripcion, tiempoVuelo, Modelo_idModelo) values (4, 'kl-104', 66, 'Via Natural or Artificial Opening Endoscopic', 4358, 4);
insert into aerolinea.Avion (idAvion, numeroPlaca, capacidad, descripcion, tiempoVuelo, Modelo_idModelo) values (5, 'rb-178', 73, 'Approach', 2248, 5);
insert into aerolinea.Avion (idAvion, numeroPlaca, capacidad, descripcion, tiempoVuelo, Modelo_idModelo) values (6, 'ry-324', 49, 'Approach', 4232, 6);
insert into aerolinea.Avion (idAvion, numeroPlaca, capacidad, descripcion, tiempoVuelo, Modelo_idModelo) values (7, 'tl-423', 56, 'Percutaneous Approach', 3301, 7);
insert into aerolinea.Avion (idAvion, numeroPlaca, capacidad, descripcion, tiempoVuelo, Modelo_idModelo) values (8, 'wn-368', 63, 'Approach', 781, 8);
insert into aerolinea.Avion (idAvion, numeroPlaca, capacidad, descripcion, tiempoVuelo, Modelo_idModelo) values (9, 'nz-043', 70, 'Percutaneous Endoscopic Approach', 4790, 9);
insert into aerolinea.Avion (idAvion, numeroPlaca, capacidad, descripcion, tiempoVuelo, Modelo_idModelo) values (10, 'wf-100', 46, 'Destruction of Intracranial Vein, Open Approach', 3139, 10);
insert into aerolinea.Avion (idAvion, numeroPlaca, capacidad, descripcion, tiempoVuelo, Modelo_idModelo) values (11, 'ma-005', 53, 'Percutaneous Approach', 1066, 11);
insert into aerolinea.Avion (idAvion, numeroPlaca, capacidad, descripcion, tiempoVuelo, Modelo_idModelo) values (12, 'lp-383', 60, 'Insertion of Infusion Device into Left Common Iliac Artery, Percutaneous Endoscopic Approach', 2421, 12);
insert into aerolinea.Avion (idAvion, numeroPlaca, capacidad, descripcion, tiempoVuelo, Modelo_idModelo) values (13, 'fl-362', 67, 'Revision of Autologous Tissue Substitute in Prostate and Seminal Vesicles, Open Approach', 2838, 13);
insert into aerolinea.Avion (idAvion, numeroPlaca, capacidad, descripcion, tiempoVuelo, Modelo_idModelo) values (14, 'qc-151', 74, 'Restriction of Right Parotid Duct, Via Natural or Artificial Opening', 1164, 14);
insert into aerolinea.Avion (idAvion, numeroPlaca, capacidad, descripcion, tiempoVuelo, Modelo_idModelo) values (15, 'zm-040', 50, 'Insertion of Radioactive Element into Left Femoral Region, Percutaneous Approach', 1129, 15);
insert into aerolinea.Avion (idAvion, numeroPlaca, capacidad, descripcion, tiempoVuelo, Modelo_idModelo) values (16, 'cf-923', 57, 'Supplement Right Knee Joint with Liner, Open Approach', 1235, 16);
insert into aerolinea.Avion (idAvion, numeroPlaca, capacidad, descripcion, tiempoVuelo, Modelo_idModelo) values (17, 'mg-369', 64, 'Excision of Right Hand Vein, Percutaneous Endoscopic Approach', 613, 17);
insert into aerolinea.Avion (idAvion, numeroPlaca, capacidad, descripcion, tiempoVuelo, Modelo_idModelo) values (18, 'tx-967', 71, 'Percutaneous Endoscopic Approach', 4754, 18);
insert into aerolinea.Avion (idAvion, numeroPlaca, capacidad, descripcion, tiempoVuelo, Modelo_idModelo) values (19, 'go-772', 47, 'Destruction of Left External Carotid Artery, Percutaneous Approach', 464, 19);
insert into aerolinea.Avion (idAvion, numeroPlaca, capacidad, descripcion, tiempoVuelo, Modelo_idModelo) values (20, 'my-083', 54, 'Insertion of Internal Fixation Device into Left Temporal Bone, Percutaneous Endoscopic Approach', 2606, 20);
insert into aerolinea.Avion (idAvion, numeroPlaca, capacidad, descripcion, tiempoVuelo, Modelo_idModelo) values (21, 'rn-347', 61, 'Extirpation of Matter from Bilateral Carotid Bodies, Open Approach', 109, 21);
insert into aerolinea.Avion (idAvion, numeroPlaca, capacidad, descripcion, tiempoVuelo, Modelo_idModelo) values (22, 'zq-852', 68, 'Removal of Drainage Device from Head and Neck Subcutaneous Tissue and Fascia, External Approach', 4076, 22);
insert into aerolinea.Avion (idAvion, numeroPlaca, capacidad, descripcion, tiempoVuelo, Modelo_idModelo) values (23, 'zi-264', 75, 'Change Splint on Right Toe', 3351, 23);
insert into aerolinea.Avion (idAvion, numeroPlaca, capacidad, descripcion, tiempoVuelo, Modelo_idModelo) values (24, 'il-788', 51, 'Extracorporeal Therapies, Physiological Systems, Pheresis', 1465, 24);
insert into aerolinea.Avion (idAvion, numeroPlaca, capacidad, descripcion, tiempoVuelo, Modelo_idModelo) values (25, 'mt-387', 58, 'Revision of Synthetic Substitute in Ureter, Percutaneous Endoscopic Approach', 3200, 25);
insert into aerolinea.Avion (idAvion, numeroPlaca, capacidad, descripcion, tiempoVuelo, Modelo_idModelo) values (26, 're-411', 65, 'Repair Cecum, Percutaneous Approach', 952, 26);
insert into aerolinea.Avion (idAvion, numeroPlaca, capacidad, descripcion, tiempoVuelo, Modelo_idModelo) values (27, 'km-671', 72, 'Introduction of Radioactive Substance into Eye, Percutaneous Approach', 3164, 27);
insert into aerolinea.Avion (idAvion, numeroPlaca, capacidad, descripcion, tiempoVuelo, Modelo_idModelo) values (28, 'rb-090', 48, 'Dilation of Right Parotid Duct, Via Natural or Artificial Opening', 2177, 28);
insert into aerolinea.Avion (idAvion, numeroPlaca, capacidad, descripcion, tiempoVuelo, Modelo_idModelo) values (29, 'wm-185', 55, 'Replacement of Right Tarsal with Autologous Tissue Substitute, Percutaneous Approach', 1266, 29);
insert into aerolinea.Avion (idAvion, numeroPlaca, capacidad, descripcion, tiempoVuelo, Modelo_idModelo) values (30, 'og-784', 62, 'Removal of Bone Growth Stimulator from Facial Bone, Open Approach', 4003, 30);



-- -----------------------------------------------------
-- Table aerolinea.Asiento
-- -----------------------------------------------------
CREATE TABLE IF NOT EXISTS aerolinea.Asiento (
  idAsiento INT NOT NULL,
  numeroAsiento VARCHAR(200) NULL,
  ubicacion VARCHAR(200) NULL,
  fechaUltimoMantenimiento DATE NULL,
  Avion_idAvion INT NOT NULL,
  CONSTRAINT pk_idAsiento PRIMARY KEY (idAsiento),
  CONSTRAINT fk_Asiento_Avion1
    FOREIGN KEY (Avion_idAvion)
    REFERENCES aerolinea.Avion (idAvion)
    ON DELETE NO ACTION
    ON UPDATE NO ACTION);

insert into aerolinea.Asiento (idAsiento, numeroAsiento, ubicacion, fechaUltimoMantenimiento, Avion_idAvion) values (1, 1, 'w', '2017-05-07', 30);
insert into aerolinea.Asiento (idAsiento, numeroAsiento, ubicacion, fechaUltimoMantenimiento, Avion_idAvion) values (2, 2, 'u', '2017-05-07', 3);
insert into aerolinea.Asiento (idAsiento, numeroAsiento, ubicacion, fechaUltimoMantenimiento, Avion_idAvion) values (3, 3, 'g', '2017-05-07', 4);
insert into aerolinea.Asiento (idAsiento, numeroAsiento, ubicacion, fechaUltimoMantenimiento, Avion_idAvion) values (4, 4, 'l', '2017-05-07', 5);
insert into aerolinea.Asiento (idAsiento, numeroAsiento, ubicacion, fechaUltimoMantenimiento, Avion_idAvion) values (5, 5, 'g', '2017-05-07', 6);
insert into aerolinea.Asiento (idAsiento, numeroAsiento, ubicacion, fechaUltimoMantenimiento, Avion_idAvion) values (6, 6, 'g', '2017-05-07', 7);
insert into aerolinea.Asiento (idAsiento, numeroAsiento, ubicacion, fechaUltimoMantenimiento, Avion_idAvion) values (7, 7, 'f', '2017-05-07', 8);
insert into aerolinea.Asiento (idAsiento, numeroAsiento, ubicacion, fechaUltimoMantenimiento, Avion_idAvion) values (8, 8, 'g', '2017-05-07', 9);
insert into aerolinea.Asiento (idAsiento, numeroAsiento, ubicacion, fechaUltimoMantenimiento, Avion_idAvion) values (9, 9, 'm', '2017-05-07', 10);
insert into aerolinea.Asiento (idAsiento, numeroAsiento, ubicacion, fechaUltimoMantenimiento, Avion_idAvion) values (10, 10, 'f', '2017-05-07', 1);
insert into aerolinea.Asiento (idAsiento, numeroAsiento, ubicacion, fechaUltimoMantenimiento, Avion_idAvion) values (11, 11, 'w', '2017-05-07', 2);
insert into aerolinea.Asiento (idAsiento, numeroAsiento, ubicacion, fechaUltimoMantenimiento, Avion_idAvion) values (12, 12, 'o', '2017-05-07', 13);
insert into aerolinea.Asiento (idAsiento, numeroAsiento, ubicacion, fechaUltimoMantenimiento, Avion_idAvion) values (13, 13, 'n', '2017-05-07', 14);
insert into aerolinea.Asiento (idAsiento, numeroAsiento, ubicacion, fechaUltimoMantenimiento, Avion_idAvion) values (14, 14, 'd', '2017-05-07', 15);
insert into aerolinea.Asiento (idAsiento, numeroAsiento, ubicacion, fechaUltimoMantenimiento, Avion_idAvion) values (15, 15, 'd', '2017-05-07', 16);
insert into aerolinea.Asiento (idAsiento, numeroAsiento, ubicacion, fechaUltimoMantenimiento, Avion_idAvion) values (16, 16, 'f', '2017-05-07', 17);
insert into aerolinea.Asiento (idAsiento, numeroAsiento, ubicacion, fechaUltimoMantenimiento, Avion_idAvion) values (17, 17, 'u', '2017-05-07', 18);
insert into aerolinea.Asiento (idAsiento, numeroAsiento, ubicacion, fechaUltimoMantenimiento, Avion_idAvion) values (18, 18, 'i', '2017-05-07', 19);
insert into aerolinea.Asiento (idAsiento, numeroAsiento, ubicacion, fechaUltimoMantenimiento, Avion_idAvion) values (19, 19, 'm', '2017-05-07', 20);
insert into aerolinea.Asiento (idAsiento, numeroAsiento, ubicacion, fechaUltimoMantenimiento, Avion_idAvion) values (20, 20, 'h', '2017-05-07', 21);
insert into aerolinea.Asiento (idAsiento, numeroAsiento, ubicacion, fechaUltimoMantenimiento, Avion_idAvion) values (21, 21, 'j', '2017-05-07', 22);
insert into aerolinea.Asiento (idAsiento, numeroAsiento, ubicacion, fechaUltimoMantenimiento, Avion_idAvion) values (22, 22, 'c', '2017-05-07', 23);
insert into aerolinea.Asiento (idAsiento, numeroAsiento, ubicacion, fechaUltimoMantenimiento, Avion_idAvion) values (23, 23, 'n', '2017-05-07', 24);
insert into aerolinea.Asiento (idAsiento, numeroAsiento, ubicacion, fechaUltimoMantenimiento, Avion_idAvion) values (24, 24, 'k', '2017-05-07', 25);
insert into aerolinea.Asiento (idAsiento, numeroAsiento, ubicacion, fechaUltimoMantenimiento, Avion_idAvion) values (25, 25, 'v', '2017-05-07', 26);
insert into aerolinea.Asiento (idAsiento, numeroAsiento, ubicacion, fechaUltimoMantenimiento, Avion_idAvion) values (26, 26, 'm', '2017-05-07', 27);
insert into aerolinea.Asiento (idAsiento, numeroAsiento, ubicacion, fechaUltimoMantenimiento, Avion_idAvion) values (27, 27, 'p', '2017-05-07', 28);
insert into aerolinea.Asiento (idAsiento, numeroAsiento, ubicacion, fechaUltimoMantenimiento, Avion_idAvion) values (28, 28, 'h', '2017-05-07', 29);
insert into aerolinea.Asiento (idAsiento, numeroAsiento, ubicacion, fechaUltimoMantenimiento, Avion_idAvion) values (29, 29, 's', '2017-05-07', 30);
insert into aerolinea.Asiento (idAsiento, numeroAsiento, ubicacion, fechaUltimoMantenimiento, Avion_idAvion) values (30, 30, 'h', '2018-04-03', 1);
insert into aerolinea.Asiento (idAsiento, numeroAsiento, ubicacion, fechaUltimoMantenimiento, Avion_idAvion) values (31, 31, 'l', '2018-04-03', 2);
insert into aerolinea.Asiento (idAsiento, numeroAsiento, ubicacion, fechaUltimoMantenimiento, Avion_idAvion) values (32, 32, 'f', '2018-04-03', 5);
insert into aerolinea.Asiento (idAsiento, numeroAsiento, ubicacion, fechaUltimoMantenimiento, Avion_idAvion) values (33, 33, 'k', '2018-04-03', 6);
insert into aerolinea.Asiento (idAsiento, numeroAsiento, ubicacion, fechaUltimoMantenimiento, Avion_idAvion) values (34, 34, 'j', '2018-04-03', 7);
insert into aerolinea.Asiento (idAsiento, numeroAsiento, ubicacion, fechaUltimoMantenimiento, Avion_idAvion) values (35, 35, 'k', '2018-04-03', 8);
insert into aerolinea.Asiento (idAsiento, numeroAsiento, ubicacion, fechaUltimoMantenimiento, Avion_idAvion) values (36, 36, 'u', '2018-04-03', 9);
insert into aerolinea.Asiento (idAsiento, numeroAsiento, ubicacion, fechaUltimoMantenimiento, Avion_idAvion) values (37, 37, 'v', '2018-04-03', 10);
insert into aerolinea.Asiento (idAsiento, numeroAsiento, ubicacion, fechaUltimoMantenimiento, Avion_idAvion) values (38, 38, 'k', '2018-04-03', 11);
insert into aerolinea.Asiento (idAsiento, numeroAsiento, ubicacion, fechaUltimoMantenimiento, Avion_idAvion) values (39, 39, 'j', '2018-04-03', 12);
insert into aerolinea.Asiento (idAsiento, numeroAsiento, ubicacion, fechaUltimoMantenimiento, Avion_idAvion) values (40, 40, 'a', '2018-04-03', 13);
insert into aerolinea.Asiento (idAsiento, numeroAsiento, ubicacion, fechaUltimoMantenimiento, Avion_idAvion) values (41, 41, 'u', '2018-04-03', 14);
insert into aerolinea.Asiento (idAsiento, numeroAsiento, ubicacion, fechaUltimoMantenimiento, Avion_idAvion) values (42, 42, 'v', '2018-04-03', 15);
insert into aerolinea.Asiento (idAsiento, numeroAsiento, ubicacion, fechaUltimoMantenimiento, Avion_idAvion) values (43, 43, 'm', '2018-04-03', 16);
insert into aerolinea.Asiento (idAsiento, numeroAsiento, ubicacion, fechaUltimoMantenimiento, Avion_idAvion) values (44, 44, 'm', '2018-04-03', 17);
insert into aerolinea.Asiento (idAsiento, numeroAsiento, ubicacion, fechaUltimoMantenimiento, Avion_idAvion) values (45, 45, 'g', '2018-04-03', 18);
insert into aerolinea.Asiento (idAsiento, numeroAsiento, ubicacion, fechaUltimoMantenimiento, Avion_idAvion) values (46, 46, 'd', '2018-04-03', 19);
insert into aerolinea.Asiento (idAsiento, numeroAsiento, ubicacion, fechaUltimoMantenimiento, Avion_idAvion) values (47, 47, 's', '2018-04-03', 20);
insert into aerolinea.Asiento (idAsiento, numeroAsiento, ubicacion, fechaUltimoMantenimiento, Avion_idAvion) values (48, 48, 's', '2018-04-03', 21);
insert into aerolinea.Asiento (idAsiento, numeroAsiento, ubicacion, fechaUltimoMantenimiento, Avion_idAvion) values (49, 49, 'x', '2018-04-03', 22);
insert into aerolinea.Asiento (idAsiento, numeroAsiento, ubicacion, fechaUltimoMantenimiento, Avion_idAvion) values (50, 50, 'b', '2018-04-03', 23);
insert into aerolinea.Asiento (idAsiento, numeroAsiento, ubicacion, fechaUltimoMantenimiento, Avion_idAvion) values (51, 51, 'i', '2018-04-03', 24);
insert into aerolinea.Asiento (idAsiento, numeroAsiento, ubicacion, fechaUltimoMantenimiento, Avion_idAvion) values (52, 52, 'o', '2018-04-03', 25);
insert into aerolinea.Asiento (idAsiento, numeroAsiento, ubicacion, fechaUltimoMantenimiento, Avion_idAvion) values (53, 53, 'a', '2018-04-03', 26);
insert into aerolinea.Asiento (idAsiento, numeroAsiento, ubicacion, fechaUltimoMantenimiento, Avion_idAvion) values (54, 54, 'c', '2018-04-03', 27);
insert into aerolinea.Asiento (idAsiento, numeroAsiento, ubicacion, fechaUltimoMantenimiento, Avion_idAvion) values (55, 55, 'g', '2018-04-03', 28);
insert into aerolinea.Asiento (idAsiento, numeroAsiento, ubicacion, fechaUltimoMantenimiento, Avion_idAvion) values (56, 56, 't', '2018-04-03', 29);
insert into aerolinea.Asiento (idAsiento, numeroAsiento, ubicacion, fechaUltimoMantenimiento, Avion_idAvion) values (57, 57, 'a', '2018-04-03', 30);
insert into aerolinea.Asiento (idAsiento, numeroAsiento, ubicacion, fechaUltimoMantenimiento, Avion_idAvion) values (58, 58, 'i', '2018-04-03', 3);
insert into aerolinea.Asiento (idAsiento, numeroAsiento, ubicacion, fechaUltimoMantenimiento, Avion_idAvion) values (59, 59, 's', '2018-04-03', 4);
insert into aerolinea.Asiento (idAsiento, numeroAsiento, ubicacion, fechaUltimoMantenimiento, Avion_idAvion) values (60, 60, 'f', '2018-04-03', 5);
insert into aerolinea.Asiento (idAsiento, numeroAsiento, ubicacion, fechaUltimoMantenimiento, Avion_idAvion) values (61, 61, 'u', '2018-04-03', 6);
insert into aerolinea.Asiento (idAsiento, numeroAsiento, ubicacion, fechaUltimoMantenimiento, Avion_idAvion) values (62, 62, 'u', '2018-04-03', 7);
insert into aerolinea.Asiento (idAsiento, numeroAsiento, ubicacion, fechaUltimoMantenimiento, Avion_idAvion) values (63, 63, 's', '2018-04-03', 8);
insert into aerolinea.Asiento (idAsiento, numeroAsiento, ubicacion, fechaUltimoMantenimiento, Avion_idAvion) values (64, 64, 'c', '2018-04-03', 9);
insert into aerolinea.Asiento (idAsiento, numeroAsiento, ubicacion, fechaUltimoMantenimiento, Avion_idAvion) values (65, 65, 'i', '2018-04-03', 10);
insert into aerolinea.Asiento (idAsiento, numeroAsiento, ubicacion, fechaUltimoMantenimiento, Avion_idAvion) values (66, 66, 'm', '2018-04-03', 11);
insert into aerolinea.Asiento (idAsiento, numeroAsiento, ubicacion, fechaUltimoMantenimiento, Avion_idAvion) values (67, 67, 'm', '2018-04-03', 12);
insert into aerolinea.Asiento (idAsiento, numeroAsiento, ubicacion, fechaUltimoMantenimiento, Avion_idAvion) values (68, 68, 'z', '2018-04-03', 13);
insert into aerolinea.Asiento (idAsiento, numeroAsiento, ubicacion, fechaUltimoMantenimiento, Avion_idAvion) values (69, 69, 'k', '2018-04-03', 14);
insert into aerolinea.Asiento (idAsiento, numeroAsiento, ubicacion, fechaUltimoMantenimiento, Avion_idAvion) values (70, 70, 'r', '2018-04-03', 15);
insert into aerolinea.Asiento (idAsiento, numeroAsiento, ubicacion, fechaUltimoMantenimiento, Avion_idAvion) values (71, 71, 'o', '2018-04-03', 16);
insert into aerolinea.Asiento (idAsiento, numeroAsiento, ubicacion, fechaUltimoMantenimiento, Avion_idAvion) values (72, 72, 'g', '2018-04-03', 17);
insert into aerolinea.Asiento (idAsiento, numeroAsiento, ubicacion, fechaUltimoMantenimiento, Avion_idAvion) values (73, 73, 'w', '2018-04-03', 18);
insert into aerolinea.Asiento (idAsiento, numeroAsiento, ubicacion, fechaUltimoMantenimiento, Avion_idAvion) values (74, 74, 'v', '2018-04-03', 19);
insert into aerolinea.Asiento (idAsiento, numeroAsiento, ubicacion, fechaUltimoMantenimiento, Avion_idAvion) values (75, 75, 'p', '2018-04-03', 20);
insert into aerolinea.Asiento (idAsiento, numeroAsiento, ubicacion, fechaUltimoMantenimiento, Avion_idAvion) values (76, 76, 'b', '2018-04-03', 21);
insert into aerolinea.Asiento (idAsiento, numeroAsiento, ubicacion, fechaUltimoMantenimiento, Avion_idAvion) values (77, 77, 'e', '2018-04-03', 22);
insert into aerolinea.Asiento (idAsiento, numeroAsiento, ubicacion, fechaUltimoMantenimiento, Avion_idAvion) values (78, 78, 'p', '2018-04-03', 23);
insert into aerolinea.Asiento (idAsiento, numeroAsiento, ubicacion, fechaUltimoMantenimiento, Avion_idAvion) values (79, 79, 'h', '2018-04-03', 24);
insert into aerolinea.Asiento (idAsiento, numeroAsiento, ubicacion, fechaUltimoMantenimiento, Avion_idAvion) values (80, 80, 'b', '2018-04-03', 25);
insert into aerolinea.Asiento (idAsiento, numeroAsiento, ubicacion, fechaUltimoMantenimiento, Avion_idAvion) values (81, 81, 'a', '2018-04-03', 26);
insert into aerolinea.Asiento (idAsiento, numeroAsiento, ubicacion, fechaUltimoMantenimiento, Avion_idAvion) values (82, 82, 'b', '2018-04-03', 27);
insert into aerolinea.Asiento (idAsiento, numeroAsiento, ubicacion, fechaUltimoMantenimiento, Avion_idAvion) values (83, 83, 'f', '2018-04-03', 28);
insert into aerolinea.Asiento (idAsiento, numeroAsiento, ubicacion, fechaUltimoMantenimiento, Avion_idAvion) values (84, 84, 'o', '2018-04-03', 29);
insert into aerolinea.Asiento (idAsiento, numeroAsiento, ubicacion, fechaUltimoMantenimiento, Avion_idAvion) values (85, 85, 'm', '2018-04-03', 30);
insert into aerolinea.Asiento (idAsiento, numeroAsiento, ubicacion, fechaUltimoMantenimiento, Avion_idAvion) values (86, 86, 'b', '2018-04-03', 3);
insert into aerolinea.Asiento (idAsiento, numeroAsiento, ubicacion, fechaUltimoMantenimiento, Avion_idAvion) values (87, 87, 'q', '2018-04-03', 4);
insert into aerolinea.Asiento (idAsiento, numeroAsiento, ubicacion, fechaUltimoMantenimiento, Avion_idAvion) values (88, 88, 'a', '2018-04-03', 5);
insert into aerolinea.Asiento (idAsiento, numeroAsiento, ubicacion, fechaUltimoMantenimiento, Avion_idAvion) values (89, 89, 'k', '2018-04-03', 6);
insert into aerolinea.Asiento (idAsiento, numeroAsiento, ubicacion, fechaUltimoMantenimiento, Avion_idAvion) values (90, 90, 'y', '2018-04-03', 7);
insert into aerolinea.Asiento (idAsiento, numeroAsiento, ubicacion, fechaUltimoMantenimiento, Avion_idAvion) values (91, 91, 'w', '2018-04-03', 8);
insert into aerolinea.Asiento (idAsiento, numeroAsiento, ubicacion, fechaUltimoMantenimiento, Avion_idAvion) values (92, 92, 'r', '2018-04-03', 9);
insert into aerolinea.Asiento (idAsiento, numeroAsiento, ubicacion, fechaUltimoMantenimiento, Avion_idAvion) values (93, 93, 'j', '2018-04-03', 10);
insert into aerolinea.Asiento (idAsiento, numeroAsiento, ubicacion, fechaUltimoMantenimiento, Avion_idAvion) values (94, 94, 'b', '2018-04-03', 11);
insert into aerolinea.Asiento (idAsiento, numeroAsiento, ubicacion, fechaUltimoMantenimiento, Avion_idAvion) values (95, 95, 'v', '2018-04-03', 12);
insert into aerolinea.Asiento (idAsiento, numeroAsiento, ubicacion, fechaUltimoMantenimiento, Avion_idAvion) values (96, 96, 'k', '2018-04-03', 13);
insert into aerolinea.Asiento (idAsiento, numeroAsiento, ubicacion, fechaUltimoMantenimiento, Avion_idAvion) values (97, 97, 'g', '2018-04-03', 14);
insert into aerolinea.Asiento (idAsiento, numeroAsiento, ubicacion, fechaUltimoMantenimiento, Avion_idAvion) values (98, 98, 'l', '2018-04-03', 15);
insert into aerolinea.Asiento (idAsiento, numeroAsiento, ubicacion, fechaUltimoMantenimiento, Avion_idAvion) values (99, 99, 'g', '2018-04-03', 16);
insert into aerolinea.Asiento (idAsiento, numeroAsiento, ubicacion, fechaUltimoMantenimiento, Avion_idAvion) values (100, 100, 'r', '2016-04-12', 17);
insert into aerolinea.Asiento (idAsiento, numeroAsiento, ubicacion, fechaUltimoMantenimiento, Avion_idAvion) values (101, 101, 'i', '2016-04-12', 18);
insert into aerolinea.Asiento (idAsiento, numeroAsiento, ubicacion, fechaUltimoMantenimiento, Avion_idAvion) values (102, 102, 'm', '2016-04-12', 2);
insert into aerolinea.Asiento (idAsiento, numeroAsiento, ubicacion, fechaUltimoMantenimiento, Avion_idAvion) values (103, 103, 'q', '2016-04-12', 20);
insert into aerolinea.Asiento (idAsiento, numeroAsiento, ubicacion, fechaUltimoMantenimiento, Avion_idAvion) values (104, 104, 'd', '2016-04-12', 21);
insert into aerolinea.Asiento (idAsiento, numeroAsiento, ubicacion, fechaUltimoMantenimiento, Avion_idAvion) values (105, 105, 'w', '2016-04-12', 1);
insert into aerolinea.Asiento (idAsiento, numeroAsiento, ubicacion, fechaUltimoMantenimiento, Avion_idAvion) values (106, 106, 'm', '2016-04-12', 23);
insert into aerolinea.Asiento (idAsiento, numeroAsiento, ubicacion, fechaUltimoMantenimiento, Avion_idAvion) values (107, 107, 'k', '2016-04-12', 24);
insert into aerolinea.Asiento (idAsiento, numeroAsiento, ubicacion, fechaUltimoMantenimiento, Avion_idAvion) values (108, 108, 'v', '2016-04-12', 25);
insert into aerolinea.Asiento (idAsiento, numeroAsiento, ubicacion, fechaUltimoMantenimiento, Avion_idAvion) values (109, 109, 'u', '2016-04-12', 26);
insert into aerolinea.Asiento (idAsiento, numeroAsiento, ubicacion, fechaUltimoMantenimiento, Avion_idAvion) values (110, 110, 'x', '2016-04-12', 27);
insert into aerolinea.Asiento (idAsiento, numeroAsiento, ubicacion, fechaUltimoMantenimiento, Avion_idAvion) values (111, 111, 's', '2016-04-12', 28);
insert into aerolinea.Asiento (idAsiento, numeroAsiento, ubicacion, fechaUltimoMantenimiento, Avion_idAvion) values (112, 112, 's', '2016-04-12', 29);
insert into aerolinea.Asiento (idAsiento, numeroAsiento, ubicacion, fechaUltimoMantenimiento, Avion_idAvion) values (113, 113, 'l', '2016-04-12', 30);
insert into aerolinea.Asiento (idAsiento, numeroAsiento, ubicacion, fechaUltimoMantenimiento, Avion_idAvion) values (114, 114, 'a', '2016-04-12', 3);
insert into aerolinea.Asiento (idAsiento, numeroAsiento, ubicacion, fechaUltimoMantenimiento, Avion_idAvion) values (115, 115, 'u', '2016-04-12', 4);
insert into aerolinea.Asiento (idAsiento, numeroAsiento, ubicacion, fechaUltimoMantenimiento, Avion_idAvion) values (116, 116, 'j', '2016-04-12', 5);
insert into aerolinea.Asiento (idAsiento, numeroAsiento, ubicacion, fechaUltimoMantenimiento, Avion_idAvion) values (117, 117, 'l', '2016-04-12', 6);
insert into aerolinea.Asiento (idAsiento, numeroAsiento, ubicacion, fechaUltimoMantenimiento, Avion_idAvion) values (118, 118, 'd', '2016-04-12', 7);
insert into aerolinea.Asiento (idAsiento, numeroAsiento, ubicacion, fechaUltimoMantenimiento, Avion_idAvion) values (119, 119, 'k', '2016-04-12', 8);
insert into aerolinea.Asiento (idAsiento, numeroAsiento, ubicacion, fechaUltimoMantenimiento, Avion_idAvion) values (120, 120, 'a', '2016-04-12', 9);
insert into aerolinea.Asiento (idAsiento, numeroAsiento, ubicacion, fechaUltimoMantenimiento, Avion_idAvion) values (121, 121, 'e', '2016-04-12', 10);
insert into aerolinea.Asiento (idAsiento, numeroAsiento, ubicacion, fechaUltimoMantenimiento, Avion_idAvion) values (122, 122, 'd', '2016-04-12', 11);
insert into aerolinea.Asiento (idAsiento, numeroAsiento, ubicacion, fechaUltimoMantenimiento, Avion_idAvion) values (123, 123, 'v', '2016-04-12', 12);
insert into aerolinea.Asiento (idAsiento, numeroAsiento, ubicacion, fechaUltimoMantenimiento, Avion_idAvion) values (124, 124, 't', '2016-04-12', 13);
insert into aerolinea.Asiento (idAsiento, numeroAsiento, ubicacion, fechaUltimoMantenimiento, Avion_idAvion) values (125, 125, 'a', '2016-04-12', 14);
insert into aerolinea.Asiento (idAsiento, numeroAsiento, ubicacion, fechaUltimoMantenimiento, Avion_idAvion) values (126, 126, 'p', '2016-04-12', 15);
insert into aerolinea.Asiento (idAsiento, numeroAsiento, ubicacion, fechaUltimoMantenimiento, Avion_idAvion) values (127, 127, 'z', '2016-04-12', 16);
insert into aerolinea.Asiento (idAsiento, numeroAsiento, ubicacion, fechaUltimoMantenimiento, Avion_idAvion) values (128, 128, 'y', '2016-04-12', 17);
insert into aerolinea.Asiento (idAsiento, numeroAsiento, ubicacion, fechaUltimoMantenimiento, Avion_idAvion) values (129, 129, 'o', '2016-04-12', 18);
insert into aerolinea.Asiento (idAsiento, numeroAsiento, ubicacion, fechaUltimoMantenimiento, Avion_idAvion) values (130, 130, 'c', '2016-04-12', 19);
insert into aerolinea.Asiento (idAsiento, numeroAsiento, ubicacion, fechaUltimoMantenimiento, Avion_idAvion) values (131, 131, 'z', '2016-04-12', 20);
insert into aerolinea.Asiento (idAsiento, numeroAsiento, ubicacion, fechaUltimoMantenimiento, Avion_idAvion) values (132, 132, 'q', '2016-04-12', 21);
insert into aerolinea.Asiento (idAsiento, numeroAsiento, ubicacion, fechaUltimoMantenimiento, Avion_idAvion) values (133, 133, 'd', '2016-04-12', 22);
insert into aerolinea.Asiento (idAsiento, numeroAsiento, ubicacion, fechaUltimoMantenimiento, Avion_idAvion) values (134, 134, 's', '2016-04-12', 23);
insert into aerolinea.Asiento (idAsiento, numeroAsiento, ubicacion, fechaUltimoMantenimiento, Avion_idAvion) values (135, 135, 'b', '2016-04-12', 24);
insert into aerolinea.Asiento (idAsiento, numeroAsiento, ubicacion, fechaUltimoMantenimiento, Avion_idAvion) values (136, 136, 'm', '2016-04-12', 25);
insert into aerolinea.Asiento (idAsiento, numeroAsiento, ubicacion, fechaUltimoMantenimiento, Avion_idAvion) values (137, 137, 's', '2016-04-12', 26);
insert into aerolinea.Asiento (idAsiento, numeroAsiento, ubicacion, fechaUltimoMantenimiento, Avion_idAvion) values (138, 138, 'k', '2016-04-12', 27);
insert into aerolinea.Asiento (idAsiento, numeroAsiento, ubicacion, fechaUltimoMantenimiento, Avion_idAvion) values (139, 139, 'h', '2016-04-12', 28);
insert into aerolinea.Asiento (idAsiento, numeroAsiento, ubicacion, fechaUltimoMantenimiento, Avion_idAvion) values (140, 140, 'j', '2016-04-12', 29);
insert into aerolinea.Asiento (idAsiento, numeroAsiento, ubicacion, fechaUltimoMantenimiento, Avion_idAvion) values (141, 141, 'i', '2016-04-12', 30);
insert into aerolinea.Asiento (idAsiento, numeroAsiento, ubicacion, fechaUltimoMantenimiento, Avion_idAvion) values (142, 142, 'd', '2016-04-12', 3);
insert into aerolinea.Asiento (idAsiento, numeroAsiento, ubicacion, fechaUltimoMantenimiento, Avion_idAvion) values (143, 143, 'k', '2016-04-12', 4);
insert into aerolinea.Asiento (idAsiento, numeroAsiento, ubicacion, fechaUltimoMantenimiento, Avion_idAvion) values (144, 144, 'q', '2016-04-12', 5);
insert into aerolinea.Asiento (idAsiento, numeroAsiento, ubicacion, fechaUltimoMantenimiento, Avion_idAvion) values (145, 145, 'o', '2016-04-12', 6);
insert into aerolinea.Asiento (idAsiento, numeroAsiento, ubicacion, fechaUltimoMantenimiento, Avion_idAvion) values (146, 146, 'd', '2016-04-12', 7);
insert into aerolinea.Asiento (idAsiento, numeroAsiento, ubicacion, fechaUltimoMantenimiento, Avion_idAvion) values (147, 147, 'j', '2016-04-12', 8);
insert into aerolinea.Asiento (idAsiento, numeroAsiento, ubicacion, fechaUltimoMantenimiento, Avion_idAvion) values (148, 148, 'r', '2016-04-12', 9);
insert into aerolinea.Asiento (idAsiento, numeroAsiento, ubicacion, fechaUltimoMantenimiento, Avion_idAvion) values (149, 149, 'd', '2016-04-12', 10);
insert into aerolinea.Asiento (idAsiento, numeroAsiento, ubicacion, fechaUltimoMantenimiento, Avion_idAvion) values (150, 150, 'k', '2016-04-12', 11);
insert into aerolinea.Asiento (idAsiento, numeroAsiento, ubicacion, fechaUltimoMantenimiento, Avion_idAvion) values (151, 151, 'd', '2016-04-12', 12);
insert into aerolinea.Asiento (idAsiento, numeroAsiento, ubicacion, fechaUltimoMantenimiento, Avion_idAvion) values (152, 152, 'r', '2016-04-12', 13);
insert into aerolinea.Asiento (idAsiento, numeroAsiento, ubicacion, fechaUltimoMantenimiento, Avion_idAvion) values (153, 153, 't', '2016-04-12', 14);
insert into aerolinea.Asiento (idAsiento, numeroAsiento, ubicacion, fechaUltimoMantenimiento, Avion_idAvion) values (154, 154, 'p', '2016-04-12', 15);
insert into aerolinea.Asiento (idAsiento, numeroAsiento, ubicacion, fechaUltimoMantenimiento, Avion_idAvion) values (155, 155, 'f', '2016-04-12', 16);
insert into aerolinea.Asiento (idAsiento, numeroAsiento, ubicacion, fechaUltimoMantenimiento, Avion_idAvion) values (156, 156, 'g', '2016-04-12', 17);
insert into aerolinea.Asiento (idAsiento, numeroAsiento, ubicacion, fechaUltimoMantenimiento, Avion_idAvion) values (157, 157, 'b', '2016-04-12', 18);
insert into aerolinea.Asiento (idAsiento, numeroAsiento, ubicacion, fechaUltimoMantenimiento, Avion_idAvion) values (158, 158, 'k', '2016-04-12', 19);
insert into aerolinea.Asiento (idAsiento, numeroAsiento, ubicacion, fechaUltimoMantenimiento, Avion_idAvion) values (159, 159, 'l', '2016-04-12', 20);
insert into aerolinea.Asiento (idAsiento, numeroAsiento, ubicacion, fechaUltimoMantenimiento, Avion_idAvion) values (160, 160, 'v', '2016-04-12', 21);
insert into aerolinea.Asiento (idAsiento, numeroAsiento, ubicacion, fechaUltimoMantenimiento, Avion_idAvion) values (161, 161, 'x', '2016-04-12', 22);
insert into aerolinea.Asiento (idAsiento, numeroAsiento, ubicacion, fechaUltimoMantenimiento, Avion_idAvion) values (162, 162, 'h', '2016-04-12', 23);
insert into aerolinea.Asiento (idAsiento, numeroAsiento, ubicacion, fechaUltimoMantenimiento, Avion_idAvion) values (163, 163, 'b', '2016-04-12', 24);
insert into aerolinea.Asiento (idAsiento, numeroAsiento, ubicacion, fechaUltimoMantenimiento, Avion_idAvion) values (164, 164, 'u', '2016-04-12', 25);
insert into aerolinea.Asiento (idAsiento, numeroAsiento, ubicacion, fechaUltimoMantenimiento, Avion_idAvion) values (165, 165, 't', '2016-04-12', 26);
insert into aerolinea.Asiento (idAsiento, numeroAsiento, ubicacion, fechaUltimoMantenimiento, Avion_idAvion) values (166, 166, 'u', '2016-04-12', 27);
insert into aerolinea.Asiento (idAsiento, numeroAsiento, ubicacion, fechaUltimoMantenimiento, Avion_idAvion) values (167, 167, 'o', '2016-04-12', 28);
insert into aerolinea.Asiento (idAsiento, numeroAsiento, ubicacion, fechaUltimoMantenimiento, Avion_idAvion) values (168, 168, 'e', '2016-04-12', 29);
insert into aerolinea.Asiento (idAsiento, numeroAsiento, ubicacion, fechaUltimoMantenimiento, Avion_idAvion) values (169, 169, 'h', '2016-04-12', 30);
insert into aerolinea.Asiento (idAsiento, numeroAsiento, ubicacion, fechaUltimoMantenimiento, Avion_idAvion) values (170, 170, 'z', '2016-04-12', 3);
insert into aerolinea.Asiento (idAsiento, numeroAsiento, ubicacion, fechaUltimoMantenimiento, Avion_idAvion) values (171, 171, 'r', '2016-04-12', 4);
insert into aerolinea.Asiento (idAsiento, numeroAsiento, ubicacion, fechaUltimoMantenimiento, Avion_idAvion) values (172, 172, 'r', '2016-04-12', 5);
insert into aerolinea.Asiento (idAsiento, numeroAsiento, ubicacion, fechaUltimoMantenimiento, Avion_idAvion) values (173, 173, 'm', '2016-04-12', 6);
insert into aerolinea.Asiento (idAsiento, numeroAsiento, ubicacion, fechaUltimoMantenimiento, Avion_idAvion) values (174, 174, 'n', '2016-04-12', 7);
insert into aerolinea.Asiento (idAsiento, numeroAsiento, ubicacion, fechaUltimoMantenimiento, Avion_idAvion) values (175, 175, 'e', '2016-04-12', 8);
insert into aerolinea.Asiento (idAsiento, numeroAsiento, ubicacion, fechaUltimoMantenimiento, Avion_idAvion) values (176, 176, 'y', '2016-04-12', 9);
insert into aerolinea.Asiento (idAsiento, numeroAsiento, ubicacion, fechaUltimoMantenimiento, Avion_idAvion) values (177, 177, 'a', '2016-04-12', 10);
insert into aerolinea.Asiento (idAsiento, numeroAsiento, ubicacion, fechaUltimoMantenimiento, Avion_idAvion) values (178, 178, 'g', '2016-04-12', 1);
insert into aerolinea.Asiento (idAsiento, numeroAsiento, ubicacion, fechaUltimoMantenimiento, Avion_idAvion) values (179, 179, 'i', '2016-04-12', 2);
insert into aerolinea.Asiento (idAsiento, numeroAsiento, ubicacion, fechaUltimoMantenimiento, Avion_idAvion) values (180, 180, 'j', '2016-04-12', 13);
insert into aerolinea.Asiento (idAsiento, numeroAsiento, ubicacion, fechaUltimoMantenimiento, Avion_idAvion) values (181, 181, 'g', '2016-04-12', 14);
insert into aerolinea.Asiento (idAsiento, numeroAsiento, ubicacion, fechaUltimoMantenimiento, Avion_idAvion) values (182, 182, 'q', '2016-04-12', 15);
insert into aerolinea.Asiento (idAsiento, numeroAsiento, ubicacion, fechaUltimoMantenimiento, Avion_idAvion) values (183, 183, 'z', '2016-04-12', 16);
insert into aerolinea.Asiento (idAsiento, numeroAsiento, ubicacion, fechaUltimoMantenimiento, Avion_idAvion) values (184, 184, 'i', '2016-04-12', 17);
insert into aerolinea.Asiento (idAsiento, numeroAsiento, ubicacion, fechaUltimoMantenimiento, Avion_idAvion) values (185, 185, 'p', '2016-04-12', 18);
insert into aerolinea.Asiento (idAsiento, numeroAsiento, ubicacion, fechaUltimoMantenimiento, Avion_idAvion) values (186, 186, 'c', '2016-04-12', 19);
insert into aerolinea.Asiento (idAsiento, numeroAsiento, ubicacion, fechaUltimoMantenimiento, Avion_idAvion) values (187, 187, 'c', '2016-04-12', 20);
insert into aerolinea.Asiento (idAsiento, numeroAsiento, ubicacion, fechaUltimoMantenimiento, Avion_idAvion) values (188, 188, 'j', '2016-04-12', 21);
insert into aerolinea.Asiento (idAsiento, numeroAsiento, ubicacion, fechaUltimoMantenimiento, Avion_idAvion) values (189, 189, 'l', '2016-04-12', 22);
insert into aerolinea.Asiento (idAsiento, numeroAsiento, ubicacion, fechaUltimoMantenimiento, Avion_idAvion) values (190, 190, 'e', '2019-02-01', 23);
insert into aerolinea.Asiento (idAsiento, numeroAsiento, ubicacion, fechaUltimoMantenimiento, Avion_idAvion) values (191, 191, 'q', '2019-02-01', 24);
insert into aerolinea.Asiento (idAsiento, numeroAsiento, ubicacion, fechaUltimoMantenimiento, Avion_idAvion) values (192, 192, 'p', '2019-02-01', 25);
insert into aerolinea.Asiento (idAsiento, numeroAsiento, ubicacion, fechaUltimoMantenimiento, Avion_idAvion) values (193, 193, 'm', '2019-02-01', 2);
insert into aerolinea.Asiento (idAsiento, numeroAsiento, ubicacion, fechaUltimoMantenimiento, Avion_idAvion) values (194, 194, 'e', '2019-02-01', 1);
insert into aerolinea.Asiento (idAsiento, numeroAsiento, ubicacion, fechaUltimoMantenimiento, Avion_idAvion) values (195, 195, 'w', '2019-02-01', 28);
insert into aerolinea.Asiento (idAsiento, numeroAsiento, ubicacion, fechaUltimoMantenimiento, Avion_idAvion) values (196, 196, 'o', '2019-02-01', 29);
insert into aerolinea.Asiento (idAsiento, numeroAsiento, ubicacion, fechaUltimoMantenimiento, Avion_idAvion) values (197, 197, 'e', '2019-02-01', 30);
insert into aerolinea.Asiento (idAsiento, numeroAsiento, ubicacion, fechaUltimoMantenimiento, Avion_idAvion) values (198, 198, 'h', '2019-02-01', 3);
insert into aerolinea.Asiento (idAsiento, numeroAsiento, ubicacion, fechaUltimoMantenimiento, Avion_idAvion) values (199, 199, 'y', '2019-02-01', 4);
insert into aerolinea.Asiento (idAsiento, numeroAsiento, ubicacion, fechaUltimoMantenimiento, Avion_idAvion) values (200, 200, 'm', '2019-02-01', 5);

-- -----------------------------------------------------
-- Table aerolinea.Piloto
-- -----------------------------------------------------
CREATE TABLE IF NOT EXISTS aerolinea.Piloto (
  idPiloto INT NOT NULL,
  fechaIngreso DATE NULL,
  cantidadHorasVuelo decimal NULL,
  Persona_idPersona INT NOT NULL,
  CONSTRAINT pk_idPiloto PRIMARY KEY (idPiloto),
  CONSTRAINT fk_Piloto_Persona1
    FOREIGN KEY (Persona_idPersona)
    REFERENCES aerolinea.Persona (idPersona)
    ON DELETE NO ACTION
    ON UPDATE NO ACTION);

insert into aerolinea.Piloto (idPiloto, fechaIngreso, cantidadHorasVuelo, Persona_idPersona) values (1, '2018-09-18', 941, 1);
insert into aerolinea.Piloto (idPiloto, fechaIngreso, cantidadHorasVuelo, Persona_idPersona) values (2, '2019-03-17', 2062, 2);
insert into aerolinea.Piloto (idPiloto, fechaIngreso, cantidadHorasVuelo, Persona_idPersona) values (3, '2016-07-22', 1583, 3);
insert into aerolinea.Piloto (idPiloto, fechaIngreso, cantidadHorasVuelo, Persona_idPersona) values (4, '2018-10-13', 968, 4);
insert into aerolinea.Piloto (idPiloto, fechaIngreso, cantidadHorasVuelo, Persona_idPersona) values (5, '2015-11-13', 1102, 5);
insert into aerolinea.Piloto (idPiloto, fechaIngreso, cantidadHorasVuelo, Persona_idPersona) values (6, '2016-05-03', 1783, 6);
insert into aerolinea.Piloto (idPiloto, fechaIngreso, cantidadHorasVuelo, Persona_idPersona) values (7, '2018-10-03', 468, 7);
insert into aerolinea.Piloto (idPiloto, fechaIngreso, cantidadHorasVuelo, Persona_idPersona) values (8, '2018-12-26', 1465, 8);
insert into aerolinea.Piloto (idPiloto, fechaIngreso, cantidadHorasVuelo, Persona_idPersona) values (9, '2019-02-07', 2377, 9);
insert into aerolinea.Piloto (idPiloto, fechaIngreso, cantidadHorasVuelo, Persona_idPersona) values (10, '2018-03-13', 2720, 10);
insert into aerolinea.Piloto (idPiloto, fechaIngreso, cantidadHorasVuelo, Persona_idPersona) values (11, '2019-02-15', 1923, 11);
insert into aerolinea.Piloto (idPiloto, fechaIngreso, cantidadHorasVuelo, Persona_idPersona) values (12, '2015-12-26', 2434, 12);
insert into aerolinea.Piloto (idPiloto, fechaIngreso, cantidadHorasVuelo, Persona_idPersona) values (13, '2017-09-14', 1001, 13);
insert into aerolinea.Piloto (idPiloto, fechaIngreso, cantidadHorasVuelo, Persona_idPersona) values (14, '2016-09-06', 1913, 14);
insert into aerolinea.Piloto (idPiloto, fechaIngreso, cantidadHorasVuelo, Persona_idPersona) values (15, '2017-01-23', 43, 15);
insert into aerolinea.Piloto (idPiloto, fechaIngreso, cantidadHorasVuelo, Persona_idPersona) values (16, '2018-06-09', 2222, 16);
insert into aerolinea.Piloto (idPiloto, fechaIngreso, cantidadHorasVuelo, Persona_idPersona) values (17, '2017-09-08', 1593, 17);
insert into aerolinea.Piloto (idPiloto, fechaIngreso, cantidadHorasVuelo, Persona_idPersona) values (18, '2017-12-27', 2129, 18);
insert into aerolinea.Piloto (idPiloto, fechaIngreso, cantidadHorasVuelo, Persona_idPersona) values (19, '2016-10-30', 4, 19);
insert into aerolinea.Piloto (idPiloto, fechaIngreso, cantidadHorasVuelo, Persona_idPersona) values (20, '2018-10-25', 1383, 20);
insert into aerolinea.Piloto (idPiloto, fechaIngreso, cantidadHorasVuelo, Persona_idPersona) values (21, '2018-06-06', 1216, 21);
insert into aerolinea.Piloto (idPiloto, fechaIngreso, cantidadHorasVuelo, Persona_idPersona) values (22, '2017-01-12', 2282, 22);
insert into aerolinea.Piloto (idPiloto, fechaIngreso, cantidadHorasVuelo, Persona_idPersona) values (23, '2016-05-07', 2705, 23);
insert into aerolinea.Piloto (idPiloto, fechaIngreso, cantidadHorasVuelo, Persona_idPersona) values (24, '2017-07-30', 1288, 24);
insert into aerolinea.Piloto (idPiloto, fechaIngreso, cantidadHorasVuelo, Persona_idPersona) values (25, '2018-06-24', 1799, 25);
insert into aerolinea.Piloto (idPiloto, fechaIngreso, cantidadHorasVuelo, Persona_idPersona) values (26, '2017-07-28', 380, 26);
insert into aerolinea.Piloto (idPiloto, fechaIngreso, cantidadHorasVuelo, Persona_idPersona) values (27, '2016-01-25', 2825, 27);
insert into aerolinea.Piloto (idPiloto, fechaIngreso, cantidadHorasVuelo, Persona_idPersona) values (28, '2016-11-18', 1602, 28);
insert into aerolinea.Piloto (idPiloto, fechaIngreso, cantidadHorasVuelo, Persona_idPersona) values (29, '2016-11-13', 1474, 29);
insert into aerolinea.Piloto (idPiloto, fechaIngreso, cantidadHorasVuelo, Persona_idPersona) values (30, '2015-09-15', 387, 30);


-- -----------------------------------------------------
-- Table aerolinea.TipoClase
-- -----------------------------------------------------
CREATE TABLE IF NOT EXISTS aerolinea.TipoClase (
  idTipoClase INT NOT NULL,
  descripcion VARCHAR(200) NULL,
  numeroMaletaPermitida INT NULL,
  CONSTRAINT pk_idTipoClase PRIMARY KEY (idTipoClase));

insert into aerolinea.TipoClase (idTipoClase, descripcion, numeroMaletaPermitida) values (1, 'Open red-int fix finger', 1);
insert into aerolinea.TipoClase (idTipoClase, descripcion, numeroMaletaPermitida) values (2, 'Cl reduc disloc-hip', 8);
insert into aerolinea.TipoClase (idTipoClase, descripcion, numeroMaletaPermitida) values (3, 'Opn bil ind ing hern NEC', 10);
insert into aerolinea.TipoClase (idTipoClase, descripcion, numeroMaletaPermitida) values (4, 'Remove both fallop tubes', 10);
insert into aerolinea.TipoClase (idTipoClase, descripcion, numeroMaletaPermitida) values (5, 'Autopsy', 9);
insert into aerolinea.TipoClase (idTipoClase, descripcion, numeroMaletaPermitida) values (6, 'Scler fistulizing op NEC', 3);
insert into aerolinea.TipoClase (idTipoClase, descripcion, numeroMaletaPermitida) values (7, 'Remov cholecystost tube', 6);
insert into aerolinea.TipoClase (idTipoClase, descripcion, numeroMaletaPermitida) values (8, 'Hip surface, cermc/cermc', 4);
insert into aerolinea.TipoClase (idTipoClase, descripcion, numeroMaletaPermitida) values (9, 'Therapeut distent bladd', 3);
insert into aerolinea.TipoClase (idTipoClase, descripcion, numeroMaletaPermitida) values (10, 'Sympathetic nerve biopsy', 10);
insert into aerolinea.TipoClase (idTipoClase, descripcion, numeroMaletaPermitida) values (11, 'Man replace invert uter', 9);
insert into aerolinea.TipoClase (idTipoClase, descripcion, numeroMaletaPermitida) values (12, 'Myotomy of colon NEC', 4);
insert into aerolinea.TipoClase (idTipoClase, descripcion, numeroMaletaPermitida) values (13, 'Closed biopsy trachea', 9);
insert into aerolinea.TipoClase (idTipoClase, descripcion, numeroMaletaPermitida) values (14, 'Open mediastinal biopsy', 5);
insert into aerolinea.TipoClase (idTipoClase, descripcion, numeroMaletaPermitida) values (15, 'Ins or rep cement spacer', 6);
insert into aerolinea.TipoClase (idTipoClase, descripcion, numeroMaletaPermitida) values (16, 'Radical groin dissection', 10);
insert into aerolinea.TipoClase (idTipoClase, descripcion, numeroMaletaPermitida) values (17, 'Opn/oth rep hrt vlv NOS', 1);
insert into aerolinea.TipoClase (idTipoClase, descripcion, numeroMaletaPermitida) values (18, 'Thyroid reimplantation', 10);
insert into aerolinea.TipoClase (idTipoClase, descripcion, numeroMaletaPermitida) values (19, 'Behavior therapy', 9);
insert into aerolinea.TipoClase (idTipoClase, descripcion, numeroMaletaPermitida) values (20, 'Osteoclasis-humerus', 10);
insert into aerolinea.TipoClase (idTipoClase, descripcion, numeroMaletaPermitida) values (21, 'Selective vagotomy NEC', 1);
insert into aerolinea.TipoClase (idTipoClase, descripcion, numeroMaletaPermitida) values (22, 'Packed cell transfusion', 4);
insert into aerolinea.TipoClase (idTipoClase, descripcion, numeroMaletaPermitida) values (23, 'Perc abltn lung les/tiss', 9);
insert into aerolinea.TipoClase (idTipoClase, descripcion, numeroMaletaPermitida) values (24, 'Atrial cardioversion', 1);
insert into aerolinea.TipoClase (idTipoClase, descripcion, numeroMaletaPermitida) values (25, 'Milk extraction', 2);
insert into aerolinea.TipoClase (idTipoClase, descripcion, numeroMaletaPermitida) values (26, 'Closure of tracheostomy', 3);
insert into aerolinea.TipoClase (idTipoClase, descripcion, numeroMaletaPermitida) values (27, 'Psychologic test adminis', 3);
insert into aerolinea.TipoClase (idTipoClase, descripcion, numeroMaletaPermitida) values (28, 'Forceps rotat fetal head', 3);
insert into aerolinea.TipoClase (idTipoClase, descripcion, numeroMaletaPermitida) values (29, 'Other tenotomy', 2);
insert into aerolinea.TipoClase (idTipoClase, descripcion, numeroMaletaPermitida) values (30, 'Delay opening enterostom', 4);

-- -----------------------------------------------------
-- Table aerolinea.Aeropuerto
-- -----------------------------------------------------
CREATE TABLE IF NOT EXISTS aerolinea.Aeropuerto (
  idAeropuerto INT NOT NULL,
  codigoInterno VARCHAR(200) NOT NULL,
  nombre VARCHAR(200) NULL,
  Pais_idPais INT NOT NULL,
  CONSTRAINT pk_idAeropuerto PRIMARY KEY (idAeropuerto),
  CONSTRAINT fk_Aeropuerto_Pais1
    FOREIGN KEY (Pais_idPais)
    REFERENCES aerolinea.Pais (idPais)
    ON DELETE NO ACTION
    ON UPDATE NO ACTION);

insert into aerolinea.Aeropuerto (idAeropuerto, codigoInterno, nombre, Pais_idPais) values (1, '33342-047', 'Jazzy', 1);
insert into aerolinea.Aeropuerto (idAeropuerto, codigoInterno, nombre, Pais_idPais) values (2, '10073-002', 'Realblab', 2);
insert into aerolinea.Aeropuerto (idAeropuerto, codigoInterno, nombre, Pais_idPais) values (3, '59779-909', 'Blogtag', 3);
insert into aerolinea.Aeropuerto (idAeropuerto, codigoInterno, nombre, Pais_idPais) values (4, '49643-406', 'Photolist', 4);
insert into aerolinea.Aeropuerto (idAeropuerto, codigoInterno, nombre, Pais_idPais) values (5, '0228-2067', 'Layo', 5);
insert into aerolinea.Aeropuerto (idAeropuerto, codigoInterno, nombre, Pais_idPais) values (6, '54092-252', 'Topicblab', 6);
insert into aerolinea.Aeropuerto (idAeropuerto, codigoInterno, nombre, Pais_idPais) values (7, '17238-920', 'Twitternation', 7);
insert into aerolinea.Aeropuerto (idAeropuerto, codigoInterno, nombre, Pais_idPais) values (8, '22700-143', 'Rhyloo', 8);
insert into aerolinea.Aeropuerto (idAeropuerto, codigoInterno, nombre, Pais_idPais) values (9, '52389-263', 'Voonte', 9);
insert into aerolinea.Aeropuerto (idAeropuerto, codigoInterno, nombre, Pais_idPais) values (10, '10742-8364', 'Realcube', 10);
insert into aerolinea.Aeropuerto (idAeropuerto, codigoInterno, nombre, Pais_idPais) values (11, '23359-100', 'Oyondu', 11);
insert into aerolinea.Aeropuerto (idAeropuerto, codigoInterno, nombre, Pais_idPais) values (12, '54868-6088', 'Vidoo', 12);
insert into aerolinea.Aeropuerto (idAeropuerto, codigoInterno, nombre, Pais_idPais) values (13, '69139-102', 'Lazz', 13);
insert into aerolinea.Aeropuerto (idAeropuerto, codigoInterno, nombre, Pais_idPais) values (14, '54868-4379', 'Shufflebeat', 14);
insert into aerolinea.Aeropuerto (idAeropuerto, codigoInterno, nombre, Pais_idPais) values (15, '36800-970', 'Gigashots', 15);
insert into aerolinea.Aeropuerto (idAeropuerto, codigoInterno, nombre, Pais_idPais) values (16, '65585-512', 'Lazz', 16);
insert into aerolinea.Aeropuerto (idAeropuerto, codigoInterno, nombre, Pais_idPais) values (17, '36987-1779', 'Brainverse', 17);
insert into aerolinea.Aeropuerto (idAeropuerto, codigoInterno, nombre, Pais_idPais) values (18, '0093-6300', 'Divanoodle', 18);
insert into aerolinea.Aeropuerto (idAeropuerto, codigoInterno, nombre, Pais_idPais) values (19, '59021-005', 'BlogXS', 19);
insert into aerolinea.Aeropuerto (idAeropuerto, codigoInterno, nombre, Pais_idPais) values (20, '0904-5116', 'Zoonder', 20);
insert into aerolinea.Aeropuerto (idAeropuerto, codigoInterno, nombre, Pais_idPais) values (21, '0591-0794', 'Vinte', 21);
insert into aerolinea.Aeropuerto (idAeropuerto, codigoInterno, nombre, Pais_idPais) values (22, '33261-026', 'Fliptune', 22);
insert into aerolinea.Aeropuerto (idAeropuerto, codigoInterno, nombre, Pais_idPais) values (23, '47335-330', 'BlogXS', 23);
insert into aerolinea.Aeropuerto (idAeropuerto, codigoInterno, nombre, Pais_idPais) values (24, '13811-674', 'Jayo', 24);
insert into aerolinea.Aeropuerto (idAeropuerto, codigoInterno, nombre, Pais_idPais) values (25, '45802-980', 'Fadeo', 25);
insert into aerolinea.Aeropuerto (idAeropuerto, codigoInterno, nombre, Pais_idPais) values (26, '16781-392', 'Pixope', 26);
insert into aerolinea.Aeropuerto (idAeropuerto, codigoInterno, nombre, Pais_idPais) values (27, '54868-5015', 'Skilith', 27);
insert into aerolinea.Aeropuerto (idAeropuerto, codigoInterno, nombre, Pais_idPais) values (28, '54340-814', 'Browseblab', 28);
insert into aerolinea.Aeropuerto (idAeropuerto, codigoInterno, nombre, Pais_idPais) values (29, '55289-328', 'Rhyzio', 29);
insert into aerolinea.Aeropuerto (idAeropuerto, codigoInterno, nombre, Pais_idPais) values (30, '50544-007', 'Mydo', 30);

-- -----------------------------------------------------
-- Table aerolinea.Terminal
-- -----------------------------------------------------
CREATE TABLE IF NOT EXISTS aerolinea.Terminal (
  idTerminal INT NOT NULL,
  codigoTerminal VARCHAR(200) NOT NULL,
  descripcion VARCHAR(200) NULL,
  Aeropuerto_idAeropuerto INT NOT NULL,
  CONSTRAINT pk_idTerminal PRIMARY KEY (idTerminal),
  CONSTRAINT fk_Terminal_Aeropuerto1
    FOREIGN KEY (Aeropuerto_idAeropuerto)
    REFERENCES aerolinea.Aeropuerto (idAeropuerto)
    ON DELETE NO ACTION
    ON UPDATE NO ACTION);

insert into aerolinea.Terminal (idTerminal, codigoTerminal, descripcion, Aeropuerto_idAeropuerto) values (1, 'gs-427', 'Phototherapy of Skin, Single', 1);
insert into aerolinea.Terminal (idTerminal, codigoTerminal, descripcion, Aeropuerto_idAeropuerto) values (2, 'ya-431', 'Revise of Intralum Dev in Fallopian Tube, Perc Endo Approach', 2);
insert into aerolinea.Terminal (idTerminal, codigoTerminal, descripcion, Aeropuerto_idAeropuerto) values (3, 'bz-474', 'Detachment at Right Hand, Partial 2nd Ray, Open Approach', 3);
insert into aerolinea.Terminal (idTerminal, codigoTerminal, descripcion, Aeropuerto_idAeropuerto) values (4, 'sy-434', 'Extraction of Accessory Sinus, Open Approach', 4);
insert into aerolinea.Terminal (idTerminal, codigoTerminal, descripcion, Aeropuerto_idAeropuerto) values (5, 'oa-848', 'Restriction of Pulm Trunk with Extralum Dev, Open Approach', 5);
insert into aerolinea.Terminal (idTerminal, codigoTerminal, descripcion, Aeropuerto_idAeropuerto) values (6, 'ca-295', 'Extirpation of Matter from Left Toe Phalanx, Perc Approach', 6);
insert into aerolinea.Terminal (idTerminal, codigoTerminal, descripcion, Aeropuerto_idAeropuerto) values (7, 'ru-165', 'Revision of Autol Sub in R Glenoid Cav, Extern Approach', 7);
insert into aerolinea.Terminal (idTerminal, codigoTerminal, descripcion, Aeropuerto_idAeropuerto) values (8, 'hp-915', 'Restrict L Ext Jugular Vein w Intralum Dev, Open', 8);
insert into aerolinea.Terminal (idTerminal, codigoTerminal, descripcion, Aeropuerto_idAeropuerto) values (9, 'pj-059', 'Replacement of Esophagus with Synth Sub, Via Opening', 9);
insert into aerolinea.Terminal (idTerminal, codigoTerminal, descripcion, Aeropuerto_idAeropuerto) values (10, 'bf-248', 'Supplement Right Vocal Cord with Autol Sub, Endo', 10);
insert into aerolinea.Terminal (idTerminal, codigoTerminal, descripcion, Aeropuerto_idAeropuerto) values (11, 'aa-683', 'Dilate R Fem Art, Bifurc, w Intralum Dev, Perc', 11);
insert into aerolinea.Terminal (idTerminal, codigoTerminal, descripcion, Aeropuerto_idAeropuerto) values (12, 'km-549', 'Revision of Ext Fix in L Wrist Jt, Open Approach', 12);
insert into aerolinea.Terminal (idTerminal, codigoTerminal, descripcion, Aeropuerto_idAeropuerto) values (13, 'hj-016', 'Repair Right Wrist Joint, Percutaneous Endoscopic Approach', 13);
insert into aerolinea.Terminal (idTerminal, codigoTerminal, descripcion, Aeropuerto_idAeropuerto) values (14, 'vp-119', 'Fluoroscopy of L Renal Vein using L Osm Contrast, Guidance', 14);
insert into aerolinea.Terminal (idTerminal, codigoTerminal, descripcion, Aeropuerto_idAeropuerto) values (15, 'uh-995', 'Drainage of Left Internal Carotid Artery, Open Approach', 15);
insert into aerolinea.Terminal (idTerminal, codigoTerminal, descripcion, Aeropuerto_idAeropuerto) values (16, 'ns-481', 'Dilate R Temporal Art, Bifurc, w Intralum Dev, Perc Endo', 16);
insert into aerolinea.Terminal (idTerminal, codigoTerminal, descripcion, Aeropuerto_idAeropuerto) values (17, 'ig-564', 'Reposition Left Ankle Joint with Int Fix, Extern Approach', 17);
insert into aerolinea.Terminal (idTerminal, codigoTerminal, descripcion, Aeropuerto_idAeropuerto) values (18, 'ud-655', 'Change Drainage Device in Skin, External Approach', 18);
insert into aerolinea.Terminal (idTerminal, codigoTerminal, descripcion, Aeropuerto_idAeropuerto) values (19, 'tw-126', 'Dilation of Abd Aorta with 3 Intralum Dev, Open Approach', 19);
insert into aerolinea.Terminal (idTerminal, codigoTerminal, descripcion, Aeropuerto_idAeropuerto) values (20, 'fk-891', 'Drainage of Bilateral Breast, Open Approach', 20);
insert into aerolinea.Terminal (idTerminal, codigoTerminal, descripcion, Aeropuerto_idAeropuerto) values (21, 'wb-454', 'Division of Cervical Plexus, Percutaneous Approach', 21);
insert into aerolinea.Terminal (idTerminal, codigoTerminal, descripcion, Aeropuerto_idAeropuerto) values (22, 'hh-090', 'Replacement of Anal Sphincter with Synth Sub, Open Approach', 22);
insert into aerolinea.Terminal (idTerminal, codigoTerminal, descripcion, Aeropuerto_idAeropuerto) values (23, 'nm-179', 'Drainage of Int Mamm, R Lymph, Perc Endo Approach', 23);
insert into aerolinea.Terminal (idTerminal, codigoTerminal, descripcion, Aeropuerto_idAeropuerto) values (24, 'ok-761', 'Bypass Thor Aorta Asc to L Pulm Art w Autol Art, Perc Endo', 24);
insert into aerolinea.Terminal (idTerminal, codigoTerminal, descripcion, Aeropuerto_idAeropuerto) values (25, 'jf-688', 'Alteration of Upper Jaw, Percutaneous Approach', 25);
insert into aerolinea.Terminal (idTerminal, codigoTerminal, descripcion, Aeropuerto_idAeropuerto) values (26, 'dy-786', 'Excision of Left Internal Carotid Artery, Perc Endo Approach', 26);
insert into aerolinea.Terminal (idTerminal, codigoTerminal, descripcion, Aeropuerto_idAeropuerto) values (27, 'we-578', 'Release Colic Vein, Open Approach', 27);
insert into aerolinea.Terminal (idTerminal, codigoTerminal, descripcion, Aeropuerto_idAeropuerto) values (28, 'nh-189', 'Repair L Low Extrem Bursa/Lig, Perc Approach', 28);
insert into aerolinea.Terminal (idTerminal, codigoTerminal, descripcion, Aeropuerto_idAeropuerto) values (29, 'ob-264', 'Change Cast on Abdominal Wall', 29);
insert into aerolinea.Terminal (idTerminal, codigoTerminal, descripcion, Aeropuerto_idAeropuerto) values (30, 'qk-620', 'Supplement L Int Mamm Art w Nonaut Sub, Perc Endo', 30);


-- -----------------------------------------------------
-- Table aerolinea.Puerta
-- -----------------------------------------------------
CREATE TABLE IF NOT EXISTS aerolinea.Puerta (
  idPuerta INT NOT NULL,
  codigoPuerta VARCHAR(200) NULL,
  nombre VARCHAR(200) NULL,
  Terminal_idTerminal INT NOT NULL,
  CONSTRAINT pk_idPuerta PRIMARY KEY (idPuerta),
  CONSTRAINT fk_Puerta_Terminal1
    FOREIGN KEY (Terminal_idTerminal)
    REFERENCES aerolinea.Terminal (idTerminal)
    ON DELETE NO ACTION
    ON UPDATE NO ACTION);

insert into aerolinea.Puerta (idPuerta, codigoPuerta, nombre, Terminal_idTerminal) values (1, 'xv-023', 'FluGo', 1);
insert into aerolinea.Puerta (idPuerta, codigoPuerta, nombre, Terminal_idTerminal) values (2, 'qk-212', 'Basil', 2);
insert into aerolinea.Puerta (idPuerta, codigoPuerta, nombre, Terminal_idTerminal) values (3, 'ec-321', 'Pollens - Trees, Beech, American Fagus grandifolia', 3);
insert into aerolinea.Puerta (idPuerta, codigoPuerta, nombre, Terminal_idTerminal) values (4, 'jo-464', 'potassium phosphates', 4);
insert into aerolinea.Puerta (idPuerta, codigoPuerta, nombre, Terminal_idTerminal) values (5, 'tu-507', 'Sulphur Remedy', 5);
insert into aerolinea.Puerta (idPuerta, codigoPuerta, nombre, Terminal_idTerminal) values (6, 'uw-546', 'Motion Sickness Relief', 6);
insert into aerolinea.Puerta (idPuerta, codigoPuerta, nombre, Terminal_idTerminal) values (7, 'oj-360', 'LEVOFLOXACIN', 7);
insert into aerolinea.Puerta (idPuerta, codigoPuerta, nombre, Terminal_idTerminal) values (8, 'ig-930', 'American Beech', 8);
insert into aerolinea.Puerta (idPuerta, codigoPuerta, nombre, Terminal_idTerminal) values (9, 'sa-504', 'Allopurinol', 9);
insert into aerolinea.Puerta (idPuerta, codigoPuerta, nombre, Terminal_idTerminal) values (10, 'ow-059', 'Olanzapine', 10);
insert into aerolinea.Puerta (idPuerta, codigoPuerta, nombre, Terminal_idTerminal) values (11, 'uy-164', 'Sterile Water', 11);
insert into aerolinea.Puerta (idPuerta, codigoPuerta, nombre, Terminal_idTerminal) values (12, 'qe-902', 'Squash Zucchini', 12);
insert into aerolinea.Puerta (idPuerta, codigoPuerta, nombre, Terminal_idTerminal) values (13, 'lq-944', 'Sisal', 13);
insert into aerolinea.Puerta (idPuerta, codigoPuerta, nombre, Terminal_idTerminal) values (14, 'fg-255', 'Starlix', 14);
insert into aerolinea.Puerta (idPuerta, codigoPuerta, nombre, Terminal_idTerminal) values (15, 'dd-377', 'Alder, White Pollen', 15);
insert into aerolinea.Puerta (idPuerta, codigoPuerta, nombre, Terminal_idTerminal) values (16, 'np-017', 'Alprazolam', 16);
insert into aerolinea.Puerta (idPuerta, codigoPuerta, nombre, Terminal_idTerminal) values (17, 'zm-415', 'Lubriderm Intense Skin Repair', 17);
insert into aerolinea.Puerta (idPuerta, codigoPuerta, nombre, Terminal_idTerminal) values (18, 'nl-588', 'Hydrochlorothiazide', 18);
insert into aerolinea.Puerta (idPuerta, codigoPuerta, nombre, Terminal_idTerminal) values (19, 'iz-894', 'POPULUS DELTOIDES POLLEN', 19);
insert into aerolinea.Puerta (idPuerta, codigoPuerta, nombre, Terminal_idTerminal) values (20, 'st-952', 'Diltiazem Hydrochloride', 20);
insert into aerolinea.Puerta (idPuerta, codigoPuerta, nombre, Terminal_idTerminal) values (21, 'ez-720', 'Losartan Potassium', 21);
insert into aerolinea.Puerta (idPuerta, codigoPuerta, nombre, Terminal_idTerminal) values (22, 'xx-717', 'Suave Sweet Pea and Violet', 22);
insert into aerolinea.Puerta (idPuerta, codigoPuerta, nombre, Terminal_idTerminal) values (23, 'mg-419', 'Stool Softener', 23);
insert into aerolinea.Puerta (idPuerta, codigoPuerta, nombre, Terminal_idTerminal) values (24, 'kr-372', 'Prazosin Hydrochloride', 24);
insert into aerolinea.Puerta (idPuerta, codigoPuerta, nombre, Terminal_idTerminal) values (25, 'gr-774', 'Preferred Plus Aller Ease', 25);
insert into aerolinea.Puerta (idPuerta, codigoPuerta, nombre, Terminal_idTerminal) values (26, 'sf-313', 'phendimetrazine tartrate', 26);
insert into aerolinea.Puerta (idPuerta, codigoPuerta, nombre, Terminal_idTerminal) values (27, 'ql-870', 'Eve Lom Radiance Perfected Tinted Moisturiser Broad Spectrum SPF 15 Sunscreen', 27);
insert into aerolinea.Puerta (idPuerta, codigoPuerta, nombre, Terminal_idTerminal) values (28, 'gq-189', 'Carvedilol', 28);
insert into aerolinea.Puerta (idPuerta, codigoPuerta, nombre, Terminal_idTerminal) values (29, 'kq-206', 'METHYLPHENIDATE HYDROCHLORIDE', 29);
insert into aerolinea.Puerta (idPuerta, codigoPuerta, nombre, Terminal_idTerminal) values (30, 'ue-216', 'Chicken Meat', 30);

-- -----------------------------------------------------
-- Table aerolinea.Vuelo
-- -----------------------------------------------------
CREATE TABLE IF NOT EXISTS aerolinea.Vuelo (
  idVuelo INT NOT NULL,
  cantidadEscala INT NULL,
  horaFechaSalida timestamp NULL,
  horaFechaLlegada timestamp NULL,
  Piloto_idPiloto INT NOT NULL,
  Avion_idAvion INT NOT NULL,
  TipoClase_idTipoClase INT NOT NULL,
  idPuertaOrigen INT NOT NULL,
  idPuertaDestino INT NOT NULL,
  CONSTRAINT pk_idVuelo PRIMARY KEY (idVuelo),
  CONSTRAINT fk_vuelo_Piloto1
    FOREIGN KEY (Piloto_idPiloto)
    REFERENCES aerolinea.Piloto (idPiloto)
    ON DELETE NO ACTION
    ON UPDATE NO ACTION,
  CONSTRAINT fk_vuelo_Avion1
    FOREIGN KEY (Avion_idAvion)
    REFERENCES aerolinea.Avion (idAvion)
    ON DELETE NO ACTION
    ON UPDATE NO ACTION,
  CONSTRAINT fk_Vuelo_TipoClase1
    FOREIGN KEY (TipoClase_idTipoClase)
    REFERENCES aerolinea.TipoClase (idTipoClase)
    ON DELETE NO ACTION
    ON UPDATE NO ACTION,
  CONSTRAINT fk_Vuelo_Puerta1
    FOREIGN KEY (idPuertaOrigen)
    REFERENCES aerolinea.Puerta (idPuerta)
    ON DELETE NO ACTION
    ON UPDATE NO ACTION,
  CONSTRAINT fk_Vuelo_Puerta2
    FOREIGN KEY (idPuertaDestino)
    REFERENCES aerolinea.Puerta (idPuerta)
    ON DELETE NO ACTION
    ON UPDATE NO ACTION);

insert into aerolinea.Vuelo (idVuelo, cantidadEscala, horaFechaSalida, horaFechaLlegada, Piloto_idPiloto, Avion_idAvion, TipoClase_idTipoClase, idPuertaOrigen, idPuertaDestino) values (1, 5, '2016-08-17', '2018-12-16', 1, 1, 1, 1, 1);
insert into aerolinea.Vuelo (idVuelo, cantidadEscala, horaFechaSalida, horaFechaLlegada, Piloto_idPiloto, Avion_idAvion, TipoClase_idTipoClase, idPuertaOrigen, idPuertaDestino) values (2, 5, '2016-08-09', '2016-07-30', 2, 2, 2, 2, 2);
insert into aerolinea.Vuelo (idVuelo, cantidadEscala, horaFechaSalida, horaFechaLlegada, Piloto_idPiloto, Avion_idAvion, TipoClase_idTipoClase, idPuertaOrigen, idPuertaDestino) values (3, 0, '2015-11-24', '2018-03-27', 3, 3, 3, 3, 3);
insert into aerolinea.Vuelo (idVuelo, cantidadEscala, horaFechaSalida, horaFechaLlegada, Piloto_idPiloto, Avion_idAvion, TipoClase_idTipoClase, idPuertaOrigen, idPuertaDestino) values (4, 0, '2015-05-04', '2018-06-21', 4, 4, 4, 4, 4);
insert into aerolinea.Vuelo (idVuelo, cantidadEscala, horaFechaSalida, horaFechaLlegada, Piloto_idPiloto, Avion_idAvion, TipoClase_idTipoClase, idPuertaOrigen, idPuertaDestino) values (5, 3, '2015-07-04', '2017-09-23', 5, 5, 5, 5, 5);
insert into aerolinea.Vuelo (idVuelo, cantidadEscala, horaFechaSalida, horaFechaLlegada, Piloto_idPiloto, Avion_idAvion, TipoClase_idTipoClase, idPuertaOrigen, idPuertaDestino) values (6, 3, '2017-11-13', '2015-04-08', 6, 6, 6, 6, 6);
insert into aerolinea.Vuelo (idVuelo, cantidadEscala, horaFechaSalida, horaFechaLlegada, Piloto_idPiloto, Avion_idAvion, TipoClase_idTipoClase, idPuertaOrigen, idPuertaDestino) values (7, 4, '2016-04-01', '2016-01-25', 7, 7, 7, 7, 7);
insert into aerolinea.Vuelo (idVuelo, cantidadEscala, horaFechaSalida, horaFechaLlegada, Piloto_idPiloto, Avion_idAvion, TipoClase_idTipoClase, idPuertaOrigen, idPuertaDestino) values (8, 1, '2016-03-28', '2015-07-20', 8, 8, 8, 8, 8);
insert into aerolinea.Vuelo (idVuelo, cantidadEscala, horaFechaSalida, horaFechaLlegada, Piloto_idPiloto, Avion_idAvion, TipoClase_idTipoClase, idPuertaOrigen, idPuertaDestino) values (9, 2, '2015-09-29', '2015-07-15', 9, 9, 9, 9, 9);
insert into aerolinea.Vuelo (idVuelo, cantidadEscala, horaFechaSalida, horaFechaLlegada, Piloto_idPiloto, Avion_idAvion, TipoClase_idTipoClase, idPuertaOrigen, idPuertaDestino) values (10, 2, '2015-04-04', '2017-12-16', 10, 10, 10, 10, 10);
insert into aerolinea.Vuelo (idVuelo, cantidadEscala, horaFechaSalida, horaFechaLlegada, Piloto_idPiloto, Avion_idAvion, TipoClase_idTipoClase, idPuertaOrigen, idPuertaDestino) values (11, 2, '2015-04-23', '2019-02-14', 11, 11, 11, 11, 11);
insert into aerolinea.Vuelo (idVuelo, cantidadEscala, horaFechaSalida, horaFechaLlegada, Piloto_idPiloto, Avion_idAvion, TipoClase_idTipoClase, idPuertaOrigen, idPuertaDestino) values (12, 2, '2018-05-29', '2016-02-24', 12, 12, 12, 12, 12);
insert into aerolinea.Vuelo (idVuelo, cantidadEscala, horaFechaSalida, horaFechaLlegada, Piloto_idPiloto, Avion_idAvion, TipoClase_idTipoClase, idPuertaOrigen, idPuertaDestino) values (13, 3, '2015-10-19', '2016-12-15', 13, 13, 13, 13, 13);
insert into aerolinea.Vuelo (idVuelo, cantidadEscala, horaFechaSalida, horaFechaLlegada, Piloto_idPiloto, Avion_idAvion, TipoClase_idTipoClase, idPuertaOrigen, idPuertaDestino) values (14, 5, '2015-12-26', '2017-10-09', 14, 14, 14, 14, 14);
insert into aerolinea.Vuelo (idVuelo, cantidadEscala, horaFechaSalida, horaFechaLlegada, Piloto_idPiloto, Avion_idAvion, TipoClase_idTipoClase, idPuertaOrigen, idPuertaDestino) values (15, 0, '2018-05-19', '2018-10-19', 15, 15, 15, 15, 15);
insert into aerolinea.Vuelo (idVuelo, cantidadEscala, horaFechaSalida, horaFechaLlegada, Piloto_idPiloto, Avion_idAvion, TipoClase_idTipoClase, idPuertaOrigen, idPuertaDestino) values (16, 5, '2015-08-06', '2016-03-27', 16, 16, 16, 16, 16);
insert into aerolinea.Vuelo (idVuelo, cantidadEscala, horaFechaSalida, horaFechaLlegada, Piloto_idPiloto, Avion_idAvion, TipoClase_idTipoClase, idPuertaOrigen, idPuertaDestino) values (17, 0, '2016-02-14', '2015-09-02', 17, 17, 17, 17, 17);
insert into aerolinea.Vuelo (idVuelo, cantidadEscala, horaFechaSalida, horaFechaLlegada, Piloto_idPiloto, Avion_idAvion, TipoClase_idTipoClase, idPuertaOrigen, idPuertaDestino) values (18, 3, '2017-06-22', '2017-06-10', 18, 18, 18, 18, 18);
insert into aerolinea.Vuelo (idVuelo, cantidadEscala, horaFechaSalida, horaFechaLlegada, Piloto_idPiloto, Avion_idAvion, TipoClase_idTipoClase, idPuertaOrigen, idPuertaDestino) values (19, 3, '2016-10-24', '2017-10-02', 19, 19, 19, 19, 19);
insert into aerolinea.Vuelo (idVuelo, cantidadEscala, horaFechaSalida, horaFechaLlegada, Piloto_idPiloto, Avion_idAvion, TipoClase_idTipoClase, idPuertaOrigen, idPuertaDestino) values (20, 4, '2018-10-03', '2018-06-30', 20, 20, 20, 20, 20);
insert into aerolinea.Vuelo (idVuelo, cantidadEscala, horaFechaSalida, horaFechaLlegada, Piloto_idPiloto, Avion_idAvion, TipoClase_idTipoClase, idPuertaOrigen, idPuertaDestino) values (21, 4, '2016-01-22', '2017-05-02', 21, 21, 21, 21, 21);
insert into aerolinea.Vuelo (idVuelo, cantidadEscala, horaFechaSalida, horaFechaLlegada, Piloto_idPiloto, Avion_idAvion, TipoClase_idTipoClase, idPuertaOrigen, idPuertaDestino) values (22, 5, '2018-03-14', '2016-10-12', 22, 22, 22, 22, 22);
insert into aerolinea.Vuelo (idVuelo, cantidadEscala, horaFechaSalida, horaFechaLlegada, Piloto_idPiloto, Avion_idAvion, TipoClase_idTipoClase, idPuertaOrigen, idPuertaDestino) values (23, 5, '2015-12-13', '2018-07-23', 23, 23, 23, 23, 23);
insert into aerolinea.Vuelo (idVuelo, cantidadEscala, horaFechaSalida, horaFechaLlegada, Piloto_idPiloto, Avion_idAvion, TipoClase_idTipoClase, idPuertaOrigen, idPuertaDestino) values (24, 2, '2016-07-24', '2018-01-08', 24, 24, 24, 24, 24);
insert into aerolinea.Vuelo (idVuelo, cantidadEscala, horaFechaSalida, horaFechaLlegada, Piloto_idPiloto, Avion_idAvion, TipoClase_idTipoClase, idPuertaOrigen, idPuertaDestino) values (25, 3, '2016-08-20', '2018-05-26', 25, 25, 25, 25, 25);
insert into aerolinea.Vuelo (idVuelo, cantidadEscala, horaFechaSalida, horaFechaLlegada, Piloto_idPiloto, Avion_idAvion, TipoClase_idTipoClase, idPuertaOrigen, idPuertaDestino) values (26, 5, '2017-12-09', '2015-10-26', 26, 26, 26, 26, 26);
insert into aerolinea.Vuelo (idVuelo, cantidadEscala, horaFechaSalida, horaFechaLlegada, Piloto_idPiloto, Avion_idAvion, TipoClase_idTipoClase, idPuertaOrigen, idPuertaDestino) values (27, 1, '2017-11-22', '2017-12-21', 27, 27, 27, 27, 27);
insert into aerolinea.Vuelo (idVuelo, cantidadEscala, horaFechaSalida, horaFechaLlegada, Piloto_idPiloto, Avion_idAvion, TipoClase_idTipoClase, idPuertaOrigen, idPuertaDestino) values (28, 2, '2017-03-22', '2018-01-31', 28, 28, 28, 28, 28);
insert into aerolinea.Vuelo (idVuelo, cantidadEscala, horaFechaSalida, horaFechaLlegada, Piloto_idPiloto, Avion_idAvion, TipoClase_idTipoClase, idPuertaOrigen, idPuertaDestino) values (29, 0, '2015-12-09', '2016-07-19', 29, 29, 29, 29, 29);
insert into aerolinea.Vuelo (idVuelo, cantidadEscala, horaFechaSalida, horaFechaLlegada, Piloto_idPiloto, Avion_idAvion, TipoClase_idTipoClase, idPuertaOrigen, idPuertaDestino) values (30, 3, '2019-03-09', '2016-05-13', 30, 30, 30, 30, 30);

-- -----------------------------------------------------
-- Table aerolinea.Boleto
-- -----------------------------------------------------
CREATE TABLE IF NOT EXISTS aerolinea.Boleto (
  idBoleto INT NOT NULL,
  fechaEmision DATE NULL,
  precioCompra decimal NULL,
  Asiento_idAsiento INT NOT NULL,
  vuelo_idvuelo INT NOT NULL,
  TipoClase_idTipoClase INT NOT NULL,
  Pasajero_idPasajero INT NOT NULL,
  totalPrecioBoleto decimal NULL,
  CONSTRAINT pk_idBoleto PRIMARY KEY (idBoleto),
  CONSTRAINT fk_Boleto_Asiento1
    FOREIGN KEY (Asiento_idAsiento)
    REFERENCES aerolinea.Asiento (idAsiento)
    ON DELETE NO ACTION
    ON UPDATE NO ACTION,
  CONSTRAINT fk_Boleto_vuelo1
    FOREIGN KEY (vuelo_idvuelo)
    REFERENCES aerolinea.Vuelo (idVuelo)
    ON DELETE NO ACTION
    ON UPDATE NO ACTION,
  CONSTRAINT fk_Boleto_TipoClase1
    FOREIGN KEY (TipoClase_idTipoClase)
    REFERENCES aerolinea.TipoClase (idTipoClase)
    ON DELETE NO ACTION
    ON UPDATE NO ACTION,
  CONSTRAINT fk_Boleto_Pasajero1
    FOREIGN KEY (Pasajero_idPasajero)
    REFERENCES aerolinea.Pasajero (idPasajero)
    ON DELETE NO ACTION
    ON UPDATE NO ACTION);

insert into aerolinea.Boleto (idBoleto, fechaEmision, precioCompra, Asiento_idAsiento, vuelo_idvuelo, TipoClase_idTipoClase, Pasajero_idPasajero, totalPrecioBoleto) values (1, '2018-02-06', 159.5, 1, 1, 1, 1, 482.2);
insert into aerolinea.Boleto (idBoleto, fechaEmision, precioCompra, Asiento_idAsiento, vuelo_idvuelo, TipoClase_idTipoClase, Pasajero_idPasajero, totalPrecioBoleto) values (2, '2017-01-08', 215.8, 2, 2, 2, 2, 479.7);
insert into aerolinea.Boleto (idBoleto, fechaEmision, precioCompra, Asiento_idAsiento, vuelo_idvuelo, TipoClase_idTipoClase, Pasajero_idPasajero, totalPrecioBoleto) values (3, '2015-08-29', 239.8, 3, 3, 3, 3, 195.9);
insert into aerolinea.Boleto (idBoleto, fechaEmision, precioCompra, Asiento_idAsiento, vuelo_idvuelo, TipoClase_idTipoClase, Pasajero_idPasajero, totalPrecioBoleto) values (4, '2015-06-21', 118.0, 4, 4, 4, 4, 101.0);
insert into aerolinea.Boleto (idBoleto, fechaEmision, precioCompra, Asiento_idAsiento, vuelo_idvuelo, TipoClase_idTipoClase, Pasajero_idPasajero, totalPrecioBoleto) values (5, '2019-03-19', 281.5, 5, 5, 5, 5, 729.3);
insert into aerolinea.Boleto (idBoleto, fechaEmision, precioCompra, Asiento_idAsiento, vuelo_idvuelo, TipoClase_idTipoClase, Pasajero_idPasajero, totalPrecioBoleto) values (6, '2016-03-18', 232.3, 6, 6, 6, 6, 190.6);
insert into aerolinea.Boleto (idBoleto, fechaEmision, precioCompra, Asiento_idAsiento, vuelo_idvuelo, TipoClase_idTipoClase, Pasajero_idPasajero, totalPrecioBoleto) values (7, '2016-08-15', 65.2, 7, 7, 7, 7, 302.7);
insert into aerolinea.Boleto (idBoleto, fechaEmision, precioCompra, Asiento_idAsiento, vuelo_idvuelo, TipoClase_idTipoClase, Pasajero_idPasajero, totalPrecioBoleto) values (8, '2015-11-29', 283.5, 8, 8, 8, 8, 915.6);
insert into aerolinea.Boleto (idBoleto, fechaEmision, precioCompra, Asiento_idAsiento, vuelo_idvuelo, TipoClase_idTipoClase, Pasajero_idPasajero, totalPrecioBoleto) values (9, '2017-04-28', 178.4, 9, 9, 9, 9, 743.0);
insert into aerolinea.Boleto (idBoleto, fechaEmision, precioCompra, Asiento_idAsiento, vuelo_idvuelo, TipoClase_idTipoClase, Pasajero_idPasajero, totalPrecioBoleto) values (10, '2018-01-01', 99.9, 10, 10, 10, 10, 881.6);
insert into aerolinea.Boleto (idBoleto, fechaEmision, precioCompra, Asiento_idAsiento, vuelo_idvuelo, TipoClase_idTipoClase, Pasajero_idPasajero, totalPrecioBoleto) values (11, '2019-02-15', 237.6, 11, 11, 11, 11, 961.0);
insert into aerolinea.Boleto (idBoleto, fechaEmision, precioCompra, Asiento_idAsiento, vuelo_idvuelo, TipoClase_idTipoClase, Pasajero_idPasajero, totalPrecioBoleto) values (12, '2016-03-16', 109.9, 12, 12, 12, 12, 363.7);
insert into aerolinea.Boleto (idBoleto, fechaEmision, precioCompra, Asiento_idAsiento, vuelo_idvuelo, TipoClase_idTipoClase, Pasajero_idPasajero, totalPrecioBoleto) values (13, '2016-02-16', 296.3, 13, 13, 13, 13, 656.1);
insert into aerolinea.Boleto (idBoleto, fechaEmision, precioCompra, Asiento_idAsiento, vuelo_idvuelo, TipoClase_idTipoClase, Pasajero_idPasajero, totalPrecioBoleto) values (14, '2018-09-01', 241.5, 14, 14, 14, 14, 861.7);
insert into aerolinea.Boleto (idBoleto, fechaEmision, precioCompra, Asiento_idAsiento, vuelo_idvuelo, TipoClase_idTipoClase, Pasajero_idPasajero, totalPrecioBoleto) values (15, '2018-04-17', 81.9, 15, 15, 15, 15, 247.9);
insert into aerolinea.Boleto (idBoleto, fechaEmision, precioCompra, Asiento_idAsiento, vuelo_idvuelo, TipoClase_idTipoClase, Pasajero_idPasajero, totalPrecioBoleto) values (16, '2018-03-29', 159.5, 16, 16, 16, 16, 437.2);
insert into aerolinea.Boleto (idBoleto, fechaEmision, precioCompra, Asiento_idAsiento, vuelo_idvuelo, TipoClase_idTipoClase, Pasajero_idPasajero, totalPrecioBoleto) values (17, '2018-03-29', 280.9, 17, 17, 17, 17, 726.0);
insert into aerolinea.Boleto (idBoleto, fechaEmision, precioCompra, Asiento_idAsiento, vuelo_idvuelo, TipoClase_idTipoClase, Pasajero_idPasajero, totalPrecioBoleto) values (18, '2017-01-26', 219.1, 18, 18, 18, 18, 109.0);
insert into aerolinea.Boleto (idBoleto, fechaEmision, precioCompra, Asiento_idAsiento, vuelo_idvuelo, TipoClase_idTipoClase, Pasajero_idPasajero, totalPrecioBoleto) values (19, '2017-11-19', 120.0, 19, 19, 19, 19, 550.1);
insert into aerolinea.Boleto (idBoleto, fechaEmision, precioCompra, Asiento_idAsiento, vuelo_idvuelo, TipoClase_idTipoClase, Pasajero_idPasajero, totalPrecioBoleto) values (20, '2015-08-16', 221.6, 20, 20, 20, 20, 741.9);
insert into aerolinea.Boleto (idBoleto, fechaEmision, precioCompra, Asiento_idAsiento, vuelo_idvuelo, TipoClase_idTipoClase, Pasajero_idPasajero, totalPrecioBoleto) values (21, '2017-05-31', 169.9, 21, 21, 21, 21, 307.7);
insert into aerolinea.Boleto (idBoleto, fechaEmision, precioCompra, Asiento_idAsiento, vuelo_idvuelo, TipoClase_idTipoClase, Pasajero_idPasajero, totalPrecioBoleto) values (22, '2015-10-30', 191.3, 22, 22, 22, 22, 66.7);
insert into aerolinea.Boleto (idBoleto, fechaEmision, precioCompra, Asiento_idAsiento, vuelo_idvuelo, TipoClase_idTipoClase, Pasajero_idPasajero, totalPrecioBoleto) values (23, '2016-10-03', 257.2, 23, 23, 23, 23, 936.1);
insert into aerolinea.Boleto (idBoleto, fechaEmision, precioCompra, Asiento_idAsiento, vuelo_idvuelo, TipoClase_idTipoClase, Pasajero_idPasajero, totalPrecioBoleto) values (24, '2016-02-28', 244.6, 24, 24, 24, 24, 724.5);
insert into aerolinea.Boleto (idBoleto, fechaEmision, precioCompra, Asiento_idAsiento, vuelo_idvuelo, TipoClase_idTipoClase, Pasajero_idPasajero, totalPrecioBoleto) values (25, '2017-09-07', 113.3, 25, 25, 25, 25, 500.2);
insert into aerolinea.Boleto (idBoleto, fechaEmision, precioCompra, Asiento_idAsiento, vuelo_idvuelo, TipoClase_idTipoClase, Pasajero_idPasajero, totalPrecioBoleto) values (26, '2016-04-17', 121.6, 26, 26, 26, 26, 841.3);
insert into aerolinea.Boleto (idBoleto, fechaEmision, precioCompra, Asiento_idAsiento, vuelo_idvuelo, TipoClase_idTipoClase, Pasajero_idPasajero, totalPrecioBoleto) values (27, '2017-02-02', 172.6, 27, 27, 27, 27, 936.8);
insert into aerolinea.Boleto (idBoleto, fechaEmision, precioCompra, Asiento_idAsiento, vuelo_idvuelo, TipoClase_idTipoClase, Pasajero_idPasajero, totalPrecioBoleto) values (28, '2015-09-06', 170.3, 28, 28, 28, 28, 313.2);
insert into aerolinea.Boleto (idBoleto, fechaEmision, precioCompra, Asiento_idAsiento, vuelo_idvuelo, TipoClase_idTipoClase, Pasajero_idPasajero, totalPrecioBoleto) values (29, '2018-11-28', 252.0, 29, 29, 29, 29, 756.7);
insert into aerolinea.Boleto (idBoleto, fechaEmision, precioCompra, Asiento_idAsiento, vuelo_idvuelo, TipoClase_idTipoClase, Pasajero_idPasajero, totalPrecioBoleto) values (30, '2019-01-25', 206.6, 30, 30, 30, 30, 548.2);

-- -----------------------------------------------------
-- Table aerolinea.Equipaje
-- -----------------------------------------------------
CREATE TABLE IF NOT EXISTS aerolinea.Equipaje (
  idEquipaje INT NOT NULL,
  descripcion VARCHAR(200) NULL,
  peso decimal NULL,
  alto decimal NULL,
  ancho decimal NULL,
  profundidad decimal NULL,
  TipoClase_idTipoClase INT NULL,
  Boleto_idBoleto INT NULL,
  CONSTRAINT pk_idEquipaje PRIMARY KEY (idEquipaje),
  CONSTRAINT fk_Equipaje_TipoClase1
    FOREIGN KEY (TipoClase_idTipoClase)
    REFERENCES aerolinea.TipoClase (idTipoClase)
    ON DELETE NO ACTION
    ON UPDATE NO ACTION,
  CONSTRAINT fk_Equipaje_Boleto1
    FOREIGN KEY (Boleto_idBoleto)
    REFERENCES aerolinea.Boleto (idBoleto)
    ON DELETE NO ACTION
    ON UPDATE NO ACTION);

insert into aerolinea.Equipaje (idEquipaje, descripcion, peso, alto, ancho, profundidad, TipoClase_idTipoClase, Boleto_idBoleto) values (1, 'Secondary syphilitic hepatitis', 2.3, 1, 3, 1, 1, 1);
insert into aerolinea.Equipaje (idEquipaje, descripcion, peso, alto, ancho, profundidad, TipoClase_idTipoClase, Boleto_idBoleto) values (2, 'Oth injury due to oth accident on board canoe/kayk, sequela', 1.0, 2, 3, 2, 2, 2);
insert into aerolinea.Equipaje (idEquipaje, descripcion, peso, alto, ancho, profundidad, TipoClase_idTipoClase, Boleto_idBoleto) values (3, 'Partial traumatic amp of l low leg, level unsp, sequela', 2.8, 3, 3, 1, 3, 3);
insert into aerolinea.Equipaje (idEquipaje, descripcion, peso, alto, ancho, profundidad, TipoClase_idTipoClase, Boleto_idBoleto) values (4, 'Kaschin-Beck disease, right ankle and foot', 1.6, 2, 2, 3, 4, 4);
insert into aerolinea.Equipaje (idEquipaje, descripcion, peso, alto, ancho, profundidad, TipoClase_idTipoClase, Boleto_idBoleto) values (5, 'Malignant neoplasm of Waldeyer''s ring', 2.4, 1, 2, 1, 5, 5);
insert into aerolinea.Equipaje (idEquipaje, descripcion, peso, alto, ancho, profundidad, TipoClase_idTipoClase, Boleto_idBoleto) values (6, 'Displ transverse fx shaft of r rad, 7thH', 1.4, 2, 1, 3, 6, 6);
insert into aerolinea.Equipaje (idEquipaje, descripcion, peso, alto, ancho, profundidad, TipoClase_idTipoClase, Boleto_idBoleto) values (7, 'Underdosing of emollients, demulcents and protect, sequela', 1.5, 1, 2, 1, 7, 7);
insert into aerolinea.Equipaje (idEquipaje, descripcion, peso, alto, ancho, profundidad, TipoClase_idTipoClase, Boleto_idBoleto) values (8, 'Car passenger injured in clsn w 2/3-whl mv in traf, init', 2.6, 2, 3, 3, 8, 8);
insert into aerolinea.Equipaje (idEquipaje, descripcion, peso, alto, ancho, profundidad, TipoClase_idTipoClase, Boleto_idBoleto) values (9, 'Lacerat flexor musc/fasc/tend unsp fngr at wrs/hnd lv, init', 2.8, 3, 1, 1, 9, 9);
insert into aerolinea.Equipaje (idEquipaje, descripcion, peso, alto, ancho, profundidad, TipoClase_idTipoClase, Boleto_idBoleto) values (10, 'Unsp inj msl/tnd lng extn msl toe at ank/ft lev,unsp ft,subs', 2.4, 1, 3, 1, 10, 10);
insert into aerolinea.Equipaje (idEquipaje, descripcion, peso, alto, ancho, profundidad, TipoClase_idTipoClase, Boleto_idBoleto) values (11, 'Nondisp fx of med phalanx of unsp fngr, 7thD', 2.8, 1, 3, 2, 11, 11);
insert into aerolinea.Equipaje (idEquipaje, descripcion, peso, alto, ancho, profundidad, TipoClase_idTipoClase, Boleto_idBoleto) values (12, 'Oth injury of unsp pulmonary blood vessels, init encntr', 1.9, 2, 2, 3, 12, 12);
insert into aerolinea.Equipaje (idEquipaje, descripcion, peso, alto, ancho, profundidad, TipoClase_idTipoClase, Boleto_idBoleto) values (13, 'Person outside bus injured in clsn w hv veh nontraf, init', 1.9, 3, 1, 3, 13, 13);
insert into aerolinea.Equipaje (idEquipaje, descripcion, peso, alto, ancho, profundidad, TipoClase_idTipoClase, Boleto_idBoleto) values (14, 'Oth comp due to other GU prosthetic materials, subs', 2.9, 2, 2, 1, 14, 14);
insert into aerolinea.Equipaje (idEquipaje, descripcion, peso, alto, ancho, profundidad, TipoClase_idTipoClase, Boleto_idBoleto) values (15, 'Puncture wound with foreign body, right knee, subs encntr', 1.2, 2, 2, 3, 15, 15);
insert into aerolinea.Equipaje (idEquipaje, descripcion, peso, alto, ancho, profundidad, TipoClase_idTipoClase, Boleto_idBoleto) values (16, 'Oculomandibular dysostosis', 2.1, 1, 3, 1, 16, 16);
insert into aerolinea.Equipaje (idEquipaje, descripcion, peso, alto, ancho, profundidad, TipoClase_idTipoClase, Boleto_idBoleto) values (17, 'Stress fracture, right radius, subs for fx w routn heal', 2.2, 1, 2, 2, 17, 17);
insert into aerolinea.Equipaje (idEquipaje, descripcion, peso, alto, ancho, profundidad, TipoClase_idTipoClase, Boleto_idBoleto) values (18, 'Disp fx of greater tuberosity of r humer, 7thP', 2.4, 3, 3, 3, 18, 18);
insert into aerolinea.Equipaje (idEquipaje, descripcion, peso, alto, ancho, profundidad, TipoClase_idTipoClase, Boleto_idBoleto) values (19, 'Unspecified chronic gastritis', 2.6, 3, 3, 3, 19, 19);
insert into aerolinea.Equipaje (idEquipaje, descripcion, peso, alto, ancho, profundidad, TipoClase_idTipoClase, Boleto_idBoleto) values (20, 'Toxic effect of paints and dyes, NEC, intentional self-harm', 1.1, 1, 1, 1, 20, 20);
insert into aerolinea.Equipaje (idEquipaje, descripcion, peso, alto, ancho, profundidad, TipoClase_idTipoClase, Boleto_idBoleto) values (21, 'Oth fracture of fifth lumbar vertebra, init for clos fx', 1.9, 1, 2, 2, 21, 21);
insert into aerolinea.Equipaje (idEquipaje, descripcion, peso, alto, ancho, profundidad, TipoClase_idTipoClase, Boleto_idBoleto) values (22, 'Secondary osteoarthritis, right ankle and foot', 1.6, 1, 2, 3, 22, 22);
insert into aerolinea.Equipaje (idEquipaje, descripcion, peso, alto, ancho, profundidad, TipoClase_idTipoClase, Boleto_idBoleto) values (23, 'Drown d/t being thrown ovrbrd by motion of fish boat, sqla', 2.8, 2, 3, 1, 23, 23);
insert into aerolinea.Equipaje (idEquipaje, descripcion, peso, alto, ancho, profundidad, TipoClase_idTipoClase, Boleto_idBoleto) values (24, 'Unsp complication following incomplete spontaneous abortion', 1.9, 2, 2, 2, 24, 24);
insert into aerolinea.Equipaje (idEquipaje, descripcion, peso, alto, ancho, profundidad, TipoClase_idTipoClase, Boleto_idBoleto) values (25, 'Infect/inflm reaction due to cardiac valve prosthesis', 1.5, 1, 3, 1, 25, 25);
insert into aerolinea.Equipaje (idEquipaje, descripcion, peso, alto, ancho, profundidad, TipoClase_idTipoClase, Boleto_idBoleto) values (26, 'Burn of unsp degree of right thumb (nail), init encntr', 2.7, 1, 3, 1, 26, 26);
insert into aerolinea.Equipaje (idEquipaje, descripcion, peso, alto, ancho, profundidad, TipoClase_idTipoClase, Boleto_idBoleto) values (27, 'Maternal care for oth rhesus isoimmun, first tri, fetus 4', 2.7, 1, 2, 3, 27, 27);
insert into aerolinea.Equipaje (idEquipaje, descripcion, peso, alto, ancho, profundidad, TipoClase_idTipoClase, Boleto_idBoleto) values (28, 'Drowning and submersion due to fishing boat sinking, sequela', 1.8, 1, 3, 3, 28, 28);
insert into aerolinea.Equipaje (idEquipaje, descripcion, peso, alto, ancho, profundidad, TipoClase_idTipoClase, Boleto_idBoleto) values (29, 'Other anterior subluxation of unspecified hip, subs encntr', 2.3, 2, 2, 3, 29, 29);
insert into aerolinea.Equipaje (idEquipaje, descripcion, peso, alto, ancho, profundidad, TipoClase_idTipoClase, Boleto_idBoleto) values (30, 'Superficial (capsular) laceration of spleen, subs encntr', 1.5, 1, 1, 1, 30, 30);

-- -----------------------------------------------------
-- Table aerolinea.Etapa
-- -----------------------------------------------------
CREATE TABLE IF NOT EXISTS aerolinea.Etapa (
  idEtapa INT NOT NULL,
  descripcion VARCHAR(200) NULL,
  CONSTRAINT pk_idEtapa PRIMARY KEY (idEtapa));

insert into aerolinea.Etapa (idEtapa, descripcion) values (1, 'Other foreign object in larynx causing other injury');
insert into aerolinea.Etapa (idEtapa, descripcion) values (2, 'Oth physl fx lower end of r femur, subs for fx w delay heal');
insert into aerolinea.Etapa (idEtapa, descripcion) values (3, 'Burn of internal genitourinary organs, sequela');
insert into aerolinea.Etapa (idEtapa, descripcion) values (4, 'Oth fx third thor vertebra, subs for fx w delay heal');
insert into aerolinea.Etapa (idEtapa, descripcion) values (5, 'Stable burst fx T9-T10 vertebra, subs for fx w routn heal');
insert into aerolinea.Etapa (idEtapa, descripcion) values (6, 'Underdosing of phenothiazine antipsychot/neurolept, sequela');
insert into aerolinea.Etapa (idEtapa, descripcion) values (7, '3-part fracture of surgical neck of left humerus, sequela');
insert into aerolinea.Etapa (idEtapa, descripcion) values (8, 'Open bite of r frnt wl of thorax w/o penet thor cavity, init');
insert into aerolinea.Etapa (idEtapa, descripcion) values (9, 'Pregnancy with inconclusive fetal viability, fetus 1');
insert into aerolinea.Etapa (idEtapa, descripcion) values (10, 'Partial traumatic amp of two or more right lesser toes, subs');
insert into aerolinea.Etapa (idEtapa, descripcion) values (11, 'Traum rupture of unsp ligament of r idx fngr at MCP/IP jt');
insert into aerolinea.Etapa (idEtapa, descripcion) values (12, 'Underdosing of opium, sequela');
insert into aerolinea.Etapa (idEtapa, descripcion) values (13, 'Burn of first degree of unspecified hand, unspecified site');
insert into aerolinea.Etapa (idEtapa, descripcion) values (14, 'Neuromuscular scoliosis, thoracolumbar region');
insert into aerolinea.Etapa (idEtapa, descripcion) values (15, 'Epileptic spasms, intractable, without status epilepticus');
insert into aerolinea.Etapa (idEtapa, descripcion) values (16, 'Puncture wound with foreign body of nose, initial encounter');
insert into aerolinea.Etapa (idEtapa, descripcion) values (17, 'Congenital lordosis, sacral and sacrococcygeal region');
insert into aerolinea.Etapa (idEtapa, descripcion) values (18, 'Unsp traum nondisp spondylolysis of seventh cervcal vertebra');
insert into aerolinea.Etapa (idEtapa, descripcion) values (19, 'Gastric contents in larynx causing asphyxiation, subs encntr');
insert into aerolinea.Etapa (idEtapa, descripcion) values (20, 'Other Cushing''s syndrome');
insert into aerolinea.Etapa (idEtapa, descripcion) values (21, 'Chondromalacia, right knee');
insert into aerolinea.Etapa (idEtapa, descripcion) values (22, 'Abscess of bursa, unspecified wrist');
insert into aerolinea.Etapa (idEtapa, descripcion) values (23, 'Unspecified injury of fallopian tube, unilateral, sequela');
insert into aerolinea.Etapa (idEtapa, descripcion) values (24, 'Burn of first degree of unspecified foot, subs encntr');
insert into aerolinea.Etapa (idEtapa, descripcion) values (25, 'War op w dest arcrft due to onboard fire, civilian, subs');
insert into aerolinea.Etapa (idEtapa, descripcion) values (26, 'Exposure to prolonged low air pressure');
insert into aerolinea.Etapa (idEtapa, descripcion) values (27, 'Posterior corneal pigmentations, unspecified eye');
insert into aerolinea.Etapa (idEtapa, descripcion) values (28, 'Exposure to bed fire due to oth burning material, subs');
insert into aerolinea.Etapa (idEtapa, descripcion) values (29, 'Insect bite (nonvenomous), left foot, initial encounter');
insert into aerolinea.Etapa (idEtapa, descripcion) values (30, 'Adverse effect of sulfonamides, subsequent encounter');

-- -----------------------------------------------------
-- Table aerolinea.Reglamentaciones
-- -----------------------------------------------------
CREATE TABLE IF NOT EXISTS aerolinea.Reglamentaciones (
  idReglamentaciones INT NOT NULL,
  descripcion VARCHAR(200) NULL,
  estado VARCHAR(200) NULL,
  Etapa_idEtapa INT NOT NULL,
  CONSTRAINT pk_idReglamentaciones PRIMARY KEY (idReglamentaciones),
  CONSTRAINT fk_Reglamentaciones_Etapa1
    FOREIGN KEY (Etapa_idEtapa)
    REFERENCES aerolinea.Etapa (idEtapa)
    ON DELETE NO ACTION
    ON UPDATE NO ACTION);

insert into aerolinea.Reglamentaciones (idReglamentaciones, descripcion, estado, Etapa_idEtapa) values (1, 'Sltr-haris Type I physeal fx lower end of l tibia, sequela', 's', 1);
insert into aerolinea.Reglamentaciones (idReglamentaciones, descripcion, estado, Etapa_idEtapa) values (2, 'Laceration of ovary, bilateral, subsequent encounter', 's', 2);
insert into aerolinea.Reglamentaciones (idReglamentaciones, descripcion, estado, Etapa_idEtapa) values (3, 'Partial physeal arrest, left distal radius', 'o', 3);
insert into aerolinea.Reglamentaciones (idReglamentaciones, descripcion, estado, Etapa_idEtapa) values (4, 'Malignant neoplasm of tonsil', 'c', 4);
insert into aerolinea.Reglamentaciones (idReglamentaciones, descripcion, estado, Etapa_idEtapa) values (5, 'Sprain of MCP joint of left middle finger, init', 'l', 5);
insert into aerolinea.Reglamentaciones (idReglamentaciones, descripcion, estado, Etapa_idEtapa) values (6, 'Exposure to excessive natural cold, sequela', 'o', 6);
insert into aerolinea.Reglamentaciones (idReglamentaciones, descripcion, estado, Etapa_idEtapa) values (7, 'Unspecified fracture of right acetabulum', 'q', 7);
insert into aerolinea.Reglamentaciones (idReglamentaciones, descripcion, estado, Etapa_idEtapa) values (8, 'Nondisp fx of base of nk of l femr, 7thR', 'r', 8);
insert into aerolinea.Reglamentaciones (idReglamentaciones, descripcion, estado, Etapa_idEtapa) values (9, 'Other superficial bite of hip, left hip, sequela', 'r', 9);
insert into aerolinea.Reglamentaciones (idReglamentaciones, descripcion, estado, Etapa_idEtapa) values (10, 'Blister (nonthermal) of right wrist, initial encounter', 'i', 10);
insert into aerolinea.Reglamentaciones (idReglamentaciones, descripcion, estado, Etapa_idEtapa) values (11, 'Unsp injury of musc/fasc/tend triceps, right arm, sequela', 'h', 11);
insert into aerolinea.Reglamentaciones (idReglamentaciones, descripcion, estado, Etapa_idEtapa) values (12, 'Other chondrocalcinosis, right elbow', 'v', 12);
insert into aerolinea.Reglamentaciones (idReglamentaciones, descripcion, estado, Etapa_idEtapa) values (13, 'Toxic effect of contact w sea anemone, self-harm, init', 'f', 13);
insert into aerolinea.Reglamentaciones (idReglamentaciones, descripcion, estado, Etapa_idEtapa) values (14, 'Oth comp specific to multiple gest, first trimester, oth', 'z', 14);
insert into aerolinea.Reglamentaciones (idReglamentaciones, descripcion, estado, Etapa_idEtapa) values (15, 'Other specified injuries left forearm', 'r', 15);
insert into aerolinea.Reglamentaciones (idReglamentaciones, descripcion, estado, Etapa_idEtapa) values (16, 'Ped w convey injured pick-up truck, pk-up/van, unsp, sequela', 'm', 16);
insert into aerolinea.Reglamentaciones (idReglamentaciones, descripcion, estado, Etapa_idEtapa) values (17, 'Disp fx of shaft of fifth metacarpal bone, left hand, init', 'h', 17);
insert into aerolinea.Reglamentaciones (idReglamentaciones, descripcion, estado, Etapa_idEtapa) values (18, 'Lac w/o fb of back wall of thorax w/o penet thoracic cavity', 'r', 18);
insert into aerolinea.Reglamentaciones (idReglamentaciones, descripcion, estado, Etapa_idEtapa) values (19, 'Unsp injury of superfic vn at shldr/up arm, unsp arm, subs', 'w', 19);
insert into aerolinea.Reglamentaciones (idReglamentaciones, descripcion, estado, Etapa_idEtapa) values (20, 'Poisn by antigonadtr/antiestr/antiandrg, NEC, slf-hrm, sqla', 's', 20);
insert into aerolinea.Reglamentaciones (idReglamentaciones, descripcion, estado, Etapa_idEtapa) values (21, 'Pneumococcal arthritis, unspecified shoulder', 'x', 21);
insert into aerolinea.Reglamentaciones (idReglamentaciones, descripcion, estado, Etapa_idEtapa) values (22, 'Superficial foreign body of unspecified wrist, subs encntr', 'o', 22);
insert into aerolinea.Reglamentaciones (idReglamentaciones, descripcion, estado, Etapa_idEtapa) values (23, 'Contusion of left great toe without damage to nail', 'r', 23);
insert into aerolinea.Reglamentaciones (idReglamentaciones, descripcion, estado, Etapa_idEtapa) values (24, 'Unsp fx the lower end r radius, init for opn fx type 3A/B/C', 'd', 24);
insert into aerolinea.Reglamentaciones (idReglamentaciones, descripcion, estado, Etapa_idEtapa) values (25, 'Vomiting without nausea', 'b', 25);
insert into aerolinea.Reglamentaciones (idReglamentaciones, descripcion, estado, Etapa_idEtapa) values (26, 'Maternal care for benign tumor of corpus uteri', 'h', 26);
insert into aerolinea.Reglamentaciones (idReglamentaciones, descripcion, estado, Etapa_idEtapa) values (27, 'Other instability, left elbow', 'z', 27);
insert into aerolinea.Reglamentaciones (idReglamentaciones, descripcion, estado, Etapa_idEtapa) values (28, 'Other specified osteochondropathies of forearm', 'y', 28);
insert into aerolinea.Reglamentaciones (idReglamentaciones, descripcion, estado, Etapa_idEtapa) values (29, 'Nondisp fx of shaft of fifth metacarpal bone, right hand', 'p', 29);
insert into aerolinea.Reglamentaciones (idReglamentaciones, descripcion, estado, Etapa_idEtapa) values (30, 'Displaced fracture of lateral condyle of right tibia', 'y', 30);


-- -----------------------------------------------------
-- Table aerolinea.Empleado
-- -----------------------------------------------------
CREATE TABLE IF NOT EXISTS aerolinea.Empleado (
  idEmpleado INT NOT NULL,
  fechaContratacion DATE NULL,
  Persona_idPersona INT NOT NULL,
  CONSTRAINT pk_idEmpleado PRIMARY KEY (idEmpleado),
  CONSTRAINT fk_Empleado_Persona1
    FOREIGN KEY (Persona_idPersona)
    REFERENCES aerolinea.Persona (idPersona)
    ON DELETE NO ACTION
    ON UPDATE NO ACTION);

insert into aerolinea.Empleado (idEmpleado, fechaContratacion, Persona_idPersona) values (1, '2017-09-17', 1);
insert into aerolinea.Empleado (idEmpleado, fechaContratacion, Persona_idPersona) values (2, '2019-03-04', 2);
insert into aerolinea.Empleado (idEmpleado, fechaContratacion, Persona_idPersona) values (3, '2016-01-14', 3);
insert into aerolinea.Empleado (idEmpleado, fechaContratacion, Persona_idPersona) values (4, '2015-08-23', 4);
insert into aerolinea.Empleado (idEmpleado, fechaContratacion, Persona_idPersona) values (5, '2016-11-23', 5);
insert into aerolinea.Empleado (idEmpleado, fechaContratacion, Persona_idPersona) values (6, '2017-09-19', 6);
insert into aerolinea.Empleado (idEmpleado, fechaContratacion, Persona_idPersona) values (7, '2017-01-14', 7);
insert into aerolinea.Empleado (idEmpleado, fechaContratacion, Persona_idPersona) values (8, '2017-10-09', 8);
insert into aerolinea.Empleado (idEmpleado, fechaContratacion, Persona_idPersona) values (9, '2017-09-19', 9);
insert into aerolinea.Empleado (idEmpleado, fechaContratacion, Persona_idPersona) values (10, '2015-09-25', 10);
insert into aerolinea.Empleado (idEmpleado, fechaContratacion, Persona_idPersona) values (11, '2016-04-04', 11);
insert into aerolinea.Empleado (idEmpleado, fechaContratacion, Persona_idPersona) values (12, '2015-07-14', 12);
insert into aerolinea.Empleado (idEmpleado, fechaContratacion, Persona_idPersona) values (13, '2016-08-13', 13);
insert into aerolinea.Empleado (idEmpleado, fechaContratacion, Persona_idPersona) values (14, '2016-07-11', 14);
insert into aerolinea.Empleado (idEmpleado, fechaContratacion, Persona_idPersona) values (15, '2015-08-31', 15);
insert into aerolinea.Empleado (idEmpleado, fechaContratacion, Persona_idPersona) values (16, '2016-06-12', 16);
insert into aerolinea.Empleado (idEmpleado, fechaContratacion, Persona_idPersona) values (17, '2017-10-15', 17);
insert into aerolinea.Empleado (idEmpleado, fechaContratacion, Persona_idPersona) values (18, '2018-11-29', 18);
insert into aerolinea.Empleado (idEmpleado, fechaContratacion, Persona_idPersona) values (19, '2016-01-17', 19);
insert into aerolinea.Empleado (idEmpleado, fechaContratacion, Persona_idPersona) values (20, '2017-05-13', 20);
insert into aerolinea.Empleado (idEmpleado, fechaContratacion, Persona_idPersona) values (21, '2015-05-20', 21);
insert into aerolinea.Empleado (idEmpleado, fechaContratacion, Persona_idPersona) values (22, '2017-02-10', 22);
insert into aerolinea.Empleado (idEmpleado, fechaContratacion, Persona_idPersona) values (23, '2018-01-05', 23);
insert into aerolinea.Empleado (idEmpleado, fechaContratacion, Persona_idPersona) values (24, '2018-02-17', 24);
insert into aerolinea.Empleado (idEmpleado, fechaContratacion, Persona_idPersona) values (25, '2018-10-14', 25);
insert into aerolinea.Empleado (idEmpleado, fechaContratacion, Persona_idPersona) values (26, '2015-11-04', 26);
insert into aerolinea.Empleado (idEmpleado, fechaContratacion, Persona_idPersona) values (27, '2018-02-02', 27);
insert into aerolinea.Empleado (idEmpleado, fechaContratacion, Persona_idPersona) values (28, '2017-01-17', 28);
insert into aerolinea.Empleado (idEmpleado, fechaContratacion, Persona_idPersona) values (29, '2018-06-07', 29);
insert into aerolinea.Empleado (idEmpleado, fechaContratacion, Persona_idPersona) values (30, '2017-01-24', 30);

-- -----------------------------------------------------
-- Table aerolinea.PrecioVuelo
-- -----------------------------------------------------
CREATE TABLE IF NOT EXISTS aerolinea.PrecioVuelo (
  idPrecioVuelo INT NOT NULL,
  precio decimal NULL,
  fechaInicio DATE NULL,
  fechaFin DATE NULL,
  Vuelo_idVuelo INT NOT NULL,
  CONSTRAINT pk_idPrecioVuelo PRIMARY KEY (idPrecioVuelo),
  CONSTRAINT fk_PrecioVuelo_Vuelo1
    FOREIGN KEY (Vuelo_idVuelo)
    REFERENCES aerolinea.Vuelo (idVuelo)
    ON DELETE NO ACTION
    ON UPDATE NO ACTION);

insert into aerolinea.PrecioVuelo (idPrecioVuelo, precio, fechaInicio, fechaFin, Vuelo_idVuelo) values (1, 228.2, '2016-09-25', '2016-01-23', 1);
insert into aerolinea.PrecioVuelo (idPrecioVuelo, precio, fechaInicio, fechaFin, Vuelo_idVuelo) values (2, 188.8, '2015-11-25', '2015-06-29', 2);
insert into aerolinea.PrecioVuelo (idPrecioVuelo, precio, fechaInicio, fechaFin, Vuelo_idVuelo) values (3, 184.5, '2015-07-25', '2018-05-27', 3);
insert into aerolinea.PrecioVuelo (idPrecioVuelo, precio, fechaInicio, fechaFin, Vuelo_idVuelo) values (4, 161.2, '2015-12-17', '2016-08-11', 4);
insert into aerolinea.PrecioVuelo (idPrecioVuelo, precio, fechaInicio, fechaFin, Vuelo_idVuelo) values (5, 58.5, '2017-07-11', '2016-11-18', 5);
insert into aerolinea.PrecioVuelo (idPrecioVuelo, precio, fechaInicio, fechaFin, Vuelo_idVuelo) values (6, 265.2, '2015-03-27', '2018-11-14', 6);
insert into aerolinea.PrecioVuelo (idPrecioVuelo, precio, fechaInicio, fechaFin, Vuelo_idVuelo) values (7, 200.1, '2018-08-19', '2015-04-13', 7);
insert into aerolinea.PrecioVuelo (idPrecioVuelo, precio, fechaInicio, fechaFin, Vuelo_idVuelo) values (8, 180.6, '2017-06-09', '2015-05-11', 8);
insert into aerolinea.PrecioVuelo (idPrecioVuelo, precio, fechaInicio, fechaFin, Vuelo_idVuelo) values (9, 161.4, '2018-08-30', '2016-07-02', 9);
insert into aerolinea.PrecioVuelo (idPrecioVuelo, precio, fechaInicio, fechaFin, Vuelo_idVuelo) values (10, 260.7, '2017-11-21', '2016-12-04', 10);
insert into aerolinea.PrecioVuelo (idPrecioVuelo, precio, fechaInicio, fechaFin, Vuelo_idVuelo) values (11, 54.2, '2016-02-10', '2017-12-07', 11);
insert into aerolinea.PrecioVuelo (idPrecioVuelo, precio, fechaInicio, fechaFin, Vuelo_idVuelo) values (12, 58.9, '2016-07-21', '2018-03-27', 12);
insert into aerolinea.PrecioVuelo (idPrecioVuelo, precio, fechaInicio, fechaFin, Vuelo_idVuelo) values (13, 288.6, '2015-11-02', '2015-07-03', 13);
insert into aerolinea.PrecioVuelo (idPrecioVuelo, precio, fechaInicio, fechaFin, Vuelo_idVuelo) values (14, 229.4, '2018-05-24', '2018-10-17', 14);
insert into aerolinea.PrecioVuelo (idPrecioVuelo, precio, fechaInicio, fechaFin, Vuelo_idVuelo) values (15, 297.7, '2016-12-17', '2018-10-08', 15);
insert into aerolinea.PrecioVuelo (idPrecioVuelo, precio, fechaInicio, fechaFin, Vuelo_idVuelo) values (16, 101.5, '2015-07-29', '2018-09-23', 16);
insert into aerolinea.PrecioVuelo (idPrecioVuelo, precio, fechaInicio, fechaFin, Vuelo_idVuelo) values (17, 294.9, '2016-07-20', '2018-06-27', 17);
insert into aerolinea.PrecioVuelo (idPrecioVuelo, precio, fechaInicio, fechaFin, Vuelo_idVuelo) values (18, 244.1, '2019-02-16', '2017-05-28', 18);
insert into aerolinea.PrecioVuelo (idPrecioVuelo, precio, fechaInicio, fechaFin, Vuelo_idVuelo) values (19, 74.6, '2017-04-01', '2018-07-17', 19);
insert into aerolinea.PrecioVuelo (idPrecioVuelo, precio, fechaInicio, fechaFin, Vuelo_idVuelo) values (20, 201.5, '2016-09-29', '2018-12-26', 20);
insert into aerolinea.PrecioVuelo (idPrecioVuelo, precio, fechaInicio, fechaFin, Vuelo_idVuelo) values (21, 239.7, '2019-02-26', '2018-11-14', 21);
insert into aerolinea.PrecioVuelo (idPrecioVuelo, precio, fechaInicio, fechaFin, Vuelo_idVuelo) values (22, 217.6, '2016-08-26', '2017-02-05', 22);
insert into aerolinea.PrecioVuelo (idPrecioVuelo, precio, fechaInicio, fechaFin, Vuelo_idVuelo) values (23, 120.2, '2017-11-23', '2016-06-16', 23);
insert into aerolinea.PrecioVuelo (idPrecioVuelo, precio, fechaInicio, fechaFin, Vuelo_idVuelo) values (24, 189.4, '2015-11-28', '2016-03-01', 24);
insert into aerolinea.PrecioVuelo (idPrecioVuelo, precio, fechaInicio, fechaFin, Vuelo_idVuelo) values (25, 61.9, '2018-11-15', '2017-09-12', 25);
insert into aerolinea.PrecioVuelo (idPrecioVuelo, precio, fechaInicio, fechaFin, Vuelo_idVuelo) values (26, 185.6, '2017-03-24', '2018-03-21', 26);
insert into aerolinea.PrecioVuelo (idPrecioVuelo, precio, fechaInicio, fechaFin, Vuelo_idVuelo) values (27, 107.4, '2017-02-25', '2017-11-27', 27);
insert into aerolinea.PrecioVuelo (idPrecioVuelo, precio, fechaInicio, fechaFin, Vuelo_idVuelo) values (28, 120.1, '2017-10-30', '2018-04-29', 28);
insert into aerolinea.PrecioVuelo (idPrecioVuelo, precio, fechaInicio, fechaFin, Vuelo_idVuelo) values (29, 261.9, '2019-01-28', '2016-07-23', 29);
insert into aerolinea.PrecioVuelo (idPrecioVuelo, precio, fechaInicio, fechaFin, Vuelo_idVuelo) values (30, 126.8, '2017-06-25', '2015-06-02', 30);

-- -----------------------------------------------------
-- Table aerolinea.Escala
-- -----------------------------------------------------
CREATE TABLE IF NOT EXISTS aerolinea.Escala (
  idEscala INT NOT NULL,
  fechaHoraSalida timestamp NULL,
  fechaHoraLlegada timestamp NULL,
  Vuelo_idVuelo INT NOT NULL,
  idPuertaOrigen INT NOT NULL,
  idPuertaDestino INT NOT NULL,
  CONSTRAINT pk_idEscala PRIMARY KEY (idEscala),
  CONSTRAINT fk_Escala_Vuelo1
    FOREIGN KEY (Vuelo_idVuelo)
    REFERENCES aerolinea.Vuelo (idVuelo)
    ON DELETE NO ACTION
    ON UPDATE NO ACTION,
  CONSTRAINT fk_Escala_Puerta1
    FOREIGN KEY (idPuertaOrigen)
    REFERENCES aerolinea.Puerta (idPuerta)
    ON DELETE NO ACTION
    ON UPDATE NO ACTION,
  CONSTRAINT fk_Escala_Puerta2
    FOREIGN KEY (idPuertaDestino)
    REFERENCES aerolinea.Puerta (idPuerta)
    ON DELETE NO ACTION
    ON UPDATE NO ACTION);

insert into aerolinea.Escala (idEscala, fechaHoraSalida, fechaHoraLlegada, Vuelo_idVuelo, idPuertaOrigen, idPuertaDestino) values (1, '2018-04-23', '2015-06-18', 1, 1, 1);
insert into aerolinea.Escala (idEscala, fechaHoraSalida, fechaHoraLlegada, Vuelo_idVuelo, idPuertaOrigen, idPuertaDestino) values (2, '2017-08-20', '2018-11-19', 2, 2, 2);
insert into aerolinea.Escala (idEscala, fechaHoraSalida, fechaHoraLlegada, Vuelo_idVuelo, idPuertaOrigen, idPuertaDestino) values (3, '2015-10-27', '2019-01-14', 3, 3, 3);
insert into aerolinea.Escala (idEscala, fechaHoraSalida, fechaHoraLlegada, Vuelo_idVuelo, idPuertaOrigen, idPuertaDestino) values (4, '2017-05-02', '2017-10-09', 4, 4, 4);
insert into aerolinea.Escala (idEscala, fechaHoraSalida, fechaHoraLlegada, Vuelo_idVuelo, idPuertaOrigen, idPuertaDestino) values (5, '2016-09-21', '2017-11-04', 5, 5, 5);
insert into aerolinea.Escala (idEscala, fechaHoraSalida, fechaHoraLlegada, Vuelo_idVuelo, idPuertaOrigen, idPuertaDestino) values (6, '2016-07-14', '2015-07-27', 6, 6, 6);
insert into aerolinea.Escala (idEscala, fechaHoraSalida, fechaHoraLlegada, Vuelo_idVuelo, idPuertaOrigen, idPuertaDestino) values (7, '2017-02-02', '2016-01-17', 7, 7, 7);
insert into aerolinea.Escala (idEscala, fechaHoraSalida, fechaHoraLlegada, Vuelo_idVuelo, idPuertaOrigen, idPuertaDestino) values (8, '2018-12-24', '2017-11-04', 8, 8, 8);
insert into aerolinea.Escala (idEscala, fechaHoraSalida, fechaHoraLlegada, Vuelo_idVuelo, idPuertaOrigen, idPuertaDestino) values (9, '2016-02-26', '2018-12-06', 9, 9, 9);
insert into aerolinea.Escala (idEscala, fechaHoraSalida, fechaHoraLlegada, Vuelo_idVuelo, idPuertaOrigen, idPuertaDestino) values (10, '2017-08-11', '2018-09-15', 10, 10, 10);
insert into aerolinea.Escala (idEscala, fechaHoraSalida, fechaHoraLlegada, Vuelo_idVuelo, idPuertaOrigen, idPuertaDestino) values (11, '2017-06-18', '2018-05-22', 11, 11, 11);
insert into aerolinea.Escala (idEscala, fechaHoraSalida, fechaHoraLlegada, Vuelo_idVuelo, idPuertaOrigen, idPuertaDestino) values (12, '2016-06-19', '2018-07-13', 12, 12, 12);
insert into aerolinea.Escala (idEscala, fechaHoraSalida, fechaHoraLlegada, Vuelo_idVuelo, idPuertaOrigen, idPuertaDestino) values (13, '2016-11-27', '2016-04-18', 13, 13, 13);
insert into aerolinea.Escala (idEscala, fechaHoraSalida, fechaHoraLlegada, Vuelo_idVuelo, idPuertaOrigen, idPuertaDestino) values (14, '2016-03-21', '2015-12-17', 14, 14, 14);
insert into aerolinea.Escala (idEscala, fechaHoraSalida, fechaHoraLlegada, Vuelo_idVuelo, idPuertaOrigen, idPuertaDestino) values (15, '2016-03-15', '2018-12-25', 15, 15, 15);
insert into aerolinea.Escala (idEscala, fechaHoraSalida, fechaHoraLlegada, Vuelo_idVuelo, idPuertaOrigen, idPuertaDestino) values (16, '2015-05-30', '2018-06-20', 16, 16, 16);
insert into aerolinea.Escala (idEscala, fechaHoraSalida, fechaHoraLlegada, Vuelo_idVuelo, idPuertaOrigen, idPuertaDestino) values (17, '2018-08-16', '2016-06-09', 17, 17, 17);
insert into aerolinea.Escala (idEscala, fechaHoraSalida, fechaHoraLlegada, Vuelo_idVuelo, idPuertaOrigen, idPuertaDestino) values (18, '2017-10-01', '2016-08-18', 18, 18, 18);
insert into aerolinea.Escala (idEscala, fechaHoraSalida, fechaHoraLlegada, Vuelo_idVuelo, idPuertaOrigen, idPuertaDestino) values (19, '2017-02-25', '2017-05-08', 19, 19, 19);
insert into aerolinea.Escala (idEscala, fechaHoraSalida, fechaHoraLlegada, Vuelo_idVuelo, idPuertaOrigen, idPuertaDestino) values (20, '2015-11-19', '2018-04-07', 20, 20, 20);
insert into aerolinea.Escala (idEscala, fechaHoraSalida, fechaHoraLlegada, Vuelo_idVuelo, idPuertaOrigen, idPuertaDestino) values (21, '2016-01-13', '2018-07-05', 21, 21, 21);
insert into aerolinea.Escala (idEscala, fechaHoraSalida, fechaHoraLlegada, Vuelo_idVuelo, idPuertaOrigen, idPuertaDestino) values (22, '2016-07-14', '2015-03-25', 22, 22, 22);
insert into aerolinea.Escala (idEscala, fechaHoraSalida, fechaHoraLlegada, Vuelo_idVuelo, idPuertaOrigen, idPuertaDestino) values (23, '2017-05-29', '2018-03-26', 23, 23, 23);
insert into aerolinea.Escala (idEscala, fechaHoraSalida, fechaHoraLlegada, Vuelo_idVuelo, idPuertaOrigen, idPuertaDestino) values (24, '2018-10-22', '2017-07-21', 24, 24, 24);
insert into aerolinea.Escala (idEscala, fechaHoraSalida, fechaHoraLlegada, Vuelo_idVuelo, idPuertaOrigen, idPuertaDestino) values (25, '2018-07-01', '2018-10-23', 25, 25, 25);
insert into aerolinea.Escala (idEscala, fechaHoraSalida, fechaHoraLlegada, Vuelo_idVuelo, idPuertaOrigen, idPuertaDestino) values (26, '2017-09-18', '2015-12-17', 26, 26, 26);
insert into aerolinea.Escala (idEscala, fechaHoraSalida, fechaHoraLlegada, Vuelo_idVuelo, idPuertaOrigen, idPuertaDestino) values (27, '2018-01-10', '2018-10-16', 27, 27, 27);
insert into aerolinea.Escala (idEscala, fechaHoraSalida, fechaHoraLlegada, Vuelo_idVuelo, idPuertaOrigen, idPuertaDestino) values (28, '2017-11-20', '2015-10-25', 28, 28, 28);
insert into aerolinea.Escala (idEscala, fechaHoraSalida, fechaHoraLlegada, Vuelo_idVuelo, idPuertaOrigen, idPuertaDestino) values (29, '2017-03-23', '2016-03-03', 29, 29, 29);
insert into aerolinea.Escala (idEscala, fechaHoraSalida, fechaHoraLlegada, Vuelo_idVuelo, idPuertaOrigen, idPuertaDestino) values (30, '2016-09-21', '2015-09-08', 30, 30, 30);

-- -----------------------------------------------------
-- Table aerolinea.TipoLicencia
-- -----------------------------------------------------
CREATE TABLE IF NOT EXISTS aerolinea.TipoLicencia (
  idTipoLicencia INT NOT NULL,
  descripcion VARCHAR(200) NULL,
  CONSTRAINT pk_idTipoLicencia PRIMARY KEY (idTipoLicencia));

insert into aerolinea.TipoLicencia (idTipoLicencia, descripcion) values (1, 'QALoad');
insert into aerolinea.TipoLicencia (idTipoLicencia, descripcion) values (2, 'SLC500');
insert into aerolinea.TipoLicencia (idTipoLicencia, descripcion) values (3, 'QAD');
insert into aerolinea.TipoLicencia (idTipoLicencia, descripcion) values (4, 'Aerodynamics');
insert into aerolinea.TipoLicencia (idTipoLicencia, descripcion) values (5, 'Comic Book Illustration');
insert into aerolinea.TipoLicencia (idTipoLicencia, descripcion) values (6, 'Pressure Vessels');
insert into aerolinea.TipoLicencia (idTipoLicencia, descripcion) values (7, 'Retail Banking');
insert into aerolinea.TipoLicencia (idTipoLicencia, descripcion) values (8, 'Pay TV');
insert into aerolinea.TipoLicencia (idTipoLicencia, descripcion) values (9, 'SBRT');
insert into aerolinea.TipoLicencia (idTipoLicencia, descripcion) values (10, 'Psychiatry');
insert into aerolinea.TipoLicencia (idTipoLicencia, descripcion) values (11, 'Asset Allocation');
insert into aerolinea.TipoLicencia (idTipoLicencia, descripcion) values (12, 'Xajax');
insert into aerolinea.TipoLicencia (idTipoLicencia, descripcion) values (13, 'FMS');
insert into aerolinea.TipoLicencia (idTipoLicencia, descripcion) values (14, 'VCM');
insert into aerolinea.TipoLicencia (idTipoLicencia, descripcion) values (15, 'Biochemistry');
insert into aerolinea.TipoLicencia (idTipoLicencia, descripcion) values (16, 'RSVP');
insert into aerolinea.TipoLicencia (idTipoLicencia, descripcion) values (17, 'Legal Liability');
insert into aerolinea.TipoLicencia (idTipoLicencia, descripcion) values (18, 'MCH');
insert into aerolinea.TipoLicencia (idTipoLicencia, descripcion) values (19, 'PQQs');
insert into aerolinea.TipoLicencia (idTipoLicencia, descripcion) values (20, 'Job Evaluation');
insert into aerolinea.TipoLicencia (idTipoLicencia, descripcion) values (21, 'HPHT');
insert into aerolinea.TipoLicencia (idTipoLicencia, descripcion) values (22, 'EU Funding');
insert into aerolinea.TipoLicencia (idTipoLicencia, descripcion) values (23, 'vShield');
insert into aerolinea.TipoLicencia (idTipoLicencia, descripcion) values (24, 'VMware');
insert into aerolinea.TipoLicencia (idTipoLicencia, descripcion) values (25, 'TBS');
insert into aerolinea.TipoLicencia (idTipoLicencia, descripcion) values (26, 'MySQLi');
insert into aerolinea.TipoLicencia (idTipoLicencia, descripcion) values (27, 'Tally ERP');
insert into aerolinea.TipoLicencia (idTipoLicencia, descripcion) values (28, 'SNF');
insert into aerolinea.TipoLicencia (idTipoLicencia, descripcion) values (29, 'Glass');
insert into aerolinea.TipoLicencia (idTipoLicencia, descripcion) values (30, 'CTC');

-- -----------------------------------------------------
-- Table aerolinea.TipoAsiento
-- -----------------------------------------------------
CREATE TABLE IF NOT EXISTS aerolinea.TipoAsiento (
  idTipoAsiento INT NOT NULL,
  descripcion VARCHAR(200) NULL,
  Asiento_idAsiento INT NOT NULL,
  CONSTRAINT pk_idTipoAsiento PRIMARY KEY (idTipoAsiento),
  CONSTRAINT fk_tipoAsiento_Asiento1
    FOREIGN KEY (Asiento_idAsiento)
    REFERENCES aerolinea.Asiento (idAsiento)
    ON DELETE NO ACTION
    ON UPDATE NO ACTION);

insert into aerolinea.TipoAsiento (idTipoAsiento, descripcion, Asiento_idAsiento) values (1, 'Helminth arthrit NEC', 1);
insert into aerolinea.TipoAsiento (idTipoAsiento, descripcion, Asiento_idAsiento) values (2, 'Sympathetic uveitis', 2);
insert into aerolinea.TipoAsiento (idTipoAsiento, descripcion, Asiento_idAsiento) values (3, 'Fam hx-congen anomalies', 3);
insert into aerolinea.TipoAsiento (idTipoAsiento, descripcion, Asiento_idAsiento) values (4, 'Aftrcre int fixation dev', 4);
insert into aerolinea.TipoAsiento (idTipoAsiento, descripcion, Asiento_idAsiento) values (5, 'Mv-train coll-driver', 5);
insert into aerolinea.TipoAsiento (idTipoAsiento, descripcion, Asiento_idAsiento) values (6, 'Refsum''s disease', 6);
insert into aerolinea.TipoAsiento (idTipoAsiento, descripcion, Asiento_idAsiento) values (7, 'Solitary cyst of breast', 7);
insert into aerolinea.TipoAsiento (idTipoAsiento, descripcion, Asiento_idAsiento) values (8, 'Syphilitic hepatitis', 8);
insert into aerolinea.TipoAsiento (idTipoAsiento, descripcion, Asiento_idAsiento) values (9, 'Brain lac NEC-proln coma', 9);
insert into aerolinea.TipoAsiento (idTipoAsiento, descripcion, Asiento_idAsiento) values (10, 'Acq stenos ear canal NOS', 10);
insert into aerolinea.TipoAsiento (idTipoAsiento, descripcion, Asiento_idAsiento) values (11, 'Peritoneum injury-closed', 11);
insert into aerolinea.TipoAsiento (idTipoAsiento, descripcion, Asiento_idAsiento) values (12, 'Ac apical periodontitis', 12);
insert into aerolinea.TipoAsiento (idTipoAsiento, descripcion, Asiento_idAsiento) values (13, 'TB of adrenal-no exam', 13);
insert into aerolinea.TipoAsiento (idTipoAsiento, descripcion, Asiento_idAsiento) values (14, 'Obstetric shock-deliver', 14);
insert into aerolinea.TipoAsiento (idTipoAsiento, descripcion, Asiento_idAsiento) values (15, 'Abn clinical finding NEC', 15);
insert into aerolinea.TipoAsiento (idTipoAsiento, descripcion, Asiento_idAsiento) values (16, 'Late sympt syphilis NEC', 16);
insert into aerolinea.TipoAsiento (idTipoAsiento, descripcion, Asiento_idAsiento) values (17, 'Jt contracture-unspec', 17);
insert into aerolinea.TipoAsiento (idTipoAsiento, descripcion, Asiento_idAsiento) values (18, 'Disloc midtarsal-open', 18);
insert into aerolinea.TipoAsiento (idTipoAsiento, descripcion, Asiento_idAsiento) values (19, 'Iris/ciliary dis NOS', 19);
insert into aerolinea.TipoAsiento (idTipoAsiento, descripcion, Asiento_idAsiento) values (20, 'Periph station pterygium', 20);
insert into aerolinea.TipoAsiento (idTipoAsiento, descripcion, Asiento_idAsiento) values (21, 'Poisoning-bcg vaccine', 21);
insert into aerolinea.TipoAsiento (idTipoAsiento, descripcion, Asiento_idAsiento) values (22, 'Family hx-gi malignancy', 22);
insert into aerolinea.TipoAsiento (idTipoAsiento, descripcion, Asiento_idAsiento) values (23, 'RR col w oth obj-per NOS', 23);
insert into aerolinea.TipoAsiento (idTipoAsiento, descripcion, Asiento_idAsiento) values (24, 'Basl cell ca skn low lmb', 24);
insert into aerolinea.TipoAsiento (idTipoAsiento, descripcion, Asiento_idAsiento) values (25, 'Fum/vapor up resp inflam', 25);
insert into aerolinea.TipoAsiento (idTipoAsiento, descripcion, Asiento_idAsiento) values (26, 'Adv eff antimycobac NEC', 26);
insert into aerolinea.TipoAsiento (idTipoAsiento, descripcion, Asiento_idAsiento) values (27, 'Acc poison-acids', 27);
insert into aerolinea.TipoAsiento (idTipoAsiento, descripcion, Asiento_idAsiento) values (28, 'Autonomic nerve dis NEC', 28);
insert into aerolinea.TipoAsiento (idTipoAsiento, descripcion, Asiento_idAsiento) values (29, 'Faucial diphtheria', 29);
insert into aerolinea.TipoAsiento (idTipoAsiento, descripcion, Asiento_idAsiento) values (30, 'Lordosis in oth dis', 30);

-- -----------------------------------------------------
-- Table aerolinea.TipoHallazgo
-- -----------------------------------------------------
CREATE TABLE IF NOT EXISTS aerolinea.TipoHallazgo (
  idTipoHallazgo INT NOT NULL,
  descripcion VARCHAR(200) NULL,
  estado VARCHAR(200) NULL,
  CONSTRAINT pk_idTipoHallazgo PRIMARY KEY (idTipoHallazgo));

insert into aerolinea.TipoHallazgo (idTipoHallazgo, descripcion, estado) values (1, 'Swelling in head & neck', 'y');
insert into aerolinea.TipoHallazgo (idTipoHallazgo, descripcion, estado) values (2, 'Disloca midcarpal-closed', 'b');
insert into aerolinea.TipoHallazgo (idTipoHallazgo, descripcion, estado) values (3, 'Pathol dislocat-shlder', 'y');
insert into aerolinea.TipoHallazgo (idTipoHallazgo, descripcion, estado) values (4, 'Nasal bone fx-closed', 'f');
insert into aerolinea.TipoHallazgo (idTipoHallazgo, descripcion, estado) values (5, 'Allrgic gastro & colitis', 'h');
insert into aerolinea.TipoHallazgo (idTipoHallazgo, descripcion, estado) values (6, 'Open wnd nasal cav-compl', 'w');
insert into aerolinea.TipoHallazgo (idTipoHallazgo, descripcion, estado) values (7, 'Ben neo lacrimal duct', 'w');
insert into aerolinea.TipoHallazgo (idTipoHallazgo, descripcion, estado) values (8, 'Outlet contract-antepart', 'l');
insert into aerolinea.TipoHallazgo (idTipoHallazgo, descripcion, estado) values (9, 'Retrobulbar neuritis', 'f');
insert into aerolinea.TipoHallazgo (idTipoHallazgo, descripcion, estado) values (10, '3rd deg brn w loss-scalp', 't');
insert into aerolinea.TipoHallazgo (idTipoHallazgo, descripcion, estado) values (11, 'AMI anterolateral,unspec', 'd');
insert into aerolinea.TipoHallazgo (idTipoHallazgo, descripcion, estado) values (12, 'War inj-unconven war NEC', 'c');
insert into aerolinea.TipoHallazgo (idTipoHallazgo, descripcion, estado) values (13, 'Illeg ab w hemorr-comp', 'j');
insert into aerolinea.TipoHallazgo (idTipoHallazgo, descripcion, estado) values (14, 'Sprain sacrospinatus', 'z');
insert into aerolinea.TipoHallazgo (idTipoHallazgo, descripcion, estado) values (15, 'Fx c1 vertebra-closed', 'y');
insert into aerolinea.TipoHallazgo (idTipoHallazgo, descripcion, estado) values (16, 'Portal hypertension', 'h');
insert into aerolinea.TipoHallazgo (idTipoHallazgo, descripcion, estado) values (17, 'Edema pharynx/nasopharyx', 's');
insert into aerolinea.TipoHallazgo (idTipoHallazgo, descripcion, estado) values (18, 'Disproportion NEC-deliv', 'g');
insert into aerolinea.TipoHallazgo (idTipoHallazgo, descripcion, estado) values (19, 'Lung - kaposi''s sarcoma', 'z');
insert into aerolinea.TipoHallazgo (idTipoHallazgo, descripcion, estado) values (20, 'Uterine size des-antepar', 'q');
insert into aerolinea.TipoHallazgo (idTipoHallazgo, descripcion, estado) values (21, 'Subarach hem-concussion', 'd');
insert into aerolinea.TipoHallazgo (idTipoHallazgo, descripcion, estado) values (22, 'Dislocat knee NOS-open', 'a');
insert into aerolinea.TipoHallazgo (idTipoHallazgo, descripcion, estado) values (23, 'Fx foot bone NEC-open', 'i');
insert into aerolinea.TipoHallazgo (idTipoHallazgo, descripcion, estado) values (24, 'Hepatitis A w/o coma', 'h');
insert into aerolinea.TipoHallazgo (idTipoHallazgo, descripcion, estado) values (25, 'Malig carcinoid jejunum', 'x');
insert into aerolinea.TipoHallazgo (idTipoHallazgo, descripcion, estado) values (26, 'Metatarsus primus varus', 's');
insert into aerolinea.TipoHallazgo (idTipoHallazgo, descripcion, estado) values (27, 'Vertical displace-teeth', 'p');
insert into aerolinea.TipoHallazgo (idTipoHallazgo, descripcion, estado) values (28, 'Thyroid dysfun preg-unsp', 'o');
insert into aerolinea.TipoHallazgo (idTipoHallazgo, descripcion, estado) values (29, 'Cocaine depend-episodic', 'h');
insert into aerolinea.TipoHallazgo (idTipoHallazgo, descripcion, estado) values (30, 'Isol trach tb-exam unkn', 'm');

-- -----------------------------------------------------
-- Table aerolinea.TipoMantenimiento
-- -----------------------------------------------------
CREATE TABLE IF NOT EXISTS aerolinea.TipoMantenimiento (
  idTipoMantenimiento INT NOT NULL,
  descripcion VARCHAR(200) NULL,
  CONSTRAINT pk_idTipoMantenimiento PRIMARY KEY (idTipoMantenimiento));

insert into aerolinea.TipoMantenimiento (idTipoMantenimiento, descripcion) values (1, 'Unstable lie-delivered');
insert into aerolinea.TipoMantenimiento (idTipoMantenimiento, descripcion) values (2, 'Dust pneumonopathy NEC');
insert into aerolinea.TipoMantenimiento (idTipoMantenimiento, descripcion) values (3, 'Prem rupt memb-antepart');
insert into aerolinea.TipoMantenimiento (idTipoMantenimiento, descripcion) values (4, 'Depend-supplement oxygen');
insert into aerolinea.TipoMantenimiento (idTipoMantenimiento, descripcion) values (5, 'Ant disloc prox tibia-cl');
insert into aerolinea.TipoMantenimiento (idTipoMantenimiento, descripcion) values (6, 'Dislocat sternum-closed');
insert into aerolinea.TipoMantenimiento (idTipoMantenimiento, descripcion) values (7, 'Candidal vulvovaginitis');
insert into aerolinea.TipoMantenimiento (idTipoMantenimiento, descripcion) values (8, 'Cong cornea opac aff vis');
insert into aerolinea.TipoMantenimiento (idTipoMantenimiento, descripcion) values (9, 'Miliary TB NOS-oth test');
insert into aerolinea.TipoMantenimiento (idTipoMantenimiento, descripcion) values (10, 'Open wnd mouth NOS-compl');
insert into aerolinea.TipoMantenimiento (idTipoMantenimiento, descripcion) values (11, 'Hdgk prg unsp xtrndl org');
insert into aerolinea.TipoMantenimiento (idTipoMantenimiento, descripcion) values (12, 'Androgen insensitvty syn');
insert into aerolinea.TipoMantenimiento (idTipoMantenimiento, descripcion) values (13, 'Myelitis follwg immune');
insert into aerolinea.TipoMantenimiento (idTipoMantenimiento, descripcion) values (14, 'Cord compl NEC-antepart');
insert into aerolinea.TipoMantenimiento (idTipoMantenimiento, descripcion) values (15, '60-69% bdy brn/20-29% 3d');
insert into aerolinea.TipoMantenimiento (idTipoMantenimiento, descripcion) values (16, 'Forearm deformity NOS');
insert into aerolinea.TipoMantenimiento (idTipoMantenimiento, descripcion) values (17, 'Other apnea of newborn');
insert into aerolinea.TipoMantenimiento (idTipoMantenimiento, descripcion) values (18, 'Unstable lie-unspecified');
insert into aerolinea.TipoMantenimiento (idTipoMantenimiento, descripcion) values (19, 'Injury-moving object');
insert into aerolinea.TipoMantenimiento (idTipoMantenimiento, descripcion) values (20, 'Lymphoid mal NEC thorax');
insert into aerolinea.TipoMantenimiento (idTipoMantenimiento, descripcion) values (21, 'Cervical (HPV) DNA pos');
insert into aerolinea.TipoMantenimiento (idTipoMantenimiento, descripcion) values (22, 'Int inf e coli entrhmrg');
insert into aerolinea.TipoMantenimiento (idTipoMantenimiento, descripcion) values (23, 'Part edentulsm,class III');
insert into aerolinea.TipoMantenimiento (idTipoMantenimiento, descripcion) values (24, 'Sprain metacarpophalang');
insert into aerolinea.TipoMantenimiento (idTipoMantenimiento, descripcion) values (25, 'Old magnet fb, post wall');
insert into aerolinea.TipoMantenimiento (idTipoMantenimiento, descripcion) values (26, 'Status amput thumb');
insert into aerolinea.TipoMantenimiento (idTipoMantenimiento, descripcion) values (27, 'Hodgkins sarcoma pelvic');
insert into aerolinea.TipoMantenimiento (idTipoMantenimiento, descripcion) values (28, 'Lacriml punctum stenosis');
insert into aerolinea.TipoMantenimiento (idTipoMantenimiento, descripcion) values (29, 'Inj nerve pelv/leg NOS');
insert into aerolinea.TipoMantenimiento (idTipoMantenimiento, descripcion) values (30, 'Family hx-arthritis');

-- -----------------------------------------------------
-- Table aerolinea.Mantenimiento
-- -----------------------------------------------------
CREATE TABLE IF NOT EXISTS aerolinea.Mantenimiento (
  idMantenimiento INT NOT NULL,
  fechaMantenimiento DATE NULL,
  descripcionReparaciones VARCHAR(200) NULL,
  Avion_idAvion INT NOT NULL,
  Empleado_idEmpleado INT NOT NULL,
  TipoHallazgo_idTipoHallazgo INT NOT NULL,
  TipoMantenimiento_idTipoMantenimiento INT NOT NULL,
  CONSTRAINT pk_idMantenimiento PRIMARY KEY (idMantenimiento),
  CONSTRAINT fk_Mantenimiento_Avion1
    FOREIGN KEY (Avion_idAvion)
    REFERENCES aerolinea.Avion (idAvion)
    ON DELETE NO ACTION
    ON UPDATE NO ACTION,
  CONSTRAINT fk_Mantenimiento_Empleado1
    FOREIGN KEY (Empleado_idEmpleado)
    REFERENCES aerolinea.Empleado (idEmpleado)
    ON DELETE NO ACTION
    ON UPDATE NO ACTION,
  CONSTRAINT fk_Mantenimiento_TipoHallazgo1
    FOREIGN KEY (TipoHallazgo_idTipoHallazgo)
    REFERENCES aerolinea.TipoHallazgo (idTipoHallazgo)
    ON DELETE NO ACTION
    ON UPDATE NO ACTION,
  CONSTRAINT fk_Mantenimiento_TipoMantenimiento1
    FOREIGN KEY (TipoMantenimiento_idTipoMantenimiento)
    REFERENCES aerolinea.TipoMantenimiento (idTipoMantenimiento)
    ON DELETE NO ACTION
    ON UPDATE NO ACTION);

insert into aerolinea.Mantenimiento (idMantenimiento, fechaMantenimiento, descripcionReparaciones, Avion_idAvion, Empleado_idEmpleado, TipoHallazgo_idTipoHallazgo, TipoMantenimiento_idTipoMantenimiento) values (1, '2015-05-31', 'Benign neoplasm vagina', 1, 1, 1, 1);
insert into aerolinea.Mantenimiento (idMantenimiento, fechaMantenimiento, descripcionReparaciones, Avion_idAvion, Empleado_idEmpleado, TipoHallazgo_idTipoHallazgo, TipoMantenimiento_idTipoMantenimiento) values (2, '2018-01-30', 'Tox eff hydrocyan acd gs', 2, 2, 2, 2);
insert into aerolinea.Mantenimiento (idMantenimiento, fechaMantenimiento, descripcionReparaciones, Avion_idAvion, Empleado_idEmpleado, TipoHallazgo_idTipoHallazgo, TipoMantenimiento_idTipoMantenimiento) values (3, '2015-08-19', 'Hx of thyroid malignancy', 3, 3, 3, 3);
insert into aerolinea.Mantenimiento (idMantenimiento, fechaMantenimiento, descripcionReparaciones, Avion_idAvion, Empleado_idEmpleado, TipoHallazgo_idTipoHallazgo, TipoMantenimiento_idTipoMantenimiento) values (4, '2018-04-10', 'Sprain ulnar collat lig', 4, 4, 4, 4);
insert into aerolinea.Mantenimiento (idMantenimiento, fechaMantenimiento, descripcionReparaciones, Avion_idAvion, Empleado_idEmpleado, TipoHallazgo_idTipoHallazgo, TipoMantenimiento_idTipoMantenimiento) values (5, '2017-12-11', 'Ankylosis-shoulder', 5, 5, 5, 5);
insert into aerolinea.Mantenimiento (idMantenimiento, fechaMantenimiento, descripcionReparaciones, Avion_idAvion, Empleado_idEmpleado, TipoHallazgo_idTipoHallazgo, TipoMantenimiento_idTipoMantenimiento) values (6, '2016-04-02', 'Abd preg w/o intrau preg', 6, 6, 6, 6);
insert into aerolinea.Mantenimiento (idMantenimiento, fechaMantenimiento, descripcionReparaciones, Avion_idAvion, Empleado_idEmpleado, TipoHallazgo_idTipoHallazgo, TipoMantenimiento_idTipoMantenimiento) values (7, '2019-02-03', 'Malig neuroendo ca NOS', 7, 7, 7, 7);
insert into aerolinea.Mantenimiento (idMantenimiento, fechaMantenimiento, descripcionReparaciones, Avion_idAvion, Empleado_idEmpleado, TipoHallazgo_idTipoHallazgo, TipoMantenimiento_idTipoMantenimiento) values (8, '2017-03-08', 'Smell & taste disturb', 8, 8, 8, 8);
insert into aerolinea.Mantenimiento (idMantenimiento, fechaMantenimiento, descripcionReparaciones, Avion_idAvion, Empleado_idEmpleado, TipoHallazgo_idTipoHallazgo, TipoMantenimiento_idTipoMantenimiento) values (9, '2018-12-29', 'Urinostomy status NEC', 9, 9, 9, 9);
insert into aerolinea.Mantenimiento (idMantenimiento, fechaMantenimiento, descripcionReparaciones, Avion_idAvion, Empleado_idEmpleado, TipoHallazgo_idTipoHallazgo, TipoMantenimiento_idTipoMantenimiento) values (10, '2017-02-11', 'Fracture four ribs-close', 10, 10, 10, 10);
insert into aerolinea.Mantenimiento (idMantenimiento, fechaMantenimiento, descripcionReparaciones, Avion_idAvion, Empleado_idEmpleado, TipoHallazgo_idTipoHallazgo, TipoMantenimiento_idTipoMantenimiento) values (11, '2017-04-11', 'Pois-phenothiazine tranq', 11, 11, 11, 11);
insert into aerolinea.Mantenimiento (idMantenimiento, fechaMantenimiento, descripcionReparaciones, Avion_idAvion, Empleado_idEmpleado, TipoHallazgo_idTipoHallazgo, TipoMantenimiento_idTipoMantenimiento) values (12, '2017-06-05', 'Mod nonprolf db retinoph', 12, 12, 12, 12);
insert into aerolinea.Mantenimiento (idMantenimiento, fechaMantenimiento, descripcionReparaciones, Avion_idAvion, Empleado_idEmpleado, TipoHallazgo_idTipoHallazgo, TipoMantenimiento_idTipoMantenimiento) values (13, '2018-03-10', 'Tk off/land-ground crew', 13, 13, 13, 13);
insert into aerolinea.Mantenimiento (idMantenimiento, fechaMantenimiento, descripcionReparaciones, Avion_idAvion, Empleado_idEmpleado, TipoHallazgo_idTipoHallazgo, TipoMantenimiento_idTipoMantenimiento) values (14, '2017-04-21', 'Cl skl vlt fx-proln coma', 14, 14, 14, 14);
insert into aerolinea.Mantenimiento (idMantenimiento, fechaMantenimiento, descripcionReparaciones, Avion_idAvion, Empleado_idEmpleado, TipoHallazgo_idTipoHallazgo, TipoMantenimiento_idTipoMantenimiento) values (15, '2019-01-31', 'Chr stom ulc w perf-obst', 15, 15, 15, 15);
insert into aerolinea.Mantenimiento (idMantenimiento, fechaMantenimiento, descripcionReparaciones, Avion_idAvion, Empleado_idEmpleado, TipoHallazgo_idTipoHallazgo, TipoMantenimiento_idTipoMantenimiento) values (16, '2018-03-28', 'Disaccharidase def/malab', 16, 16, 16, 16);
insert into aerolinea.Mantenimiento (idMantenimiento, fechaMantenimiento, descripcionReparaciones, Avion_idAvion, Empleado_idEmpleado, TipoHallazgo_idTipoHallazgo, TipoMantenimiento_idTipoMantenimiento) values (17, '2017-06-14', 'Battering by grandparent', 17, 17, 17, 17);
insert into aerolinea.Mantenimiento (idMantenimiento, fechaMantenimiento, descripcionReparaciones, Avion_idAvion, Empleado_idEmpleado, TipoHallazgo_idTipoHallazgo, TipoMantenimiento_idTipoMantenimiento) values (18, '2017-08-08', 'Sprain medial collat lig', 18, 18, 18, 18);
insert into aerolinea.Mantenimiento (idMantenimiento, fechaMantenimiento, descripcionReparaciones, Avion_idAvion, Empleado_idEmpleado, TipoHallazgo_idTipoHallazgo, TipoMantenimiento_idTipoMantenimiento) values (19, '2019-01-01', 'Thromb NEC-deliv w p/p', 19, 19, 19, 19);
insert into aerolinea.Mantenimiento (idMantenimiento, fechaMantenimiento, descripcionReparaciones, Avion_idAvion, Empleado_idEmpleado, TipoHallazgo_idTipoHallazgo, TipoMantenimiento_idTipoMantenimiento) values (20, '2016-11-04', 'Lactation dis NOS-deliv', 20, 20, 20, 20);
insert into aerolinea.Mantenimiento (idMantenimiento, fechaMantenimiento, descripcionReparaciones, Avion_idAvion, Empleado_idEmpleado, TipoHallazgo_idTipoHallazgo, TipoMantenimiento_idTipoMantenimiento) values (21, '2017-02-07', 'Suppurativ labyrinthitis', 21, 21, 21, 21);
insert into aerolinea.Mantenimiento (idMantenimiento, fechaMantenimiento, descripcionReparaciones, Avion_idAvion, Empleado_idEmpleado, TipoHallazgo_idTipoHallazgo, TipoMantenimiento_idTipoMantenimiento) values (22, '2016-09-07', 'Adv eff cns stimulnt NOS', 22, 22, 22, 22);
insert into aerolinea.Mantenimiento (idMantenimiento, fechaMantenimiento, descripcionReparaciones, Avion_idAvion, Empleado_idEmpleado, TipoHallazgo_idTipoHallazgo, TipoMantenimiento_idTipoMantenimiento) values (23, '2015-06-20', 'Cholelith/gb inf NEC-obs', 23, 23, 23, 23);
insert into aerolinea.Mantenimiento (idMantenimiento, fechaMantenimiento, descripcionReparaciones, Avion_idAvion, Empleado_idEmpleado, TipoHallazgo_idTipoHallazgo, TipoMantenimiento_idTipoMantenimiento) values (24, '2015-12-30', 'Sbac myl leu wo ach rmsn', 24, 24, 24, 24);
insert into aerolinea.Mantenimiento (idMantenimiento, fechaMantenimiento, descripcionReparaciones, Avion_idAvion, Empleado_idEmpleado, TipoHallazgo_idTipoHallazgo, TipoMantenimiento_idTipoMantenimiento) values (25, '2017-05-13', 'Supervis normal 1st preg', 25, 25, 25, 25);
insert into aerolinea.Mantenimiento (idMantenimiento, fechaMantenimiento, descripcionReparaciones, Avion_idAvion, Empleado_idEmpleado, TipoHallazgo_idTipoHallazgo, TipoMantenimiento_idTipoMantenimiento) values (26, '2016-12-10', 'Ot sp hmiplga unspf side', 26, 26, 26, 26);
insert into aerolinea.Mantenimiento (idMantenimiento, fechaMantenimiento, descripcionReparaciones, Avion_idAvion, Empleado_idEmpleado, TipoHallazgo_idTipoHallazgo, TipoMantenimiento_idTipoMantenimiento) values (27, '2016-01-16', 'Subdural hem-brief coma', 27, 27, 27, 27);
insert into aerolinea.Mantenimiento (idMantenimiento, fechaMantenimiento, descripcionReparaciones, Avion_idAvion, Empleado_idEmpleado, TipoHallazgo_idTipoHallazgo, TipoMantenimiento_idTipoMantenimiento) values (28, '2015-11-23', 'Cl skul base fx-mod coma', 28, 28, 28, 28);
insert into aerolinea.Mantenimiento (idMantenimiento, fechaMantenimiento, descripcionReparaciones, Avion_idAvion, Empleado_idEmpleado, TipoHallazgo_idTipoHallazgo, TipoMantenimiento_idTipoMantenimiento) values (29, '2016-08-10', 'Toxic effect freon', 29, 29, 29, 29);
insert into aerolinea.Mantenimiento (idMantenimiento, fechaMantenimiento, descripcionReparaciones, Avion_idAvion, Empleado_idEmpleado, TipoHallazgo_idTipoHallazgo, TipoMantenimiento_idTipoMantenimiento) values (30, '2018-06-04', 'Indeterm stage glaucoma', 30, 30, 30, 30);

-- -----------------------------------------------------
-- Table aerolinea.EquipajeAdicional
-- -----------------------------------------------------
CREATE TABLE IF NOT EXISTS aerolinea.EquipajeAdicional (
  idEquipajeAdicional INT NOT NULL,
  peso decimal NULL,
  ancho decimal NULL,
  profundidad decimal NULL,
  largo decimal NULL,
  recargo decimal NULL,
  Boleto_idBoleto INT NOT NULL,
  CONSTRAINT pk_idEquipajeAdicional PRIMARY KEY (idEquipajeAdicional),
  CONSTRAINT fk_EquipajeAdicional_Boleto1
    FOREIGN KEY (Boleto_idBoleto)
    REFERENCES aerolinea.Boleto (idBoleto)
    ON DELETE NO ACTION
    ON UPDATE NO ACTION);

insert into aerolinea.EquipajeAdicional (idEquipajeAdicional, peso, ancho, profundidad, largo, recargo, Boleto_idBoleto) values (1, 4.6, 3.9, 2.0, 4.7, 13.1, 1);
insert into aerolinea.EquipajeAdicional (idEquipajeAdicional, peso, ancho, profundidad, largo, recargo, Boleto_idBoleto) values (2, 4.0, 1.7, 2.3, 2.2, 6.9, 2);
insert into aerolinea.EquipajeAdicional (idEquipajeAdicional, peso, ancho, profundidad, largo, recargo, Boleto_idBoleto) values (3, 1.8, 1.1, 3.5, 4.7, 9.2, 3);
insert into aerolinea.EquipajeAdicional (idEquipajeAdicional, peso, ancho, profundidad, largo, recargo, Boleto_idBoleto) values (4, 1.4, 4.1, 2.9, 1.1, 10.7, 4);
insert into aerolinea.EquipajeAdicional (idEquipajeAdicional, peso, ancho, profundidad, largo, recargo, Boleto_idBoleto) values (5, 1.6, 1.5, 3.9, 3.7, 12.5, 5);
insert into aerolinea.EquipajeAdicional (idEquipajeAdicional, peso, ancho, profundidad, largo, recargo, Boleto_idBoleto) values (6, 3.9, 4.1, 4.0, 2.9, 14.6, 6);
insert into aerolinea.EquipajeAdicional (idEquipajeAdicional, peso, ancho, profundidad, largo, recargo, Boleto_idBoleto) values (7, 4.0, 4.4, 4.8, 2.2, 7.6, 7);
insert into aerolinea.EquipajeAdicional (idEquipajeAdicional, peso, ancho, profundidad, largo, recargo, Boleto_idBoleto) values (8, 4.4, 4.9, 5.0, 2.3, 7.2, 8);
insert into aerolinea.EquipajeAdicional (idEquipajeAdicional, peso, ancho, profundidad, largo, recargo, Boleto_idBoleto) values (9, 3.3, 1.9, 3.3, 2.5, 12.3, 9);
insert into aerolinea.EquipajeAdicional (idEquipajeAdicional, peso, ancho, profundidad, largo, recargo, Boleto_idBoleto) values (10, 2.2, 1.7, 3.9, 4.0, 14.4, 10);
insert into aerolinea.EquipajeAdicional (idEquipajeAdicional, peso, ancho, profundidad, largo, recargo, Boleto_idBoleto) values (11, 3.2, 3.2, 2.9, 2.7, 6.1, 11);
insert into aerolinea.EquipajeAdicional (idEquipajeAdicional, peso, ancho, profundidad, largo, recargo, Boleto_idBoleto) values (12, 1.7, 2.3, 2.5, 2.7, 10.6, 12);
insert into aerolinea.EquipajeAdicional (idEquipajeAdicional, peso, ancho, profundidad, largo, recargo, Boleto_idBoleto) values (13, 2.9, 4.3, 1.4, 2.4, 9.9, 13);
insert into aerolinea.EquipajeAdicional (idEquipajeAdicional, peso, ancho, profundidad, largo, recargo, Boleto_idBoleto) values (14, 4.8, 1.8, 1.4, 2.1, 6.8, 14);
insert into aerolinea.EquipajeAdicional (idEquipajeAdicional, peso, ancho, profundidad, largo, recargo, Boleto_idBoleto) values (15, 3.2, 2.7, 4.9, 2.8, 6.6, 15);
insert into aerolinea.EquipajeAdicional (idEquipajeAdicional, peso, ancho, profundidad, largo, recargo, Boleto_idBoleto) values (16, 4.4, 4.2, 3.9, 1.2, 13.5, 16);
insert into aerolinea.EquipajeAdicional (idEquipajeAdicional, peso, ancho, profundidad, largo, recargo, Boleto_idBoleto) values (17, 2.0, 2.7, 2.4, 1.4, 10.2, 17);
insert into aerolinea.EquipajeAdicional (idEquipajeAdicional, peso, ancho, profundidad, largo, recargo, Boleto_idBoleto) values (18, 1.8, 3.9, 2.8, 4.8, 10.8, 18);
insert into aerolinea.EquipajeAdicional (idEquipajeAdicional, peso, ancho, profundidad, largo, recargo, Boleto_idBoleto) values (19, 4.4, 2.5, 3.2, 2.0, 8.0, 19);
insert into aerolinea.EquipajeAdicional (idEquipajeAdicional, peso, ancho, profundidad, largo, recargo, Boleto_idBoleto) values (20, 3.0, 1.6, 4.4, 3.5, 12.6, 20);
insert into aerolinea.EquipajeAdicional (idEquipajeAdicional, peso, ancho, profundidad, largo, recargo, Boleto_idBoleto) values (21, 2.8, 3.8, 3.1, 4.4, 5.5, 21);
insert into aerolinea.EquipajeAdicional (idEquipajeAdicional, peso, ancho, profundidad, largo, recargo, Boleto_idBoleto) values (22, 3.3, 1.4, 1.7, 1.8, 9.5, 22);
insert into aerolinea.EquipajeAdicional (idEquipajeAdicional, peso, ancho, profundidad, largo, recargo, Boleto_idBoleto) values (23, 3.7, 3.9, 1.6, 4.6, 13.3, 23);
insert into aerolinea.EquipajeAdicional (idEquipajeAdicional, peso, ancho, profundidad, largo, recargo, Boleto_idBoleto) values (24, 1.6, 3.7, 4.5, 2.7, 12.8, 24);
insert into aerolinea.EquipajeAdicional (idEquipajeAdicional, peso, ancho, profundidad, largo, recargo, Boleto_idBoleto) values (25, 3.8, 4.9, 4.4, 4.4, 9.3, 25);
insert into aerolinea.EquipajeAdicional (idEquipajeAdicional, peso, ancho, profundidad, largo, recargo, Boleto_idBoleto) values (26, 3.9, 1.5, 2.3, 3.3, 8.4, 26);
insert into aerolinea.EquipajeAdicional (idEquipajeAdicional, peso, ancho, profundidad, largo, recargo, Boleto_idBoleto) values (27, 2.9, 3.1, 1.5, 2.6, 8.3, 27);
insert into aerolinea.EquipajeAdicional (idEquipajeAdicional, peso, ancho, profundidad, largo, recargo, Boleto_idBoleto) values (28, 3.0, 3.6, 4.8, 3.3, 8.2, 28);
insert into aerolinea.EquipajeAdicional (idEquipajeAdicional, peso, ancho, profundidad, largo, recargo, Boleto_idBoleto) values (29, 2.6, 4.5, 1.6, 4.8, 5.1, 29);
insert into aerolinea.EquipajeAdicional (idEquipajeAdicional, peso, ancho, profundidad, largo, recargo, Boleto_idBoleto) values (30, 1.6, 2.0, 3.8, 4.2, 13.2, 30);

-- -----------------------------------------------------
-- Table aerolinea.SolicitudRevision
-- -----------------------------------------------------
CREATE TABLE IF NOT EXISTS aerolinea.SolicitudRevision (
  idSolicitudRevision INT NOT NULL,
  fechaHoraInicio timestamp NULL,
  fechaHoraFin timestamp NULL,
  Etapa_idEtapa INT NOT NULL,
  Equipaje_idEquipaje INT NULL,
  Empleado_idEmpleado INT NOT NULL,
  EquipajeAdicional_idEquipajeAdicional INT NULL,
  CONSTRAINT pk_idSolicitudRevision PRIMARY KEY (idSolicitudRevision),
  CONSTRAINT fk_SolicitudRevision_Etapa1
    FOREIGN KEY (Etapa_idEtapa)
    REFERENCES aerolinea.Etapa (idEtapa)
    ON DELETE NO ACTION
    ON UPDATE NO ACTION,
  CONSTRAINT fk_SolicitudRevision_Equipaje1
    FOREIGN KEY (Equipaje_idEquipaje)
    REFERENCES aerolinea.Equipaje (idEquipaje)
    ON DELETE NO ACTION
    ON UPDATE NO ACTION,
  CONSTRAINT fk_SolicitudRevision_Empleado1
    FOREIGN KEY (Empleado_idEmpleado)
    REFERENCES aerolinea.Empleado (idEmpleado)
    ON DELETE NO ACTION
    ON UPDATE NO ACTION,
  CONSTRAINT fk_SolicitudRevision_EquipajeAdicional1
    FOREIGN KEY (EquipajeAdicional_idEquipajeAdicional)
    REFERENCES aerolinea.EquipajeAdicional (idEquipajeAdicional)
    ON DELETE NO ACTION
    ON UPDATE NO ACTION);

insert into aerolinea.SolicitudRevision (idSolicitudRevision, fechaHoraInicio, fechaHoraFin, Etapa_idEtapa, Equipaje_idEquipaje, Empleado_idEmpleado, EquipajeAdicional_idEquipajeAdicional) values (1, '2015-08-23', '2016-06-07', 1, 1, 1, 1);
insert into aerolinea.SolicitudRevision (idSolicitudRevision, fechaHoraInicio, fechaHoraFin, Etapa_idEtapa, Equipaje_idEquipaje, Empleado_idEmpleado, EquipajeAdicional_idEquipajeAdicional) values (2, '2015-10-20', '2018-10-24', 2, 2, 2, 2);
insert into aerolinea.SolicitudRevision (idSolicitudRevision, fechaHoraInicio, fechaHoraFin, Etapa_idEtapa, Equipaje_idEquipaje, Empleado_idEmpleado, EquipajeAdicional_idEquipajeAdicional) values (3, '2018-05-04', '2018-08-30', 3, 3, 3, 3);
insert into aerolinea.SolicitudRevision (idSolicitudRevision, fechaHoraInicio, fechaHoraFin, Etapa_idEtapa, Equipaje_idEquipaje, Empleado_idEmpleado, EquipajeAdicional_idEquipajeAdicional) values (4, '2017-09-01', '2018-11-09', 4, 4, 4, 4);
insert into aerolinea.SolicitudRevision (idSolicitudRevision, fechaHoraInicio, fechaHoraFin, Etapa_idEtapa, Equipaje_idEquipaje, Empleado_idEmpleado, EquipajeAdicional_idEquipajeAdicional) values (5, '2017-03-23', '2017-01-13', 5, 5, 5, 5);
insert into aerolinea.SolicitudRevision (idSolicitudRevision, fechaHoraInicio, fechaHoraFin, Etapa_idEtapa, Equipaje_idEquipaje, Empleado_idEmpleado, EquipajeAdicional_idEquipajeAdicional) values (6, '2016-09-12', '2017-08-27', 6, 6, 6, 6);
insert into aerolinea.SolicitudRevision (idSolicitudRevision, fechaHoraInicio, fechaHoraFin, Etapa_idEtapa, Equipaje_idEquipaje, Empleado_idEmpleado, EquipajeAdicional_idEquipajeAdicional) values (7, '2017-07-28', '2015-05-02', 7, 7, 7, 7);
insert into aerolinea.SolicitudRevision (idSolicitudRevision, fechaHoraInicio, fechaHoraFin, Etapa_idEtapa, Equipaje_idEquipaje, Empleado_idEmpleado, EquipajeAdicional_idEquipajeAdicional) values (8, '2016-08-03', '2018-07-19', 8, 8, 8, 8);
insert into aerolinea.SolicitudRevision (idSolicitudRevision, fechaHoraInicio, fechaHoraFin, Etapa_idEtapa, Equipaje_idEquipaje, Empleado_idEmpleado, EquipajeAdicional_idEquipajeAdicional) values (9, '2018-08-17', '2017-07-28', 9, 9, 9, 9);
insert into aerolinea.SolicitudRevision (idSolicitudRevision, fechaHoraInicio, fechaHoraFin, Etapa_idEtapa, Equipaje_idEquipaje, Empleado_idEmpleado, EquipajeAdicional_idEquipajeAdicional) values (10, '2017-11-24', '2016-08-19', 10, 10, 10, 10);
insert into aerolinea.SolicitudRevision (idSolicitudRevision, fechaHoraInicio, fechaHoraFin, Etapa_idEtapa, Equipaje_idEquipaje, Empleado_idEmpleado, EquipajeAdicional_idEquipajeAdicional) values (11, '2016-02-13', '2015-04-17', 11, 11, 11, 11);
insert into aerolinea.SolicitudRevision (idSolicitudRevision, fechaHoraInicio, fechaHoraFin, Etapa_idEtapa, Equipaje_idEquipaje, Empleado_idEmpleado, EquipajeAdicional_idEquipajeAdicional) values (12, '2018-08-26', '2016-09-26', 12, 12, 12, 12);
insert into aerolinea.SolicitudRevision (idSolicitudRevision, fechaHoraInicio, fechaHoraFin, Etapa_idEtapa, Equipaje_idEquipaje, Empleado_idEmpleado, EquipajeAdicional_idEquipajeAdicional) values (13, '2017-12-24', '2016-02-18', 13, 13, 13, 13);
insert into aerolinea.SolicitudRevision (idSolicitudRevision, fechaHoraInicio, fechaHoraFin, Etapa_idEtapa, Equipaje_idEquipaje, Empleado_idEmpleado, EquipajeAdicional_idEquipajeAdicional) values (14, '2015-09-07', '2016-03-19', 14, 14, 14, 14);
insert into aerolinea.SolicitudRevision (idSolicitudRevision, fechaHoraInicio, fechaHoraFin, Etapa_idEtapa, Equipaje_idEquipaje, Empleado_idEmpleado, EquipajeAdicional_idEquipajeAdicional) values (15, '2018-10-26', '2017-10-09', 15, 15, 15, 15);
insert into aerolinea.SolicitudRevision (idSolicitudRevision, fechaHoraInicio, fechaHoraFin, Etapa_idEtapa, Equipaje_idEquipaje, Empleado_idEmpleado, EquipajeAdicional_idEquipajeAdicional) values (16, '2015-04-08', '2016-07-28', 16, 16, 16, 16);
insert into aerolinea.SolicitudRevision (idSolicitudRevision, fechaHoraInicio, fechaHoraFin, Etapa_idEtapa, Equipaje_idEquipaje, Empleado_idEmpleado, EquipajeAdicional_idEquipajeAdicional) values (17, '2016-09-14', '2018-01-03', 17, 17, 17, 17);
insert into aerolinea.SolicitudRevision (idSolicitudRevision, fechaHoraInicio, fechaHoraFin, Etapa_idEtapa, Equipaje_idEquipaje, Empleado_idEmpleado, EquipajeAdicional_idEquipajeAdicional) values (18, '2017-02-17', '2016-01-03', 18, 18, 18, 18);
insert into aerolinea.SolicitudRevision (idSolicitudRevision, fechaHoraInicio, fechaHoraFin, Etapa_idEtapa, Equipaje_idEquipaje, Empleado_idEmpleado, EquipajeAdicional_idEquipajeAdicional) values (19, '2015-11-26', '2018-02-04', 19, 19, 19, 19);
insert into aerolinea.SolicitudRevision (idSolicitudRevision, fechaHoraInicio, fechaHoraFin, Etapa_idEtapa, Equipaje_idEquipaje, Empleado_idEmpleado, EquipajeAdicional_idEquipajeAdicional) values (20, '2017-08-09', '2017-04-14', 20, 20, 20, 20);
insert into aerolinea.SolicitudRevision (idSolicitudRevision, fechaHoraInicio, fechaHoraFin, Etapa_idEtapa, Equipaje_idEquipaje, Empleado_idEmpleado, EquipajeAdicional_idEquipajeAdicional) values (21, '2017-05-10', '2015-07-09', 21, 21, 21, 21);
insert into aerolinea.SolicitudRevision (idSolicitudRevision, fechaHoraInicio, fechaHoraFin, Etapa_idEtapa, Equipaje_idEquipaje, Empleado_idEmpleado, EquipajeAdicional_idEquipajeAdicional) values (22, '2015-10-27', '2019-02-06', 22, 22, 22, 22);
insert into aerolinea.SolicitudRevision (idSolicitudRevision, fechaHoraInicio, fechaHoraFin, Etapa_idEtapa, Equipaje_idEquipaje, Empleado_idEmpleado, EquipajeAdicional_idEquipajeAdicional) values (23, '2017-01-17', '2015-11-04', 23, 23, 23, 23);
insert into aerolinea.SolicitudRevision (idSolicitudRevision, fechaHoraInicio, fechaHoraFin, Etapa_idEtapa, Equipaje_idEquipaje, Empleado_idEmpleado, EquipajeAdicional_idEquipajeAdicional) values (24, '2018-05-18', '2016-02-09', 24, 24, 24, 24);
insert into aerolinea.SolicitudRevision (idSolicitudRevision, fechaHoraInicio, fechaHoraFin, Etapa_idEtapa, Equipaje_idEquipaje, Empleado_idEmpleado, EquipajeAdicional_idEquipajeAdicional) values (25, '2017-07-26', '2016-03-18', 25, 25, 25, 25);
insert into aerolinea.SolicitudRevision (idSolicitudRevision, fechaHoraInicio, fechaHoraFin, Etapa_idEtapa, Equipaje_idEquipaje, Empleado_idEmpleado, EquipajeAdicional_idEquipajeAdicional) values (26, '2016-06-20', '2018-10-03', 26, 26, 26, 26);
insert into aerolinea.SolicitudRevision (idSolicitudRevision, fechaHoraInicio, fechaHoraFin, Etapa_idEtapa, Equipaje_idEquipaje, Empleado_idEmpleado, EquipajeAdicional_idEquipajeAdicional) values (27, '2017-04-24', '2018-04-02', 27, 27, 27, 27);
insert into aerolinea.SolicitudRevision (idSolicitudRevision, fechaHoraInicio, fechaHoraFin, Etapa_idEtapa, Equipaje_idEquipaje, Empleado_idEmpleado, EquipajeAdicional_idEquipajeAdicional) values (28, '2018-12-28', '2015-08-28', 28, 28, 28, 28);
insert into aerolinea.SolicitudRevision (idSolicitudRevision, fechaHoraInicio, fechaHoraFin, Etapa_idEtapa, Equipaje_idEquipaje, Empleado_idEmpleado, EquipajeAdicional_idEquipajeAdicional) values (29, '2018-09-05', '2018-08-11', 29, 29, 29, 29);
insert into aerolinea.SolicitudRevision (idSolicitudRevision, fechaHoraInicio, fechaHoraFin, Etapa_idEtapa, Equipaje_idEquipaje, Empleado_idEmpleado, EquipajeAdicional_idEquipajeAdicional) values (30, '2016-03-11', '2017-08-08', 30, 30, 30, 30);

-- -----------------------------------------------------
-- Table aerolinea.CargoAdicional
-- -----------------------------------------------------
CREATE TABLE IF NOT EXISTS aerolinea.CargoAdicional (
  idCargoAdicional INT NOT NULL,
  descripcion VARCHAR(200) NULL,
  fechaInicio DATE NULL,
  fechaFin DATE NULL,
  monto decimal NULL,
  CONSTRAINT pk_idCargoAdicional PRIMARY KEY (idCargoAdicional));

insert into aerolinea.CargoAdicional (idCargoAdicional, descripcion, fechaInicio, fechaFin, monto) values (1, 'Hrt revas byps anas NEC', '2017-03-04', '2016-07-25', 18.4);
insert into aerolinea.CargoAdicional (idCargoAdicional, descripcion, fechaInicio, fechaFin, monto) values (2, 'Large bowel incision', '2017-01-30', '2018-11-13', 26.7);
insert into aerolinea.CargoAdicional (idCargoAdicional, descripcion, fechaInicio, fechaFin, monto) values (3, 'Replace gastrostomy tube', '2017-11-14', '2017-05-08', 11.0);
insert into aerolinea.CargoAdicional (idCargoAdicional, descripcion, fechaInicio, fechaFin, monto) values (4, 'Lap adhesiolys ova/tube', '2017-09-30', '2018-05-30', 5.0);
insert into aerolinea.CargoAdicional (idCargoAdicional, descripcion, fechaInicio, fechaFin, monto) values (5, 'Reimplan aberr renal ves', '2015-04-17', '2015-11-21', 25.2);
insert into aerolinea.CargoAdicional (idCargoAdicional, descripcion, fechaInicio, fechaFin, monto) values (6, 'Bact smear-endocrine', '2018-09-16', '2018-06-10', 26.2);
insert into aerolinea.CargoAdicional (idCargoAdicional, descripcion, fechaInicio, fechaFin, monto) values (7, 'Ins or rep cement spacer', '2015-04-17', '2016-02-15', 8.9);
insert into aerolinea.CargoAdicional (idCargoAdicional, descripcion, fechaInicio, fechaFin, monto) values (8, 'Removal scrotal/penis FB', '2016-01-30', '2018-03-28', 29.4);
insert into aerolinea.CargoAdicional (idCargoAdicional, descripcion, fechaInicio, fechaFin, monto) values (9, 'Explor tend sheath-hand', '2016-04-23', '2016-03-22', 10.6);
insert into aerolinea.CargoAdicional (idCargoAdicional, descripcion, fechaInicio, fechaFin, monto) values (10, 'C & s-ent/larynx', '2016-11-18', '2016-05-30', 5.7);
insert into aerolinea.CargoAdicional (idCargoAdicional, descripcion, fechaInicio, fechaFin, monto) values (11, 'Application of splint', '2018-05-22', '2018-06-17', 7.2);
insert into aerolinea.CargoAdicional (idCargoAdicional, descripcion, fechaInicio, fechaFin, monto) values (12, 'Sing source radiosurgery', '2018-01-27', '2015-09-14', 18.7);
insert into aerolinea.CargoAdicional (idCargoAdicional, descripcion, fechaInicio, fechaFin, monto) values (13, 'Cl reduc disloc-ankle', '2016-05-10', '2017-05-06', 13.6);
insert into aerolinea.CargoAdicional (idCargoAdicional, descripcion, fechaInicio, fechaFin, monto) values (14, 'Thorac esophagocolos NEC', '2017-04-16', '2016-05-14', 18.1);
insert into aerolinea.CargoAdicional (idCargoAdicional, descripcion, fechaInicio, fechaFin, monto) values (15, 'Perianal incision NEC', '2018-07-03', '2018-07-14', 15.3);
insert into aerolinea.CargoAdicional (idCargoAdicional, descripcion, fechaInicio, fechaFin, monto) values (16, 'Educational therapy', '2016-01-14', '2016-06-06', 6.6);
insert into aerolinea.CargoAdicional (idCargoAdicional, descripcion, fechaInicio, fechaFin, monto) values (17, 'Low cervical c-section', '2016-06-12', '2017-06-25', 13.9);
insert into aerolinea.CargoAdicional (idCargoAdicional, descripcion, fechaInicio, fechaFin, monto) values (18, 'Revision gastric anastom', '2019-01-16', '2018-01-26', 11.5);
insert into aerolinea.CargoAdicional (idCargoAdicional, descripcion, fechaInicio, fechaFin, monto) values (19, 'Anesthetized eye exam', '2016-08-13', '2018-08-03', 24.7);
insert into aerolinea.CargoAdicional (idCargoAdicional, descripcion, fechaInicio, fechaFin, monto) values (20, 'Bact smear-op wound', '2017-12-10', '2017-06-09', 11.7);
insert into aerolinea.CargoAdicional (idCargoAdicional, descripcion, fechaInicio, fechaFin, monto) values (21, 'Refus drs/drslmb ant/ant', '2016-11-14', '2018-10-03', 26.5);
insert into aerolinea.CargoAdicional (idCargoAdicional, descripcion, fechaInicio, fechaFin, monto) values (22, 'Ptosis rep-fron mus slng', '2016-05-08', '2018-09-18', 21.4);
insert into aerolinea.CargoAdicional (idCargoAdicional, descripcion, fechaInicio, fechaFin, monto) values (23, 'Extracorpor hepat Assis', '2018-10-07', '2017-04-16', 17.5);
insert into aerolinea.CargoAdicional (idCargoAdicional, descripcion, fechaInicio, fechaFin, monto) values (24, 'Abdomen wall repair NEC', '2016-05-28', '2018-07-07', 7.4);
insert into aerolinea.CargoAdicional (idCargoAdicional, descripcion, fechaInicio, fechaFin, monto) values (25, 'Ing hernia rep-graft NOS', '2018-04-06', '2015-11-13', 28.1);
insert into aerolinea.CargoAdicional (idCargoAdicional, descripcion, fechaInicio, fechaFin, monto) values (26, 'Imp/rep subcue card dev', '2018-05-12', '2017-12-05', 17.3);
insert into aerolinea.CargoAdicional (idCargoAdicional, descripcion, fechaInicio, fechaFin, monto) values (27, 'Contrast aortogram', '2015-09-13', '2018-09-21', 6.0);
insert into aerolinea.CargoAdicional (idCargoAdicional, descripcion, fechaInicio, fechaFin, monto) values (28, 'Oth exc/dest intvrt disc', '2015-04-28', '2017-08-30', 26.2);
insert into aerolinea.CargoAdicional (idCargoAdicional, descripcion, fechaInicio, fechaFin, monto) values (29, 'Insert disc pros NOS', '2019-03-14', '2015-07-21', 19.6);
insert into aerolinea.CargoAdicional (idCargoAdicional, descripcion, fechaInicio, fechaFin, monto) values (30, 'Bilat reduct mammoplasty', '2018-05-21', '2016-05-06', 22.1);

-- -----------------------------------------------------
-- Table aerolinea.Boleto_has_CargoAdicional
-- -----------------------------------------------------
CREATE TABLE IF NOT EXISTS aerolinea.Boleto_has_CargoAdicional (
  Boleto_idBoleto INT NOT NULL,
  CargoAdicional_idCargoAdicional INT NOT NULL,
  CONSTRAINT pk_Boleto_idBoleto_CargoAdicional_idCargoAdicional PRIMARY KEY (Boleto_idBoleto, CargoAdicional_idCargoAdicional),
  CONSTRAINT fk_Boleto_has_CargoAdicional_Boleto1
    FOREIGN KEY (Boleto_idBoleto)
    REFERENCES aerolinea.Boleto (idBoleto)
    ON DELETE NO ACTION
    ON UPDATE NO ACTION,
  CONSTRAINT fk_Boleto_has_CargoAdicional_CargoAdicional1
    FOREIGN KEY (CargoAdicional_idCargoAdicional)
    REFERENCES aerolinea.CargoAdicional (idCargoAdicional)
    ON DELETE NO ACTION
    ON UPDATE NO ACTION);

insert into aerolinea.Boleto_has_CargoAdicional (Boleto_idBoleto, CargoAdicional_idCargoAdicional) values (1, 1);
insert into aerolinea.Boleto_has_CargoAdicional (Boleto_idBoleto, CargoAdicional_idCargoAdicional) values (2, 2);
insert into aerolinea.Boleto_has_CargoAdicional (Boleto_idBoleto, CargoAdicional_idCargoAdicional) values (3, 3);
insert into aerolinea.Boleto_has_CargoAdicional (Boleto_idBoleto, CargoAdicional_idCargoAdicional) values (4, 4);
insert into aerolinea.Boleto_has_CargoAdicional (Boleto_idBoleto, CargoAdicional_idCargoAdicional) values (5, 5);
insert into aerolinea.Boleto_has_CargoAdicional (Boleto_idBoleto, CargoAdicional_idCargoAdicional) values (6, 6);
insert into aerolinea.Boleto_has_CargoAdicional (Boleto_idBoleto, CargoAdicional_idCargoAdicional) values (7, 7);
insert into aerolinea.Boleto_has_CargoAdicional (Boleto_idBoleto, CargoAdicional_idCargoAdicional) values (8, 8);
insert into aerolinea.Boleto_has_CargoAdicional (Boleto_idBoleto, CargoAdicional_idCargoAdicional) values (9, 9);
insert into aerolinea.Boleto_has_CargoAdicional (Boleto_idBoleto, CargoAdicional_idCargoAdicional) values (10, 10);
insert into aerolinea.Boleto_has_CargoAdicional (Boleto_idBoleto, CargoAdicional_idCargoAdicional) values (11, 11);
insert into aerolinea.Boleto_has_CargoAdicional (Boleto_idBoleto, CargoAdicional_idCargoAdicional) values (12, 12);
insert into aerolinea.Boleto_has_CargoAdicional (Boleto_idBoleto, CargoAdicional_idCargoAdicional) values (13, 13);
insert into aerolinea.Boleto_has_CargoAdicional (Boleto_idBoleto, CargoAdicional_idCargoAdicional) values (14, 14);
insert into aerolinea.Boleto_has_CargoAdicional (Boleto_idBoleto, CargoAdicional_idCargoAdicional) values (15, 15);
insert into aerolinea.Boleto_has_CargoAdicional (Boleto_idBoleto, CargoAdicional_idCargoAdicional) values (16, 16);
insert into aerolinea.Boleto_has_CargoAdicional (Boleto_idBoleto, CargoAdicional_idCargoAdicional) values (17, 17);
insert into aerolinea.Boleto_has_CargoAdicional (Boleto_idBoleto, CargoAdicional_idCargoAdicional) values (18, 18);
insert into aerolinea.Boleto_has_CargoAdicional (Boleto_idBoleto, CargoAdicional_idCargoAdicional) values (19, 19);
insert into aerolinea.Boleto_has_CargoAdicional (Boleto_idBoleto, CargoAdicional_idCargoAdicional) values (20, 20);
insert into aerolinea.Boleto_has_CargoAdicional (Boleto_idBoleto, CargoAdicional_idCargoAdicional) values (21, 21);
insert into aerolinea.Boleto_has_CargoAdicional (Boleto_idBoleto, CargoAdicional_idCargoAdicional) values (22, 22);
insert into aerolinea.Boleto_has_CargoAdicional (Boleto_idBoleto, CargoAdicional_idCargoAdicional) values (23, 23);
insert into aerolinea.Boleto_has_CargoAdicional (Boleto_idBoleto, CargoAdicional_idCargoAdicional) values (24, 24);
insert into aerolinea.Boleto_has_CargoAdicional (Boleto_idBoleto, CargoAdicional_idCargoAdicional) values (25, 25);
insert into aerolinea.Boleto_has_CargoAdicional (Boleto_idBoleto, CargoAdicional_idCargoAdicional) values (26, 26);
insert into aerolinea.Boleto_has_CargoAdicional (Boleto_idBoleto, CargoAdicional_idCargoAdicional) values (27, 27);
insert into aerolinea.Boleto_has_CargoAdicional (Boleto_idBoleto, CargoAdicional_idCargoAdicional) values (28, 28);
insert into aerolinea.Boleto_has_CargoAdicional (Boleto_idBoleto, CargoAdicional_idCargoAdicional) values (29, 29);
insert into aerolinea.Boleto_has_CargoAdicional (Boleto_idBoleto, CargoAdicional_idCargoAdicional) values (30, 30);

-- -----------------------------------------------------
-- Table aerolinea.EtapaBoleto
-- -----------------------------------------------------
CREATE TABLE IF NOT EXISTS aerolinea.EtapaBoleto (
  idEtapaBoleto INT NOT NULL,
  descripcion VARCHAR(200) NULL,
  estado VARCHAR(200) NULL,
  CONSTRAINT pk_idEtapaBoleto PRIMARY KEY (idEtapaBoleto));

insert into aerolinea.EtapaBoleto (idEtapaBoleto, descripcion, estado) values (1, 'Removal of Drainage Device from Fallopian Tube, Endo', 'l');
insert into aerolinea.EtapaBoleto (idEtapaBoleto, descripcion, estado) values (2, 'Fluoroscopy of Bilateral Fallopian Tubes using Oth Contrast', 'w');
insert into aerolinea.EtapaBoleto (idEtapaBoleto, descripcion, estado) values (3, 'Restriction of Right Renal Vein, Percutaneous Approach', 'a');
insert into aerolinea.EtapaBoleto (idEtapaBoleto, descripcion, estado) values (4, 'Bypass Sup Vena Cava to R Pulm Vn w Autol Vn, Open', 'm');
insert into aerolinea.EtapaBoleto (idEtapaBoleto, descripcion, estado) values (5, 'Revision of Nonaut Sub in R Tarsal, Perc Endo Approach', 'p');
insert into aerolinea.EtapaBoleto (idEtapaBoleto, descripcion, estado) values (6, 'Transfer Oculomotor Nrv to Hypogloss Nrv, Perc Endo Approach', 'g');
insert into aerolinea.EtapaBoleto (idEtapaBoleto, descripcion, estado) values (7, 'Removal of Radioactive Element from Abd Wall, Perc Approach', 'd');
insert into aerolinea.EtapaBoleto (idEtapaBoleto, descripcion, estado) values (8, 'Excision of Pons, Percutaneous Endoscopic Approach, Diagn', 'w');
insert into aerolinea.EtapaBoleto (idEtapaBoleto, descripcion, estado) values (9, 'Drainage of Pancreatic Duct, Via Opening', 'y');
insert into aerolinea.EtapaBoleto (idEtapaBoleto, descripcion, estado) values (10, 'Drain of L Temporal Bone with Drain Dev, Perc Endo Approach', 'u');
insert into aerolinea.EtapaBoleto (idEtapaBoleto, descripcion, estado) values (11, 'Repair Right Tympanic Membrane, Endo', 'e');
insert into aerolinea.EtapaBoleto (idEtapaBoleto, descripcion, estado) values (12, 'Release Left Foot Muscle, Percutaneous Approach', 't');
insert into aerolinea.EtapaBoleto (idEtapaBoleto, descripcion, estado) values (13, 'Drainage of Right Pleura with Drain Dev, Perc Endo Approach', 'y');
insert into aerolinea.EtapaBoleto (idEtapaBoleto, descripcion, estado) values (14, 'Insertion of Infusion Device into Kidney, Via Opening', 'e');
insert into aerolinea.EtapaBoleto (idEtapaBoleto, descripcion, estado) values (15, 'LDR Brachytherapy of Adrenal Glands using Iodine 125', 'v');
insert into aerolinea.EtapaBoleto (idEtapaBoleto, descripcion, estado) values (16, 'Supplement Ventricular Sept w Nonaut Sub, Perc Endo', 'y');
insert into aerolinea.EtapaBoleto (idEtapaBoleto, descripcion, estado) values (17, 'Bypass Inf Mesent Vein to Low Vein w Synth Sub, Open', 'z');
insert into aerolinea.EtapaBoleto (idEtapaBoleto, descripcion, estado) values (18, 'Reposition Left Glenoid Cavity, Perc Endo Approach', 'y');
insert into aerolinea.EtapaBoleto (idEtapaBoleto, descripcion, estado) values (19, 'Supplement Right Nipple with Nonaut Sub, Extern Approach', 'k');
insert into aerolinea.EtapaBoleto (idEtapaBoleto, descripcion, estado) values (20, 'Reposition R Humeral Head w Monopln Ext Fix, Perc Endo', 'h');
insert into aerolinea.EtapaBoleto (idEtapaBoleto, descripcion, estado) values (21, 'Removal of Stimulator Lead from Ureter, Open Approach', 'r');
insert into aerolinea.EtapaBoleto (idEtapaBoleto, descripcion, estado) values (22, 'Plain Radiography of L Ext Carotid using Oth Contrast', 'b');
insert into aerolinea.EtapaBoleto (idEtapaBoleto, descripcion, estado) values (23, 'Reposition Right Lower Leg Muscle, Open Approach', 'g');
insert into aerolinea.EtapaBoleto (idEtapaBoleto, descripcion, estado) values (24, 'Extracorporeal Therapies, Phys Sys, Shock Wave Therapy', 'k');
insert into aerolinea.EtapaBoleto (idEtapaBoleto, descripcion, estado) values (25, 'Reattachment of Right Hepatic Duct, Open Approach', 'c');
insert into aerolinea.EtapaBoleto (idEtapaBoleto, descripcion, estado) values (26, 'Dilation of Mid Colic Art with 3 Intralum Dev, Perc Approach', 'f');
insert into aerolinea.EtapaBoleto (idEtapaBoleto, descripcion, estado) values (27, 'Occlusion of Duodenum with Extralum Dev, Perc Endo Approach', 'x');
insert into aerolinea.EtapaBoleto (idEtapaBoleto, descripcion, estado) values (28, 'Beam Radiation of Cervix using Photons >10 MeV', 'k');
insert into aerolinea.EtapaBoleto (idEtapaBoleto, descripcion, estado) values (29, 'Drainage of Right Upper Leg Muscle, Open Approach', 't');
insert into aerolinea.EtapaBoleto (idEtapaBoleto, descripcion, estado) values (30, 'Revision of Synthetic Substitute in Cerv Jt, Extern Approach', 'd');

-- -----------------------------------------------------
-- Table aerolinea.RequisitoBoleto
-- -----------------------------------------------------
CREATE TABLE IF NOT EXISTS aerolinea.RequisitoBoleto (
  idRequisitoBoleto INT NOT NULL,
  descripcion VARCHAR(200) NULL,
  estado VARCHAR(200) NULL,
  EtapaBoleto_idEtapaBoleto INT NOT NULL,
  CONSTRAINT pk_idRequisitoBoleto PRIMARY KEY (idRequisitoBoleto),
  CONSTRAINT fk_RequisitoBoleto_EtapaBoleto1
    FOREIGN KEY (EtapaBoleto_idEtapaBoleto)
    REFERENCES aerolinea.EtapaBoleto (idEtapaBoleto)
    ON DELETE NO ACTION
    ON UPDATE NO ACTION);

insert into aerolinea.RequisitoBoleto (idRequisitoBoleto, descripcion, estado, EtapaBoleto_idEtapaBoleto) values (1, 'Replacement of R Verteb Art with Synth Sub, Open Approach', 'p', 1);
insert into aerolinea.RequisitoBoleto (idRequisitoBoleto, descripcion, estado, EtapaBoleto_idEtapaBoleto) values (2, 'Robotic Assisted Procedure of Up Extrem, Perc Endo Approach', 'x', 2);
insert into aerolinea.RequisitoBoleto (idRequisitoBoleto, descripcion, estado, EtapaBoleto_idEtapaBoleto) values (3, 'Restrict of R Com Iliac Art with Intralum Dev, Perc Approach', 'v', 3);
insert into aerolinea.RequisitoBoleto (idRequisitoBoleto, descripcion, estado, EtapaBoleto_idEtapaBoleto) values (4, 'Reposition Left Thumb Phalanx with Int Fix, Open Approach', 'f', 4);
insert into aerolinea.RequisitoBoleto (idRequisitoBoleto, descripcion, estado, EtapaBoleto_idEtapaBoleto) values (5, 'Insertion of Neuro Lead into Spinal Cord, Open Approach', 'n', 5);
insert into aerolinea.RequisitoBoleto (idRequisitoBoleto, descripcion, estado, EtapaBoleto_idEtapaBoleto) values (6, 'CT Scan of L Renal Vein using L Osm Contrast', 'l', 6);
insert into aerolinea.RequisitoBoleto (idRequisitoBoleto, descripcion, estado, EtapaBoleto_idEtapaBoleto) values (7, 'Alteration of L Low Arm with Synth Sub, Perc Endo Approach', 'n', 7);
insert into aerolinea.RequisitoBoleto (idRequisitoBoleto, descripcion, estado, EtapaBoleto_idEtapaBoleto) values (8, 'Extirpation of Matter from Sacral Plexus, Perc Approach', 'd', 8);
insert into aerolinea.RequisitoBoleto (idRequisitoBoleto, descripcion, estado, EtapaBoleto_idEtapaBoleto) values (9, 'Reposition Left Vertebral Vein, Percutaneous Approach', 'z', 9);
insert into aerolinea.RequisitoBoleto (idRequisitoBoleto, descripcion, estado, EtapaBoleto_idEtapaBoleto) values (10, 'Insertion of Spacer into Lum Jt, Perc Endo Approach', 'r', 10);
insert into aerolinea.RequisitoBoleto (idRequisitoBoleto, descripcion, estado, EtapaBoleto_idEtapaBoleto) values (11, 'Drainage of Trigeminal Nerve with Drain Dev, Open Approach', 'k', 11);
insert into aerolinea.RequisitoBoleto (idRequisitoBoleto, descripcion, estado, EtapaBoleto_idEtapaBoleto) values (12, 'Introduce Monoclonal Antibody in Pleural Cav, Perc', 'm', 12);
insert into aerolinea.RequisitoBoleto (idRequisitoBoleto, descripcion, estado, EtapaBoleto_idEtapaBoleto) values (13, 'Remove Infusion Dev from L Metacarpophal Jt, Open', 'k', 13);
insert into aerolinea.RequisitoBoleto (idRequisitoBoleto, descripcion, estado, EtapaBoleto_idEtapaBoleto) values (14, 'Resection of Soft Palate, Open Approach', 'o', 14);
insert into aerolinea.RequisitoBoleto (idRequisitoBoleto, descripcion, estado, EtapaBoleto_idEtapaBoleto) values (15, 'Change Intermittent Pressure Device on Right Lower Leg', 'o', 15);
insert into aerolinea.RequisitoBoleto (idRequisitoBoleto, descripcion, estado, EtapaBoleto_idEtapaBoleto) values (16, 'Removal of Spacer from R Tarsal Jt, Perc Endo Approach', 's', 16);
insert into aerolinea.RequisitoBoleto (idRequisitoBoleto, descripcion, estado, EtapaBoleto_idEtapaBoleto) values (17, 'Revision of Radioact Elem in Pericard Cav, Extern Approach', 'v', 17);
insert into aerolinea.RequisitoBoleto (idRequisitoBoleto, descripcion, estado, EtapaBoleto_idEtapaBoleto) values (18, 'Removal of Autol Sub from R Acromioclav Jt, Perc Approach', 'k', 18);
insert into aerolinea.RequisitoBoleto (idRequisitoBoleto, descripcion, estado, EtapaBoleto_idEtapaBoleto) values (19, 'Bypass Ileum to Anus, Percutaneous Endoscopic Approach', 'x', 19);
insert into aerolinea.RequisitoBoleto (idRequisitoBoleto, descripcion, estado, EtapaBoleto_idEtapaBoleto) values (20, 'Chiropractic Manipulation of Lumbar Region, Short Lever', 'v', 20);
insert into aerolinea.RequisitoBoleto (idRequisitoBoleto, descripcion, estado, EtapaBoleto_idEtapaBoleto) values (21, 'Revision of Spacer in R Acromioclav Jt, Perc Endo Approach', 'v', 21);
insert into aerolinea.RequisitoBoleto (idRequisitoBoleto, descripcion, estado, EtapaBoleto_idEtapaBoleto) values (22, 'Destruction of Right Tarsal, Perc Endo Approach', 'w', 22);
insert into aerolinea.RequisitoBoleto (idRequisitoBoleto, descripcion, estado, EtapaBoleto_idEtapaBoleto) values (23, 'Restriction of Left Hepatic Duct, Perc Endo Approach', 't', 23);
insert into aerolinea.RequisitoBoleto (idRequisitoBoleto, descripcion, estado, EtapaBoleto_idEtapaBoleto) values (24, 'Transfer Left Thorax Bursa and Ligament, Open Approach', 't', 24);
insert into aerolinea.RequisitoBoleto (idRequisitoBoleto, descripcion, estado, EtapaBoleto_idEtapaBoleto) values (25, 'Dilate of R Mid Lobe Bronc with Intralum Dev, Perc Approach', 'a', 25);
insert into aerolinea.RequisitoBoleto (idRequisitoBoleto, descripcion, estado, EtapaBoleto_idEtapaBoleto) values (26, 'Replacement of R Ethmoid Bone with Nonaut Sub, Open Approach', 'p', 26);
insert into aerolinea.RequisitoBoleto (idRequisitoBoleto, descripcion, estado, EtapaBoleto_idEtapaBoleto) values (27, 'Destruction of Left Greater Saphenous Vein, Open Approach', 'k', 27);
insert into aerolinea.RequisitoBoleto (idRequisitoBoleto, descripcion, estado, EtapaBoleto_idEtapaBoleto) values (28, 'Insertion of Infusion Device into L Buttock, Perc Approach', 'f', 28);
insert into aerolinea.RequisitoBoleto (idRequisitoBoleto, descripcion, estado, EtapaBoleto_idEtapaBoleto) values (29, 'Resection of Sacrococcygeal Joint, Open Approach', 'a', 29);
insert into aerolinea.RequisitoBoleto (idRequisitoBoleto, descripcion, estado, EtapaBoleto_idEtapaBoleto) values (30, 'Beam Radiation of Pituitary Gland using Photons <1 MeV', 'a', 30);

-- -----------------------------------------------------
-- Table aerolinea.SolicitudCompraBoleto
-- -----------------------------------------------------
CREATE TABLE IF NOT EXISTS aerolinea.SolicitudCompraBoleto (
  idSolicitudCompraBoleto INT NOT NULL,
  fechaHoraInicio timestamp NULL,
  fechaHoraFin timestamp NULL,
  Boleto_idBoleto INT NOT NULL,
  EtapaBoleto_idEtapaBoleto INT NOT NULL,
  Empleado_idEmpleado INT NOT NULL,
  CONSTRAINT pk_idSolicitudCompraBoleto PRIMARY KEY (idSolicitudCompraBoleto),
  CONSTRAINT fk_SolicitudCompraBoleto_Boleto1
    FOREIGN KEY (Boleto_idBoleto)
    REFERENCES aerolinea.Boleto (idBoleto)
    ON DELETE NO ACTION
    ON UPDATE NO ACTION,
  CONSTRAINT fk_SolicitudCompraBoleto_EtapaBoleto1
    FOREIGN KEY (EtapaBoleto_idEtapaBoleto)
    REFERENCES aerolinea.EtapaBoleto (idEtapaBoleto)
    ON DELETE NO ACTION
    ON UPDATE NO ACTION,
  CONSTRAINT fk_SolicitudCompraBoleto_Empleado1
    FOREIGN KEY (Empleado_idEmpleado)
    REFERENCES aerolinea.Empleado (idEmpleado)
    ON DELETE NO ACTION
    ON UPDATE NO ACTION);

insert into aerolinea.SolicitudCompraBoleto (idSolicitudCompraBoleto, fechaHoraInicio, fechaHoraFin, Boleto_idBoleto, EtapaBoleto_idEtapaBoleto, Empleado_idEmpleado) values (1, '2019-03-09', '2017-04-11', 1, 1, 1);
insert into aerolinea.SolicitudCompraBoleto (idSolicitudCompraBoleto, fechaHoraInicio, fechaHoraFin, Boleto_idBoleto, EtapaBoleto_idEtapaBoleto, Empleado_idEmpleado) values (2, '2015-08-05', '2016-10-25', 2, 2, 2);
insert into aerolinea.SolicitudCompraBoleto (idSolicitudCompraBoleto, fechaHoraInicio, fechaHoraFin, Boleto_idBoleto, EtapaBoleto_idEtapaBoleto, Empleado_idEmpleado) values (3, '2016-01-16', '2019-02-25', 3, 3, 3);
insert into aerolinea.SolicitudCompraBoleto (idSolicitudCompraBoleto, fechaHoraInicio, fechaHoraFin, Boleto_idBoleto, EtapaBoleto_idEtapaBoleto, Empleado_idEmpleado) values (4, '2017-09-14', '2015-07-03', 4, 4, 4);
insert into aerolinea.SolicitudCompraBoleto (idSolicitudCompraBoleto, fechaHoraInicio, fechaHoraFin, Boleto_idBoleto, EtapaBoleto_idEtapaBoleto, Empleado_idEmpleado) values (5, '2016-10-05', '2016-02-02', 5, 5, 5);
insert into aerolinea.SolicitudCompraBoleto (idSolicitudCompraBoleto, fechaHoraInicio, fechaHoraFin, Boleto_idBoleto, EtapaBoleto_idEtapaBoleto, Empleado_idEmpleado) values (6, '2015-07-19', '2018-05-26', 6, 6, 6);
insert into aerolinea.SolicitudCompraBoleto (idSolicitudCompraBoleto, fechaHoraInicio, fechaHoraFin, Boleto_idBoleto, EtapaBoleto_idEtapaBoleto, Empleado_idEmpleado) values (7, '2018-04-27', '2017-07-03', 7, 7, 7);
insert into aerolinea.SolicitudCompraBoleto (idSolicitudCompraBoleto, fechaHoraInicio, fechaHoraFin, Boleto_idBoleto, EtapaBoleto_idEtapaBoleto, Empleado_idEmpleado) values (8, '2015-06-04', '2015-12-15', 8, 8, 8);
insert into aerolinea.SolicitudCompraBoleto (idSolicitudCompraBoleto, fechaHoraInicio, fechaHoraFin, Boleto_idBoleto, EtapaBoleto_idEtapaBoleto, Empleado_idEmpleado) values (9, '2015-07-06', '2016-02-01', 9, 9, 9);
insert into aerolinea.SolicitudCompraBoleto (idSolicitudCompraBoleto, fechaHoraInicio, fechaHoraFin, Boleto_idBoleto, EtapaBoleto_idEtapaBoleto, Empleado_idEmpleado) values (10, '2016-02-23', '2016-07-15', 10, 10, 10);
insert into aerolinea.SolicitudCompraBoleto (idSolicitudCompraBoleto, fechaHoraInicio, fechaHoraFin, Boleto_idBoleto, EtapaBoleto_idEtapaBoleto, Empleado_idEmpleado) values (11, '2017-12-17', '2017-04-23', 11, 11, 11);
insert into aerolinea.SolicitudCompraBoleto (idSolicitudCompraBoleto, fechaHoraInicio, fechaHoraFin, Boleto_idBoleto, EtapaBoleto_idEtapaBoleto, Empleado_idEmpleado) values (12, '2015-05-26', '2015-10-07', 12, 12, 12);
insert into aerolinea.SolicitudCompraBoleto (idSolicitudCompraBoleto, fechaHoraInicio, fechaHoraFin, Boleto_idBoleto, EtapaBoleto_idEtapaBoleto, Empleado_idEmpleado) values (13, '2015-05-13', '2018-01-10', 13, 13, 13);
insert into aerolinea.SolicitudCompraBoleto (idSolicitudCompraBoleto, fechaHoraInicio, fechaHoraFin, Boleto_idBoleto, EtapaBoleto_idEtapaBoleto, Empleado_idEmpleado) values (14, '2017-08-20', '2018-04-26', 14, 14, 14);
insert into aerolinea.SolicitudCompraBoleto (idSolicitudCompraBoleto, fechaHoraInicio, fechaHoraFin, Boleto_idBoleto, EtapaBoleto_idEtapaBoleto, Empleado_idEmpleado) values (15, '2017-02-27', '2018-05-19', 15, 15, 15);
insert into aerolinea.SolicitudCompraBoleto (idSolicitudCompraBoleto, fechaHoraInicio, fechaHoraFin, Boleto_idBoleto, EtapaBoleto_idEtapaBoleto, Empleado_idEmpleado) values (16, '2016-07-14', '2017-05-07', 16, 16, 16);
insert into aerolinea.SolicitudCompraBoleto (idSolicitudCompraBoleto, fechaHoraInicio, fechaHoraFin, Boleto_idBoleto, EtapaBoleto_idEtapaBoleto, Empleado_idEmpleado) values (17, '2018-12-23', '2017-12-27', 17, 17, 17);
insert into aerolinea.SolicitudCompraBoleto (idSolicitudCompraBoleto, fechaHoraInicio, fechaHoraFin, Boleto_idBoleto, EtapaBoleto_idEtapaBoleto, Empleado_idEmpleado) values (18, '2015-06-01', '2018-03-03', 18, 18, 18);
insert into aerolinea.SolicitudCompraBoleto (idSolicitudCompraBoleto, fechaHoraInicio, fechaHoraFin, Boleto_idBoleto, EtapaBoleto_idEtapaBoleto, Empleado_idEmpleado) values (19, '2018-10-16', '2018-01-26', 19, 19, 19);
insert into aerolinea.SolicitudCompraBoleto (idSolicitudCompraBoleto, fechaHoraInicio, fechaHoraFin, Boleto_idBoleto, EtapaBoleto_idEtapaBoleto, Empleado_idEmpleado) values (20, '2016-09-14', '2018-08-08', 20, 20, 20);
insert into aerolinea.SolicitudCompraBoleto (idSolicitudCompraBoleto, fechaHoraInicio, fechaHoraFin, Boleto_idBoleto, EtapaBoleto_idEtapaBoleto, Empleado_idEmpleado) values (21, '2018-04-21', '2018-10-07', 21, 21, 21);
insert into aerolinea.SolicitudCompraBoleto (idSolicitudCompraBoleto, fechaHoraInicio, fechaHoraFin, Boleto_idBoleto, EtapaBoleto_idEtapaBoleto, Empleado_idEmpleado) values (22, '2016-07-19', '2015-09-16', 22, 22, 22);
insert into aerolinea.SolicitudCompraBoleto (idSolicitudCompraBoleto, fechaHoraInicio, fechaHoraFin, Boleto_idBoleto, EtapaBoleto_idEtapaBoleto, Empleado_idEmpleado) values (23, '2016-12-27', '2016-03-19', 23, 23, 23);
insert into aerolinea.SolicitudCompraBoleto (idSolicitudCompraBoleto, fechaHoraInicio, fechaHoraFin, Boleto_idBoleto, EtapaBoleto_idEtapaBoleto, Empleado_idEmpleado) values (24, '2018-03-31', '2019-02-10', 24, 24, 24);
insert into aerolinea.SolicitudCompraBoleto (idSolicitudCompraBoleto, fechaHoraInicio, fechaHoraFin, Boleto_idBoleto, EtapaBoleto_idEtapaBoleto, Empleado_idEmpleado) values (25, '2016-08-19', '2015-07-17', 25, 25, 25);
insert into aerolinea.SolicitudCompraBoleto (idSolicitudCompraBoleto, fechaHoraInicio, fechaHoraFin, Boleto_idBoleto, EtapaBoleto_idEtapaBoleto, Empleado_idEmpleado) values (26, '2017-06-29', '2018-01-21', 26, 26, 26);
insert into aerolinea.SolicitudCompraBoleto (idSolicitudCompraBoleto, fechaHoraInicio, fechaHoraFin, Boleto_idBoleto, EtapaBoleto_idEtapaBoleto, Empleado_idEmpleado) values (27, '2015-05-15', '2016-07-23', 27, 27, 27);
insert into aerolinea.SolicitudCompraBoleto (idSolicitudCompraBoleto, fechaHoraInicio, fechaHoraFin, Boleto_idBoleto, EtapaBoleto_idEtapaBoleto, Empleado_idEmpleado) values (28, '2018-02-07', '2017-01-14', 28, 28, 28);
insert into aerolinea.SolicitudCompraBoleto (idSolicitudCompraBoleto, fechaHoraInicio, fechaHoraFin, Boleto_idBoleto, EtapaBoleto_idEtapaBoleto, Empleado_idEmpleado) values (29, '2017-04-08', '2018-03-18', 29, 29, 29);
insert into aerolinea.SolicitudCompraBoleto (idSolicitudCompraBoleto, fechaHoraInicio, fechaHoraFin, Boleto_idBoleto, EtapaBoleto_idEtapaBoleto, Empleado_idEmpleado) values (30, '2018-12-01', '2018-05-16', 30, 30, 30);

-- -----------------------------------------------------
-- Table aerolinea.Area
-- -----------------------------------------------------
CREATE TABLE IF NOT EXISTS aerolinea.Area (
  idArea INT NOT NULL,
  descripcion VARCHAR(200) NULL,
  CONSTRAINT pk_idArea PRIMARY KEY (idArea));

insert into aerolinea.Area (idArea, descripcion) values (1, 'Dilate of R Peroneal Art with 3 Intralum Dev, Open Approach');
insert into aerolinea.Area (idArea, descripcion) values (2, 'Supplement Aortic Valve with Nonaut Sub, Perc Endo Approach');
insert into aerolinea.Area (idArea, descripcion) values (3, 'Sensory Aids Assessment using Tympanometer');
insert into aerolinea.Area (idArea, descripcion) values (4, 'Insertion of Ext Fix into R Metatarsophal Jt, Open Approach');
insert into aerolinea.Area (idArea, descripcion) values (5, 'Detachment at Right Foot, Partial 3rd Ray, Open Approach');
insert into aerolinea.Area (idArea, descripcion) values (6, 'Revision of Synth Sub in L Tarsal Jt, Perc Endo Approach');
insert into aerolinea.Area (idArea, descripcion) values (7, 'Drainage of Lesser Omentum with Drain Dev, Perc Approach');
insert into aerolinea.Area (idArea, descripcion) values (8, 'Extirpation of Matter from Pericardial Cavity, Open Approach');
insert into aerolinea.Area (idArea, descripcion) values (9, 'Supplement L Temporomandib Jt with Nonaut Sub, Open Approach');
insert into aerolinea.Area (idArea, descripcion) values (10, 'Removal of Ext Fix from L Toe Phalanx, Extern Approach');
insert into aerolinea.Area (idArea, descripcion) values (11, 'Destruction of Cervical Nerve, Percutaneous Approach');
insert into aerolinea.Area (idArea, descripcion) values (12, 'Replace of R Ext Iliac Vein with Synth Sub, Open Approach');
insert into aerolinea.Area (idArea, descripcion) values (13, 'Fluoroscopy of Bi Renal Vein using H Osm Contrast, Guidance');
insert into aerolinea.Area (idArea, descripcion) values (14, 'Dilation of Intracranial Artery, Open Approach');
insert into aerolinea.Area (idArea, descripcion) values (15, 'Removal of Drainage Device from Liver, Open Approach');
insert into aerolinea.Area (idArea, descripcion) values (16, 'Indiv Psychotherapy for Substance Abuse Treatment, Cognitive');
insert into aerolinea.Area (idArea, descripcion) values (17, 'Removal of Nonaut Sub from R Metacarpocarp Jt, Perc Approach');
insert into aerolinea.Area (idArea, descripcion) values (18, 'Extirpate matter from R Int Carotid, Bifurc, Open');
insert into aerolinea.Area (idArea, descripcion) values (19, 'Control Bleeding in Left Shoulder Region, Perc Endo Approach');
insert into aerolinea.Area (idArea, descripcion) values (20, 'Occlusion L Up Lobe Bronc w Extralum Dev, Perc Endo');
insert into aerolinea.Area (idArea, descripcion) values (21, 'Computerized Tomography (CT Scan) of Chest, Abd & Pelvis');
insert into aerolinea.Area (idArea, descripcion) values (22, 'Extraction of R Up Arm Subcu/Fascia, Perc Approach');
insert into aerolinea.Area (idArea, descripcion) values (23, 'Insert of Infusion Dev into Uterus & Cervix, Open Approach');
insert into aerolinea.Area (idArea, descripcion) values (24, 'Bypass Thor Aorta Asc to Pulm Trunk w Zooplastic, Perc Endo');
insert into aerolinea.Area (idArea, descripcion) values (25, 'Plain Radiography of Prostate using High Osmolar Contrast');
insert into aerolinea.Area (idArea, descripcion) values (26, 'Removal of Nonaut Sub from R Acetabulum, Open Approach');
insert into aerolinea.Area (idArea, descripcion) values (27, 'Extirpate of Matter from L Peroneal Art, Perc Endo Approach');
insert into aerolinea.Area (idArea, descripcion) values (28, 'Drainage of R Up Extrem with Drain Dev, Open Approach');
insert into aerolinea.Area (idArea, descripcion) values (29, 'Change Bandage on Right Lower Arm');
insert into aerolinea.Area (idArea, descripcion) values (30, 'Revision of Autol Sub in Lumsac Disc, Perc Approach');

-- -----------------------------------------------------
-- Table aerolinea.Cargo
-- -----------------------------------------------------
CREATE TABLE IF NOT EXISTS aerolinea.Cargo (
  idCargo INT NOT NULL,
  descripcion VARCHAR(200) NULL,
  Area_idArea INT NOT NULL,
  CONSTRAINT pk_idCargo PRIMARY KEY (idCargo),
  CONSTRAINT fk_Cargo_Area1
    FOREIGN KEY (Area_idArea)
    REFERENCES aerolinea.Area (idArea)
    ON DELETE NO ACTION
    ON UPDATE NO ACTION);

insert into aerolinea.Cargo (idCargo, descripcion, Area_idArea) values (1, 'Extirpate matter from R Low Extrem Bursa/Lig, Perc', 1);
insert into aerolinea.Cargo (idCargo, descripcion, Area_idArea) values (2, 'Supplement Left Atrium with Synth Sub, Perc Endo Approach', 2);
insert into aerolinea.Cargo (idCargo, descripcion, Area_idArea) values (3, 'Replacement of Right Nipple with Nonaut Sub, Extern Approach', 3);
insert into aerolinea.Cargo (idCargo, descripcion, Area_idArea) values (4, 'Revision of Drainage Device in Low Intest Tract, Via Opening', 4);
insert into aerolinea.Cargo (idCargo, descripcion, Area_idArea) values (5, 'Bypass Sup Vena Cava to L Pulm Art w Nonaut Sub, Open', 5);
insert into aerolinea.Cargo (idCargo, descripcion, Area_idArea) values (6, 'Replacement of Buccal Mucosa with Synth Sub, Perc Approach', 6);
insert into aerolinea.Cargo (idCargo, descripcion, Area_idArea) values (7, 'Removal of Synthetic Substitute from L Ulna, Perc Approach', 7);
insert into aerolinea.Cargo (idCargo, descripcion, Area_idArea) values (8, 'Replacement of Lesser Omentum with Synth Sub, Open Approach', 8);
insert into aerolinea.Cargo (idCargo, descripcion, Area_idArea) values (9, 'Insert of Facet Stabl Dev into T-lum Jt, Perc Endo Approach', 9);
insert into aerolinea.Cargo (idCargo, descripcion, Area_idArea) values (10, 'Insertion of Infusion Device into R Ulnar Art, Open Approach', 10);
insert into aerolinea.Cargo (idCargo, descripcion, Area_idArea) values (11, 'Reposition Right Pulmonary Vein, Open Approach', 11);
insert into aerolinea.Cargo (idCargo, descripcion, Area_idArea) values (12, 'Supplement R Low Leg with Synth Sub, Perc Endo Approach', 12);
insert into aerolinea.Cargo (idCargo, descripcion, Area_idArea) values (13, 'Supplement Urethra with Nonaut Sub, Open Approach', 13);
insert into aerolinea.Cargo (idCargo, descripcion, Area_idArea) values (14, 'Excision of Right Metatarsal, Percutaneous Approach, Diagn', 14);
insert into aerolinea.Cargo (idCargo, descripcion, Area_idArea) values (15, 'Drainage of Right Metacarpocarpal Joint, Perc Approach', 15);
insert into aerolinea.Cargo (idCargo, descripcion, Area_idArea) values (16, 'Bypass Ascending Colon to Asc Colon with Synth Sub, Endo', 16);
insert into aerolinea.Cargo (idCargo, descripcion, Area_idArea) values (17, 'Insertion of Infusion Device into Testis, Via Opening', 17);
insert into aerolinea.Cargo (idCargo, descripcion, Area_idArea) values (18, 'HDR Brachytherapy of Prostate using Californium 252', 18);
insert into aerolinea.Cargo (idCargo, descripcion, Area_idArea) values (19, 'Insertion of Spacer into L Elbow Jt, Perc Endo Approach', 19);
insert into aerolinea.Cargo (idCargo, descripcion, Area_idArea) values (20, 'Replacement of Left Nipple with Synth Sub, Extern Approach', 20);
insert into aerolinea.Cargo (idCargo, descripcion, Area_idArea) values (21, 'Ultrasonography of Bi Int Carotid, Intravasc', 21);
insert into aerolinea.Cargo (idCargo, descripcion, Area_idArea) values (22, 'Dilation of 3 Cor Art with Radioact Intralum, Perc Approach', 22);
insert into aerolinea.Cargo (idCargo, descripcion, Area_idArea) values (23, 'Revision of Synth Sub in R Thumb Phalanx, Perc Endo Approach', 23);
insert into aerolinea.Cargo (idCargo, descripcion, Area_idArea) values (24, 'Restrict of R Lacrml Duct with Intralum Dev, Perc Approach', 24);
insert into aerolinea.Cargo (idCargo, descripcion, Area_idArea) values (25, 'Removal of Ext Fix from R Toe Phalanx, Perc Endo Approach', 25);
insert into aerolinea.Cargo (idCargo, descripcion, Area_idArea) values (26, 'Excision of Left Upper Leg Tendon, Perc Endo Approach, Diagn', 26);
insert into aerolinea.Cargo (idCargo, descripcion, Area_idArea) values (27, 'Extirpation of Matter from Left Acetabulum, Perc Approach', 27);
insert into aerolinea.Cargo (idCargo, descripcion, Area_idArea) values (28, 'Bypass Bladder to Ileocutan with Synth Sub, Open Approach', 28);
insert into aerolinea.Cargo (idCargo, descripcion, Area_idArea) values (29, 'Reposition L Humeral Shaft w Monopln Ext Fix, Perc', 29);
insert into aerolinea.Cargo (idCargo, descripcion, Area_idArea) values (30, 'Osteopathic Treatment of Low Extrem using Fascial Release', 30);

-- -----------------------------------------------------
-- Table aerolinea.Cargo_has_Empleado
-- -----------------------------------------------------
CREATE TABLE IF NOT EXISTS aerolinea.Cargo_has_Empleado (
  Cargo_idCargo INT NOT NULL,
  Empleado_idEmpleado INT NOT NULL,
  fechaInicio DATE NULL,
  fechaFin DATE NULL,
  sueldo decimal NULL,
  CONSTRAINT pk_Cargo_idCargo_Empleado_idEmpleado PRIMARY KEY (Cargo_idCargo, Empleado_idEmpleado),
  CONSTRAINT fk_Cargo_has_Empleado_Cargo1
    FOREIGN KEY (Cargo_idCargo)
    REFERENCES aerolinea.Cargo (idCargo)
    ON DELETE NO ACTION
    ON UPDATE NO ACTION,
  CONSTRAINT fk_Cargo_has_Empleado_Empleado1
    FOREIGN KEY (Empleado_idEmpleado)
    REFERENCES aerolinea.Empleado (idEmpleado)
    ON DELETE NO ACTION
    ON UPDATE NO ACTION);

insert into aerolinea.Cargo_has_Empleado (Cargo_idCargo, Empleado_idEmpleado, fechaInicio, fechaFin, sueldo) values (1, 1, '2018-08-21', '2019-03-20', 1994.3);
insert into aerolinea.Cargo_has_Empleado (Cargo_idCargo, Empleado_idEmpleado, fechaInicio, fechaFin, sueldo) values (2, 2, '2019-01-19', '2015-04-07', 1526.3);
insert into aerolinea.Cargo_has_Empleado (Cargo_idCargo, Empleado_idEmpleado, fechaInicio, fechaFin, sueldo) values (3, 3, '2018-04-17', '2015-11-02', 4788.2);
insert into aerolinea.Cargo_has_Empleado (Cargo_idCargo, Empleado_idEmpleado, fechaInicio, fechaFin, sueldo) values (4, 4, '2018-04-24', '2016-08-04', 1825.9);
insert into aerolinea.Cargo_has_Empleado (Cargo_idCargo, Empleado_idEmpleado, fechaInicio, fechaFin, sueldo) values (5, 5, '2017-06-12', '2018-07-24', 1701.9);
insert into aerolinea.Cargo_has_Empleado (Cargo_idCargo, Empleado_idEmpleado, fechaInicio, fechaFin, sueldo) values (6, 6, '2016-06-11', '2015-12-06', 4410.3);
insert into aerolinea.Cargo_has_Empleado (Cargo_idCargo, Empleado_idEmpleado, fechaInicio, fechaFin, sueldo) values (7, 7, '2015-11-18', '2017-10-15', 4506.0);
insert into aerolinea.Cargo_has_Empleado (Cargo_idCargo, Empleado_idEmpleado, fechaInicio, fechaFin, sueldo) values (8, 8, '2016-06-13', '2015-04-28', 3989.5);
insert into aerolinea.Cargo_has_Empleado (Cargo_idCargo, Empleado_idEmpleado, fechaInicio, fechaFin, sueldo) values (9, 9, '2017-01-14', '2017-10-28', 3081.1);
insert into aerolinea.Cargo_has_Empleado (Cargo_idCargo, Empleado_idEmpleado, fechaInicio, fechaFin, sueldo) values (10, 10, '2015-05-02', '2017-05-17', 2578.9);
insert into aerolinea.Cargo_has_Empleado (Cargo_idCargo, Empleado_idEmpleado, fechaInicio, fechaFin, sueldo) values (11, 11, '2016-07-04', '2015-09-26', 1596.9);
insert into aerolinea.Cargo_has_Empleado (Cargo_idCargo, Empleado_idEmpleado, fechaInicio, fechaFin, sueldo) values (12, 12, '2016-11-24', '2016-11-19', 2438.0);
insert into aerolinea.Cargo_has_Empleado (Cargo_idCargo, Empleado_idEmpleado, fechaInicio, fechaFin, sueldo) values (13, 13, '2015-10-14', '2019-02-24', 4174.1);
insert into aerolinea.Cargo_has_Empleado (Cargo_idCargo, Empleado_idEmpleado, fechaInicio, fechaFin, sueldo) values (14, 14, '2016-04-21', '2016-06-23', 1379.9);
insert into aerolinea.Cargo_has_Empleado (Cargo_idCargo, Empleado_idEmpleado, fechaInicio, fechaFin, sueldo) values (15, 15, '2016-02-04', '2015-05-02', 3621.0);
insert into aerolinea.Cargo_has_Empleado (Cargo_idCargo, Empleado_idEmpleado, fechaInicio, fechaFin, sueldo) values (16, 16, '2018-04-27', '2015-09-13', 2162.6);
insert into aerolinea.Cargo_has_Empleado (Cargo_idCargo, Empleado_idEmpleado, fechaInicio, fechaFin, sueldo) values (17, 17, '2017-04-22', '2015-05-08', 1003.3);
insert into aerolinea.Cargo_has_Empleado (Cargo_idCargo, Empleado_idEmpleado, fechaInicio, fechaFin, sueldo) values (18, 18, '2017-07-01', '2016-10-22', 4273.5);
insert into aerolinea.Cargo_has_Empleado (Cargo_idCargo, Empleado_idEmpleado, fechaInicio, fechaFin, sueldo) values (19, 19, '2016-10-08', '2016-10-03', 3569.2);
insert into aerolinea.Cargo_has_Empleado (Cargo_idCargo, Empleado_idEmpleado, fechaInicio, fechaFin, sueldo) values (20, 20, '2017-02-01', '2015-08-05', 4240.2);
insert into aerolinea.Cargo_has_Empleado (Cargo_idCargo, Empleado_idEmpleado, fechaInicio, fechaFin, sueldo) values (21, 21, '2018-05-05', '2016-09-09', 4939.8);
insert into aerolinea.Cargo_has_Empleado (Cargo_idCargo, Empleado_idEmpleado, fechaInicio, fechaFin, sueldo) values (22, 22, '2017-10-15', '2016-04-19', 2546.1);
insert into aerolinea.Cargo_has_Empleado (Cargo_idCargo, Empleado_idEmpleado, fechaInicio, fechaFin, sueldo) values (23, 23, '2018-09-27', '2015-09-10', 1864.1);
insert into aerolinea.Cargo_has_Empleado (Cargo_idCargo, Empleado_idEmpleado, fechaInicio, fechaFin, sueldo) values (24, 24, '2016-08-01', '2018-03-27', 1574.0);
insert into aerolinea.Cargo_has_Empleado (Cargo_idCargo, Empleado_idEmpleado, fechaInicio, fechaFin, sueldo) values (25, 25, '2018-07-17', '2015-04-29', 3791.1);
insert into aerolinea.Cargo_has_Empleado (Cargo_idCargo, Empleado_idEmpleado, fechaInicio, fechaFin, sueldo) values (26, 26, '2018-11-14', '2016-11-27', 2726.1);
insert into aerolinea.Cargo_has_Empleado (Cargo_idCargo, Empleado_idEmpleado, fechaInicio, fechaFin, sueldo) values (27, 27, '2018-09-30', '2016-04-28', 2921.4);
insert into aerolinea.Cargo_has_Empleado (Cargo_idCargo, Empleado_idEmpleado, fechaInicio, fechaFin, sueldo) values (28, 28, '2019-01-03', '2018-07-23', 4348.0);
insert into aerolinea.Cargo_has_Empleado (Cargo_idCargo, Empleado_idEmpleado, fechaInicio, fechaFin, sueldo) values (29, 29, '2015-04-30', '2015-04-26', 3438.6);
insert into aerolinea.Cargo_has_Empleado (Cargo_idCargo, Empleado_idEmpleado, fechaInicio, fechaFin, sueldo) values (30, 30, '2016-02-19', '2016-01-26', 4546.9);

-- -----------------------------------------------------
-- Table aerolinea.FormaPago
-- -----------------------------------------------------
CREATE TABLE IF NOT EXISTS aerolinea.FormaPago (
  idFormaPago INT NOT NULL,
  descripcion VARCHAR(200) NULL,
  CONSTRAINT pk_idFormaPago PRIMARY KEY (idFormaPago));

insert into aerolinea.FormaPago (idFormaPago, descripcion) values (1, 'Peso');
insert into aerolinea.FormaPago (idFormaPago, descripcion) values (2, 'Franc');
insert into aerolinea.FormaPago (idFormaPago, descripcion) values (3, 'Real');
insert into aerolinea.FormaPago (idFormaPago, descripcion) values (4, 'Zloty');
insert into aerolinea.FormaPago (idFormaPago, descripcion) values (5, 'Peso');
insert into aerolinea.FormaPago (idFormaPago, descripcion) values (6, 'Ruble');
insert into aerolinea.FormaPago (idFormaPago, descripcion) values (7, 'Yuan Renminbi');
insert into aerolinea.FormaPago (idFormaPago, descripcion) values (8, 'Manat');
insert into aerolinea.FormaPago (idFormaPago, descripcion) values (9, 'Euro');
insert into aerolinea.FormaPago (idFormaPago, descripcion) values (10, 'Euro');
insert into aerolinea.FormaPago (idFormaPago, descripcion) values (11, 'Yuan Renminbi');
insert into aerolinea.FormaPago (idFormaPago, descripcion) values (12, 'Denar');
insert into aerolinea.FormaPago (idFormaPago, descripcion) values (13, 'Rupiah');
insert into aerolinea.FormaPago (idFormaPago, descripcion) values (14, 'Yuan Renminbi');
insert into aerolinea.FormaPago (idFormaPago, descripcion) values (15, 'Tugrik');
insert into aerolinea.FormaPago (idFormaPago, descripcion) values (16, 'Peso');
insert into aerolinea.FormaPago (idFormaPago, descripcion) values (17, 'Dollar');
insert into aerolinea.FormaPago (idFormaPago, descripcion) values (18, 'Dollar');
insert into aerolinea.FormaPago (idFormaPago, descripcion) values (19, 'Yuan Renminbi');
insert into aerolinea.FormaPago (idFormaPago, descripcion) values (20, 'Peso');
insert into aerolinea.FormaPago (idFormaPago, descripcion) values (21, 'Peso');
insert into aerolinea.FormaPago (idFormaPago, descripcion) values (22, 'Yuan Renminbi');
insert into aerolinea.FormaPago (idFormaPago, descripcion) values (23, 'Dollar');
insert into aerolinea.FormaPago (idFormaPago, descripcion) values (24, 'Zloty');
insert into aerolinea.FormaPago (idFormaPago, descripcion) values (25, 'Yuan Renminbi');
insert into aerolinea.FormaPago (idFormaPago, descripcion) values (26, 'Yuan Renminbi');
insert into aerolinea.FormaPago (idFormaPago, descripcion) values (27, 'Rial');
insert into aerolinea.FormaPago (idFormaPago, descripcion) values (28, 'Koruna');
insert into aerolinea.FormaPago (idFormaPago, descripcion) values (29, 'Krona');
insert into aerolinea.FormaPago (idFormaPago, descripcion) values (30, 'Yuan Renminbi');

-- -----------------------------------------------------
-- Table aerolinea.FormaPago_has_Boleto
-- -----------------------------------------------------
CREATE TABLE IF NOT EXISTS aerolinea.FormaPago_has_Boleto (
  FormaPago_idFormaPago INT NOT NULL,
  Boleto_idBoleto INT NOT NULL,
  CONSTRAINT pk_FormaPago_idFormaPago_Boleto_idBoleto PRIMARY KEY (FormaPago_idFormaPago, Boleto_idBoleto),
  CONSTRAINT fk_FormaPago_has_Boleto_FormaPago1
    FOREIGN KEY (FormaPago_idFormaPago)
    REFERENCES aerolinea.FormaPago (idFormaPago)
    ON DELETE NO ACTION
    ON UPDATE NO ACTION,
  CONSTRAINT fk_FormaPago_has_Boleto_Boleto1
    FOREIGN KEY (Boleto_idBoleto)
    REFERENCES aerolinea.Boleto (idBoleto)
    ON DELETE NO ACTION
    ON UPDATE NO ACTION);

insert into aerolinea.FormaPago_has_Boleto (FormaPago_idFormaPago, Boleto_idBoleto) values (1, 1);
insert into aerolinea.FormaPago_has_Boleto (FormaPago_idFormaPago, Boleto_idBoleto) values (2, 2);
insert into aerolinea.FormaPago_has_Boleto (FormaPago_idFormaPago, Boleto_idBoleto) values (3, 3);
insert into aerolinea.FormaPago_has_Boleto (FormaPago_idFormaPago, Boleto_idBoleto) values (4, 4);
insert into aerolinea.FormaPago_has_Boleto (FormaPago_idFormaPago, Boleto_idBoleto) values (5, 5);
insert into aerolinea.FormaPago_has_Boleto (FormaPago_idFormaPago, Boleto_idBoleto) values (6, 6);
insert into aerolinea.FormaPago_has_Boleto (FormaPago_idFormaPago, Boleto_idBoleto) values (7, 7);
insert into aerolinea.FormaPago_has_Boleto (FormaPago_idFormaPago, Boleto_idBoleto) values (8, 8);
insert into aerolinea.FormaPago_has_Boleto (FormaPago_idFormaPago, Boleto_idBoleto) values (9, 9);
insert into aerolinea.FormaPago_has_Boleto (FormaPago_idFormaPago, Boleto_idBoleto) values (10, 10);
insert into aerolinea.FormaPago_has_Boleto (FormaPago_idFormaPago, Boleto_idBoleto) values (11, 11);
insert into aerolinea.FormaPago_has_Boleto (FormaPago_idFormaPago, Boleto_idBoleto) values (12, 12);
insert into aerolinea.FormaPago_has_Boleto (FormaPago_idFormaPago, Boleto_idBoleto) values (13, 13);
insert into aerolinea.FormaPago_has_Boleto (FormaPago_idFormaPago, Boleto_idBoleto) values (14, 14);
insert into aerolinea.FormaPago_has_Boleto (FormaPago_idFormaPago, Boleto_idBoleto) values (15, 15);
insert into aerolinea.FormaPago_has_Boleto (FormaPago_idFormaPago, Boleto_idBoleto) values (16, 16);
insert into aerolinea.FormaPago_has_Boleto (FormaPago_idFormaPago, Boleto_idBoleto) values (17, 17);
insert into aerolinea.FormaPago_has_Boleto (FormaPago_idFormaPago, Boleto_idBoleto) values (18, 18);
insert into aerolinea.FormaPago_has_Boleto (FormaPago_idFormaPago, Boleto_idBoleto) values (19, 19);
insert into aerolinea.FormaPago_has_Boleto (FormaPago_idFormaPago, Boleto_idBoleto) values (20, 20);
insert into aerolinea.FormaPago_has_Boleto (FormaPago_idFormaPago, Boleto_idBoleto) values (21, 21);
insert into aerolinea.FormaPago_has_Boleto (FormaPago_idFormaPago, Boleto_idBoleto) values (22, 22);
insert into aerolinea.FormaPago_has_Boleto (FormaPago_idFormaPago, Boleto_idBoleto) values (23, 23);
insert into aerolinea.FormaPago_has_Boleto (FormaPago_idFormaPago, Boleto_idBoleto) values (24, 24);
insert into aerolinea.FormaPago_has_Boleto (FormaPago_idFormaPago, Boleto_idBoleto) values (25, 25);
insert into aerolinea.FormaPago_has_Boleto (FormaPago_idFormaPago, Boleto_idBoleto) values (26, 26);
insert into aerolinea.FormaPago_has_Boleto (FormaPago_idFormaPago, Boleto_idBoleto) values (27, 27);
insert into aerolinea.FormaPago_has_Boleto (FormaPago_idFormaPago, Boleto_idBoleto) values (28, 28);
insert into aerolinea.FormaPago_has_Boleto (FormaPago_idFormaPago, Boleto_idBoleto) values (29, 29);
insert into aerolinea.FormaPago_has_Boleto (FormaPago_idFormaPago, Boleto_idBoleto) values (30, 30);

-- -----------------------------------------------------
-- Table aerolinea.Licencia
-- -----------------------------------------------------
CREATE TABLE IF NOT EXISTS aerolinea.Licencia (
  idLicencia INT NOT NULL,
  descripcion VARCHAR(200) NULL,
  fechaAprobacion DATE NULL,
  fechaVencimiento DATE NULL,
  Piloto_idPiloto INT NOT NULL,
  TipoLicencia_idTipoLicencia INT NOT NULL,
  CONSTRAINT pk_idLicencia PRIMARY KEY (idLicencia),
  CONSTRAINT fk_Licencia_Piloto1
    FOREIGN KEY (Piloto_idPiloto)
    REFERENCES aerolinea.Piloto (idPiloto)
    ON DELETE NO ACTION
    ON UPDATE NO ACTION,
  CONSTRAINT fk_Licencia_TipoLicencia1
    FOREIGN KEY (TipoLicencia_idTipoLicencia)
    REFERENCES aerolinea.TipoLicencia (idTipoLicencia)
    ON DELETE NO ACTION
    ON UPDATE NO ACTION);

insert into aerolinea.Licencia (idLicencia, descripcion, fechaAprobacion, fechaVencimiento, Piloto_idPiloto, TipoLicencia_idTipoLicencia) values (1, 'Quality Engineer', '2017-06-28', '2018-02-04', 1, 1);
insert into aerolinea.Licencia (idLicencia, descripcion, fechaAprobacion, fechaVencimiento, Piloto_idPiloto, TipoLicencia_idTipoLicencia) values (2, 'Administrative Assistant II', '2015-05-10', '2017-11-25', 2, 2);
insert into aerolinea.Licencia (idLicencia, descripcion, fechaAprobacion, fechaVencimiento, Piloto_idPiloto, TipoLicencia_idTipoLicencia) values (3, 'Budget/Accounting Analyst III', '2018-11-07', '2017-01-22', 3, 3);
insert into aerolinea.Licencia (idLicencia, descripcion, fechaAprobacion, fechaVencimiento, Piloto_idPiloto, TipoLicencia_idTipoLicencia) values (4, 'Tax Accountant', '2016-05-10', '2016-10-18', 4, 4);
insert into aerolinea.Licencia (idLicencia, descripcion, fechaAprobacion, fechaVencimiento, Piloto_idPiloto, TipoLicencia_idTipoLicencia) values (5, 'Health Coach II', '2018-12-09', '2017-03-06', 5, 5);
insert into aerolinea.Licencia (idLicencia, descripcion, fechaAprobacion, fechaVencimiento, Piloto_idPiloto, TipoLicencia_idTipoLicencia) values (6, 'Quality Control Specialist', '2018-10-26', '2015-06-17', 6, 6);
insert into aerolinea.Licencia (idLicencia, descripcion, fechaAprobacion, fechaVencimiento, Piloto_idPiloto, TipoLicencia_idTipoLicencia) values (7, 'Help Desk Technician', '2018-08-15', '2015-09-14', 7, 7);
insert into aerolinea.Licencia (idLicencia, descripcion, fechaAprobacion, fechaVencimiento, Piloto_idPiloto, TipoLicencia_idTipoLicencia) values (8, 'Occupational Therapist', '2018-09-29', '2017-06-11', 8, 8);
insert into aerolinea.Licencia (idLicencia, descripcion, fechaAprobacion, fechaVencimiento, Piloto_idPiloto, TipoLicencia_idTipoLicencia) values (9, 'Software Consultant', '2018-04-16', '2016-12-31', 9, 9);
insert into aerolinea.Licencia (idLicencia, descripcion, fechaAprobacion, fechaVencimiento, Piloto_idPiloto, TipoLicencia_idTipoLicencia) values (10, 'Professor', '2015-06-25', '2015-11-23', 10, 10);
insert into aerolinea.Licencia (idLicencia, descripcion, fechaAprobacion, fechaVencimiento, Piloto_idPiloto, TipoLicencia_idTipoLicencia) values (11, 'Clinical Specialist', '2018-07-18', '2018-04-09', 11, 11);
insert into aerolinea.Licencia (idLicencia, descripcion, fechaAprobacion, fechaVencimiento, Piloto_idPiloto, TipoLicencia_idTipoLicencia) values (12, 'Senior Quality Engineer', '2018-09-19', '2016-12-11', 12, 12);
insert into aerolinea.Licencia (idLicencia, descripcion, fechaAprobacion, fechaVencimiento, Piloto_idPiloto, TipoLicencia_idTipoLicencia) values (13, 'Operator', '2018-08-18', '2017-04-19', 13, 13);
insert into aerolinea.Licencia (idLicencia, descripcion, fechaAprobacion, fechaVencimiento, Piloto_idPiloto, TipoLicencia_idTipoLicencia) values (14, 'Web Developer III', '2018-04-28', '2017-05-12', 14, 14);
insert into aerolinea.Licencia (idLicencia, descripcion, fechaAprobacion, fechaVencimiento, Piloto_idPiloto, TipoLicencia_idTipoLicencia) values (15, 'Geologist IV', '2018-11-26', '2016-01-27', 15, 15);
insert into aerolinea.Licencia (idLicencia, descripcion, fechaAprobacion, fechaVencimiento, Piloto_idPiloto, TipoLicencia_idTipoLicencia) values (16, 'Technical Writer', '2018-06-15', '2017-09-20', 16, 16);
insert into aerolinea.Licencia (idLicencia, descripcion, fechaAprobacion, fechaVencimiento, Piloto_idPiloto, TipoLicencia_idTipoLicencia) values (17, 'Professor', '2018-01-17', '2019-02-17', 17, 17);
insert into aerolinea.Licencia (idLicencia, descripcion, fechaAprobacion, fechaVencimiento, Piloto_idPiloto, TipoLicencia_idTipoLicencia) values (18, 'Desktop Support Technician', '2015-09-01', '2018-01-11', 18, 18);
insert into aerolinea.Licencia (idLicencia, descripcion, fechaAprobacion, fechaVencimiento, Piloto_idPiloto, TipoLicencia_idTipoLicencia) values (19, 'Senior Quality Engineer', '2019-01-27', '2017-03-12', 19, 19);
insert into aerolinea.Licencia (idLicencia, descripcion, fechaAprobacion, fechaVencimiento, Piloto_idPiloto, TipoLicencia_idTipoLicencia) values (20, 'Nurse', '2017-03-18', '2018-12-19', 20, 20);
insert into aerolinea.Licencia (idLicencia, descripcion, fechaAprobacion, fechaVencimiento, Piloto_idPiloto, TipoLicencia_idTipoLicencia) values (21, 'Software Test Engineer III', '2017-09-03', '2015-12-03', 21, 21);
insert into aerolinea.Licencia (idLicencia, descripcion, fechaAprobacion, fechaVencimiento, Piloto_idPiloto, TipoLicencia_idTipoLicencia) values (22, 'Community Outreach Specialist', '2017-06-01', '2017-01-27', 22, 22);
insert into aerolinea.Licencia (idLicencia, descripcion, fechaAprobacion, fechaVencimiento, Piloto_idPiloto, TipoLicencia_idTipoLicencia) values (23, 'Business Systems Development Analyst', '2018-07-14', '2016-07-14', 23, 23);
insert into aerolinea.Licencia (idLicencia, descripcion, fechaAprobacion, fechaVencimiento, Piloto_idPiloto, TipoLicencia_idTipoLicencia) values (24, 'Research Assistant IV', '2015-11-14', '2017-04-01', 24, 24);
insert into aerolinea.Licencia (idLicencia, descripcion, fechaAprobacion, fechaVencimiento, Piloto_idPiloto, TipoLicencia_idTipoLicencia) values (25, 'Occupational Therapist', '2017-01-21', '2016-07-23', 25, 25);
insert into aerolinea.Licencia (idLicencia, descripcion, fechaAprobacion, fechaVencimiento, Piloto_idPiloto, TipoLicencia_idTipoLicencia) values (26, 'Engineer IV', '2016-03-12', '2019-01-05', 26, 26);
insert into aerolinea.Licencia (idLicencia, descripcion, fechaAprobacion, fechaVencimiento, Piloto_idPiloto, TipoLicencia_idTipoLicencia) values (27, 'Project Manager', '2018-06-14', '2016-10-31', 27, 27);
insert into aerolinea.Licencia (idLicencia, descripcion, fechaAprobacion, fechaVencimiento, Piloto_idPiloto, TipoLicencia_idTipoLicencia) values (28, 'Senior Developer', '2016-01-05', '2016-11-13', 28, 28);
insert into aerolinea.Licencia (idLicencia, descripcion, fechaAprobacion, fechaVencimiento, Piloto_idPiloto, TipoLicencia_idTipoLicencia) values (29, 'Paralegal', '2017-10-02', '2015-12-09', 29, 29);
insert into aerolinea.Licencia (idLicencia, descripcion, fechaAprobacion, fechaVencimiento, Piloto_idPiloto, TipoLicencia_idTipoLicencia) values (30, 'Senior Quality Engineer', '2019-01-05', '2015-12-27', 30, 30);
